Pasta;Arquivo;Tempo_Segundos
aleatorios;a100.txt;0.000010
aleatorios;a100.txt;0.000009
aleatorios;a100.txt;0.000009
aleatorios;a100.txt;0.000010
aleatorios;a100.txt;0.000014
aleatorios;a100.txt;0.000011
aleatorios;a100.txt;0.000012
aleatorios;a100.txt;0.000014
aleatorios;a100.txt;0.000015
aleatorios;a100.txt;0.000016
aleatorios;a100.txt;0.000018
aleatorios;a100.txt;0.000020
aleatorios;a100.txt;0.000016
aleatorios;a100.txt;0.000021
aleatorios;a100.txt;0.000019
aleatorios;a100.txt;0.000022
aleatorios;a100.txt;0.000019
aleatorios;a100.txt;0.000021
aleatorios;a100.txt;0.000019
aleatorios;a100.txt;0.000017
aleatorios;a100.txt;0.000018
aleatorios;a100.txt;0.000021
aleatorios;a100.txt;0.000015
aleatorios;a100.txt;0.000020
aleatorios;a100.txt;0.000020
aleatorios;a100.txt;0.000020
aleatorios;a100.txt;0.000018
aleatorios;a100.txt;0.000016
aleatorios;a100.txt;0.000016
aleatorios;a100.txt;0.000014
aleatorios;a200.txt;0.000019
aleatorios;a200.txt;0.000025
aleatorios;a200.txt;0.000019
aleatorios;a200.txt;0.000027
aleatorios;a200.txt;0.000027
aleatorios;a200.txt;0.000025
aleatorios;a200.txt;0.000026
aleatorios;a200.txt;0.000028
aleatorios;a200.txt;0.000025
aleatorios;a200.txt;0.000023
aleatorios;a200.txt;0.000021
aleatorios;a200.txt;0.000028
aleatorios;a200.txt;0.000026
aleatorios;a200.txt;0.000028
aleatorios;a200.txt;0.000030
aleatorios;a200.txt;0.000030
aleatorios;a200.txt;0.000027
aleatorios;a200.txt;0.000030
aleatorios;a200.txt;0.000031
aleatorios;a200.txt;0.000032
aleatorios;a200.txt;0.000028
aleatorios;a200.txt;0.000019
aleatorios;a200.txt;0.000031
aleatorios;a200.txt;0.000025
aleatorios;a200.txt;0.000026
aleatorios;a200.txt;0.000024
aleatorios;a200.txt;0.000018
aleatorios;a200.txt;0.000022
aleatorios;a200.txt;0.000023
aleatorios;a200.txt;0.000019
aleatorios;a500.txt;0.000075
aleatorios;a500.txt;0.000066
aleatorios;a500.txt;0.000089
aleatorios;a500.txt;0.000111
aleatorios;a500.txt;0.000126
aleatorios;a500.txt;0.000136
aleatorios;a500.txt;0.000137
aleatorios;a500.txt;0.000146
aleatorios;a500.txt;0.000136
aleatorios;a500.txt;0.000133
aleatorios;a500.txt;0.000129
aleatorios;a500.txt;0.000175
aleatorios;a500.txt;0.000127
aleatorios;a500.txt;0.000135
aleatorios;a500.txt;0.000133
aleatorios;a500.txt;0.000135
aleatorios;a500.txt;0.000144
aleatorios;a500.txt;0.000136
aleatorios;a500.txt;0.000136
aleatorios;a500.txt;0.000130
aleatorios;a500.txt;0.000138
aleatorios;a500.txt;0.000130
aleatorios;a500.txt;0.000132
aleatorios;a500.txt;0.000129
aleatorios;a500.txt;0.000133
aleatorios;a500.txt;0.000130
aleatorios;a500.txt;0.000138
aleatorios;a500.txt;0.000132
aleatorios;a500.txt;0.000149
aleatorios;a500.txt;0.000135
aleatorios;a1000.txt;0.000281
aleatorios;a1000.txt;0.000273
aleatorios;a1000.txt;0.000275
aleatorios;a1000.txt;0.000278
aleatorios;a1000.txt;0.000270
aleatorios;a1000.txt;0.000271
aleatorios;a1000.txt;0.000281
aleatorios;a1000.txt;0.000254
aleatorios;a1000.txt;0.000283
aleatorios;a1000.txt;0.000256
aleatorios;a1000.txt;0.000263
aleatorios;a1000.txt;0.000249
aleatorios;a1000.txt;0.000256
aleatorios;a1000.txt;0.000281
aleatorios;a1000.txt;0.000251
aleatorios;a1000.txt;0.000271
aleatorios;a1000.txt;0.000262
aleatorios;a1000.txt;0.000274
aleatorios;a1000.txt;0.000281
aleatorios;a1000.txt;0.000262
aleatorios;a1000.txt;0.000258
aleatorios;a1000.txt;0.000251
aleatorios;a1000.txt;0.000263
aleatorios;a1000.txt;0.000243
aleatorios;a1000.txt;0.000270
aleatorios;a1000.txt;0.000269
aleatorios;a1000.txt;0.000279
aleatorios;a1000.txt;0.000293
aleatorios;a1000.txt;0.000272
aleatorios;a1000.txt;0.000263
aleatorios;a2000.txt;0.000616
aleatorios;a2000.txt;0.000541
aleatorios;a2000.txt;0.000569
aleatorios;a2000.txt;0.000571
aleatorios;a2000.txt;0.000607
aleatorios;a2000.txt;0.000568
aleatorios;a2000.txt;0.000547
aleatorios;a2000.txt;0.000573
aleatorios;a2000.txt;0.000573
aleatorios;a2000.txt;0.000598
aleatorios;a2000.txt;0.000567
aleatorios;a2000.txt;0.000565
aleatorios;a2000.txt;0.000715
aleatorios;a2000.txt;0.000651
aleatorios;a2000.txt;0.000574
aleatorios;a2000.txt;0.000607
aleatorios;a2000.txt;0.000581
aleatorios;a2000.txt;0.000617
aleatorios;a2000.txt;0.000650
aleatorios;a2000.txt;0.000559
aleatorios;a2000.txt;0.000545
aleatorios;a2000.txt;0.000559
aleatorios;a2000.txt;0.000615
aleatorios;a2000.txt;0.000568
aleatorios;a2000.txt;0.000612
aleatorios;a2000.txt;0.000542
aleatorios;a2000.txt;0.000623
aleatorios;a2000.txt;0.000544
aleatorios;a2000.txt;0.000541
aleatorios;a2000.txt;0.000571
aleatorios;a5000.txt;0.001538
aleatorios;a5000.txt;0.001551
aleatorios;a5000.txt;0.001575
aleatorios;a5000.txt;0.001691
aleatorios;a5000.txt;0.001481
aleatorios;a5000.txt;0.001619
aleatorios;a5000.txt;0.001484
aleatorios;a5000.txt;0.001612
aleatorios;a5000.txt;0.001685
aleatorios;a5000.txt;0.001511
aleatorios;a5000.txt;0.001685
aleatorios;a5000.txt;0.001834
aleatorios;a5000.txt;0.001633
aleatorios;a5000.txt;0.001692
aleatorios;a5000.txt;0.001700
aleatorios;a5000.txt;0.001771
aleatorios;a5000.txt;0.001594
aleatorios;a5000.txt;0.001596
aleatorios;a5000.txt;0.001740
aleatorios;a5000.txt;0.001624
aleatorios;a5000.txt;0.001427
aleatorios;a5000.txt;0.001253
aleatorios;a5000.txt;0.000919
aleatorios;a5000.txt;0.001428
aleatorios;a5000.txt;0.001612
aleatorios;a5000.txt;0.001623
aleatorios;a5000.txt;0.001703
aleatorios;a5000.txt;0.001628
aleatorios;a5000.txt;0.001685
aleatorios;a5000.txt;0.001692
aleatorios;a7500.txt;0.002473
aleatorios;a7500.txt;0.002491
aleatorios;a7500.txt;0.002549
aleatorios;a7500.txt;0.002578
aleatorios;a7500.txt;0.002474
aleatorios;a7500.txt;0.002413
aleatorios;a7500.txt;0.002555
aleatorios;a7500.txt;0.002522
aleatorios;a7500.txt;0.002486
aleatorios;a7500.txt;0.002409
aleatorios;a7500.txt;0.002474
aleatorios;a7500.txt;0.002490
aleatorios;a7500.txt;0.002490
aleatorios;a7500.txt;0.002653
aleatorios;a7500.txt;0.001796
aleatorios;a7500.txt;0.002384
aleatorios;a7500.txt;0.002413
aleatorios;a7500.txt;0.002407
aleatorios;a7500.txt;0.002474
aleatorios;a7500.txt;0.002487
aleatorios;a7500.txt;0.002596
aleatorios;a7500.txt;0.001326
aleatorios;a7500.txt;0.002523
aleatorios;a7500.txt;0.002498
aleatorios;a7500.txt;0.002410
aleatorios;a7500.txt;0.002480
aleatorios;a7500.txt;0.002432
aleatorios;a7500.txt;0.002449
aleatorios;a7500.txt;0.002135
aleatorios;a7500.txt;0.001345
aleatorios;a10000.txt;0.001305
aleatorios;a10000.txt;0.002272
aleatorios;a10000.txt;0.003404
aleatorios;a10000.txt;0.003467
aleatorios;a10000.txt;0.003288
aleatorios;a10000.txt;0.002440
aleatorios;a10000.txt;0.002519
aleatorios;a10000.txt;0.002692
aleatorios;a10000.txt;0.003698
aleatorios;a10000.txt;0.003398
aleatorios;a10000.txt;0.001209
aleatorios;a10000.txt;0.003205
aleatorios;a10000.txt;0.001373
aleatorios;a10000.txt;0.003194
aleatorios;a10000.txt;0.003221
aleatorios;a10000.txt;0.002544
aleatorios;a10000.txt;0.003331
aleatorios;a10000.txt;0.003216
aleatorios;a10000.txt;0.003178
aleatorios;a10000.txt;0.003484
aleatorios;a10000.txt;0.002289
aleatorios;a10000.txt;0.002896
aleatorios;a10000.txt;0.002123
aleatorios;a10000.txt;0.001821
aleatorios;a10000.txt;0.001353
aleatorios;a10000.txt;0.001419
aleatorios;a10000.txt;0.001707
aleatorios;a10000.txt;0.002090
aleatorios;a10000.txt;0.003219
aleatorios;a10000.txt;0.001963
aleatorios;a15000.txt;0.005067
aleatorios;a15000.txt;0.004685
aleatorios;a15000.txt;0.003203
aleatorios;a15000.txt;0.003050
aleatorios;a15000.txt;0.005183
aleatorios;a15000.txt;0.004915
aleatorios;a15000.txt;0.003890
aleatorios;a15000.txt;0.005266
aleatorios;a15000.txt;0.004882
aleatorios;a15000.txt;0.005035
aleatorios;a15000.txt;0.003058
aleatorios;a15000.txt;0.004492
aleatorios;a15000.txt;0.002131
aleatorios;a15000.txt;0.004010
aleatorios;a15000.txt;0.004729
aleatorios;a15000.txt;0.003871
aleatorios;a15000.txt;0.003821
aleatorios;a15000.txt;0.003833
aleatorios;a15000.txt;0.004249
aleatorios;a15000.txt;0.004083
aleatorios;a15000.txt;0.002614
aleatorios;a15000.txt;0.004427
aleatorios;a15000.txt;0.004604
aleatorios;a15000.txt;0.004020
aleatorios;a15000.txt;0.002676
aleatorios;a15000.txt;0.004551
aleatorios;a15000.txt;0.004583
aleatorios;a15000.txt;0.004139
aleatorios;a15000.txt;0.002141
aleatorios;a15000.txt;0.005052
aleatorios;a30000.txt;0.007140
aleatorios;a30000.txt;0.004928
aleatorios;a30000.txt;0.004067
aleatorios;a30000.txt;0.004274
aleatorios;a30000.txt;0.006783
aleatorios;a30000.txt;0.003967
aleatorios;a30000.txt;0.007213
aleatorios;a30000.txt;0.004192
aleatorios;a30000.txt;0.005519
aleatorios;a30000.txt;0.003987
aleatorios;a30000.txt;0.006217
aleatorios;a30000.txt;0.005476
aleatorios;a30000.txt;0.004003
aleatorios;a30000.txt;0.008708
aleatorios;a30000.txt;0.005062
aleatorios;a30000.txt;0.004529
aleatorios;a30000.txt;0.003956
aleatorios;a30000.txt;0.003910
aleatorios;a30000.txt;0.004191
aleatorios;a30000.txt;0.004651
aleatorios;a30000.txt;0.004977
aleatorios;a30000.txt;0.004489
aleatorios;a30000.txt;0.004173
aleatorios;a30000.txt;0.003959
aleatorios;a30000.txt;0.004402
aleatorios;a30000.txt;0.003877
aleatorios;a30000.txt;0.004458
aleatorios;a30000.txt;0.004292
aleatorios;a30000.txt;0.005114
aleatorios;a30000.txt;0.003926
aleatorios;a50000.txt;0.006637
aleatorios;a50000.txt;0.006600
aleatorios;a50000.txt;0.006981
aleatorios;a50000.txt;0.006879
aleatorios;a50000.txt;0.006938
aleatorios;a50000.txt;0.006908
aleatorios;a50000.txt;0.006767
aleatorios;a50000.txt;0.007252
aleatorios;a50000.txt;0.007562
aleatorios;a50000.txt;0.006662
aleatorios;a50000.txt;0.006767
aleatorios;a50000.txt;0.007321
aleatorios;a50000.txt;0.007060
aleatorios;a50000.txt;0.008139
aleatorios;a50000.txt;0.010193
aleatorios;a50000.txt;0.008844
aleatorios;a50000.txt;0.006751
aleatorios;a50000.txt;0.006649
aleatorios;a50000.txt;0.006710
aleatorios;a50000.txt;0.007027
aleatorios;a50000.txt;0.006811
aleatorios;a50000.txt;0.006793
aleatorios;a50000.txt;0.009606
aleatorios;a50000.txt;0.006748
aleatorios;a50000.txt;0.007589
aleatorios;a50000.txt;0.006605
aleatorios;a50000.txt;0.007148
aleatorios;a50000.txt;0.006899
aleatorios;a50000.txt;0.009138
aleatorios;a50000.txt;0.006927
aleatorios;a75000.txt;0.010750
aleatorios;a75000.txt;0.010551
aleatorios;a75000.txt;0.010702
aleatorios;a75000.txt;0.010585
aleatorios;a75000.txt;0.015487
aleatorios;a75000.txt;0.010258
aleatorios;a75000.txt;0.010549
aleatorios;a75000.txt;0.010808
aleatorios;a75000.txt;0.010338
aleatorios;a75000.txt;0.010379
aleatorios;a75000.txt;0.010552
aleatorios;a75000.txt;0.010589
aleatorios;a75000.txt;0.010664
aleatorios;a75000.txt;0.010267
aleatorios;a75000.txt;0.010335
aleatorios;a75000.txt;0.010168
aleatorios;a75000.txt;0.010659
aleatorios;a75000.txt;0.010420
aleatorios;a75000.txt;0.010516
aleatorios;a75000.txt;0.010781
aleatorios;a75000.txt;0.010969
aleatorios;a75000.txt;0.011377
aleatorios;a75000.txt;0.010445
aleatorios;a75000.txt;0.010681
aleatorios;a75000.txt;0.010283
aleatorios;a75000.txt;0.011520
aleatorios;a75000.txt;0.010531
aleatorios;a75000.txt;0.010469
aleatorios;a75000.txt;0.011068
aleatorios;a75000.txt;0.010508
aleatorios;a100000.txt;0.014429
aleatorios;a100000.txt;0.014082
aleatorios;a100000.txt;0.015112
aleatorios;a100000.txt;0.014023
aleatorios;a100000.txt;0.013920
aleatorios;a100000.txt;0.014749
aleatorios;a100000.txt;0.014198
aleatorios;a100000.txt;0.013918
aleatorios;a100000.txt;0.014154
aleatorios;a100000.txt;0.014533
aleatorios;a100000.txt;0.014308
aleatorios;a100000.txt;0.013954
aleatorios;a100000.txt;0.014350
aleatorios;a100000.txt;0.013978
aleatorios;a100000.txt;0.014845
aleatorios;a100000.txt;0.014167
aleatorios;a100000.txt;0.013914
aleatorios;a100000.txt;0.014619
aleatorios;a100000.txt;0.014160
aleatorios;a100000.txt;0.014496
aleatorios;a100000.txt;0.014037
aleatorios;a100000.txt;0.014440
aleatorios;a100000.txt;0.014177
aleatorios;a100000.txt;0.014275
aleatorios;a100000.txt;0.014088
aleatorios;a100000.txt;0.014799
aleatorios;a100000.txt;0.013885
aleatorios;a100000.txt;0.015151
aleatorios;a100000.txt;0.014126
aleatorios;a100000.txt;0.014427
aleatorios;a200000.txt;0.029574
aleatorios;a200000.txt;0.029669
aleatorios;a200000.txt;0.029477
aleatorios;a200000.txt;0.028926
aleatorios;a200000.txt;0.028806
aleatorios;a200000.txt;0.029115
aleatorios;a200000.txt;0.029608
aleatorios;a200000.txt;0.029191
aleatorios;a200000.txt;0.029466
aleatorios;a200000.txt;0.029044
aleatorios;a200000.txt;0.029503
aleatorios;a200000.txt;0.029641
aleatorios;a200000.txt;0.029253
aleatorios;a200000.txt;0.030008
aleatorios;a200000.txt;0.029392
aleatorios;a200000.txt;0.030528
aleatorios;a200000.txt;0.029668
aleatorios;a200000.txt;0.029264
aleatorios;a200000.txt;0.029802
aleatorios;a200000.txt;0.028839
aleatorios;a200000.txt;0.028918
aleatorios;a200000.txt;0.029924
aleatorios;a200000.txt;0.029366
aleatorios;a200000.txt;0.029536
aleatorios;a200000.txt;0.028983
aleatorios;a200000.txt;0.028735
aleatorios;a200000.txt;0.028674
aleatorios;a200000.txt;0.029352
aleatorios;a200000.txt;0.030220
aleatorios;a200000.txt;0.030790
aleatorios;a500000.txt;0.076708
aleatorios;a500000.txt;0.074590
aleatorios;a500000.txt;0.077430
aleatorios;a500000.txt;0.076227
aleatorios;a500000.txt;0.077443
aleatorios;a500000.txt;0.076846
aleatorios;a500000.txt;0.076855
aleatorios;a500000.txt;0.076562
aleatorios;a500000.txt;0.075382
aleatorios;a500000.txt;0.077039
aleatorios;a500000.txt;0.075658
aleatorios;a500000.txt;0.076508
aleatorios;a500000.txt;0.076678
aleatorios;a500000.txt;0.075852
aleatorios;a500000.txt;0.076367
aleatorios;a500000.txt;0.077662
aleatorios;a500000.txt;0.075786
aleatorios;a500000.txt;0.076363
aleatorios;a500000.txt;0.075351
aleatorios;a500000.txt;0.075755
aleatorios;a500000.txt;0.075213
aleatorios;a500000.txt;0.077114
aleatorios;a500000.txt;0.077311
aleatorios;a500000.txt;0.075628
aleatorios;a500000.txt;0.075886
aleatorios;a500000.txt;0.078258
aleatorios;a500000.txt;0.077837
aleatorios;a500000.txt;0.076475
aleatorios;a500000.txt;0.075929
aleatorios;a500000.txt;0.076965
aleatorios;a750000.txt;0.119128
aleatorios;a750000.txt;0.116508
aleatorios;a750000.txt;0.116313
aleatorios;a750000.txt;0.116289
aleatorios;a750000.txt;0.118144
aleatorios;a750000.txt;0.116246
aleatorios;a750000.txt;0.117106
aleatorios;a750000.txt;0.116183
aleatorios;a750000.txt;0.116697
aleatorios;a750000.txt;0.116461
aleatorios;a750000.txt;0.117451
aleatorios;a750000.txt;0.116451
aleatorios;a750000.txt;0.118578
aleatorios;a750000.txt;0.116485
aleatorios;a750000.txt;0.116854
aleatorios;a750000.txt;0.116494
aleatorios;a750000.txt;0.118207
aleatorios;a750000.txt;0.116496
aleatorios;a750000.txt;0.117228
aleatorios;a750000.txt;0.117186
aleatorios;a750000.txt;0.115375
aleatorios;a750000.txt;0.116797
aleatorios;a750000.txt;0.114946
aleatorios;a750000.txt;0.115576
aleatorios;a750000.txt;0.118400
aleatorios;a750000.txt;0.118009
aleatorios;a750000.txt;0.117915
aleatorios;a750000.txt;0.115952
aleatorios;a750000.txt;0.116336
aleatorios;a750000.txt;0.117505
aleatorios;a1000000.txt;0.158606
aleatorios;a1000000.txt;0.156579
aleatorios;a1000000.txt;0.157968
aleatorios;a1000000.txt;0.155362
aleatorios;a1000000.txt;0.157509
aleatorios;a1000000.txt;0.157217
aleatorios;a1000000.txt;0.158704
aleatorios;a1000000.txt;0.157220
aleatorios;a1000000.txt;0.156258
aleatorios;a1000000.txt;0.158467
aleatorios;a1000000.txt;0.157408
aleatorios;a1000000.txt;0.157488
aleatorios;a1000000.txt;0.159704
aleatorios;a1000000.txt;0.158631
aleatorios;a1000000.txt;0.155948
aleatorios;a1000000.txt;0.159062
aleatorios;a1000000.txt;0.157376
aleatorios;a1000000.txt;0.156322
aleatorios;a1000000.txt;0.157773
aleatorios;a1000000.txt;0.156465
aleatorios;a1000000.txt;0.157908
aleatorios;a1000000.txt;0.157068
aleatorios;a1000000.txt;0.155749
aleatorios;a1000000.txt;0.156080
aleatorios;a1000000.txt;0.157678
aleatorios;a1000000.txt;0.156110
aleatorios;a1000000.txt;0.156971
aleatorios;a1000000.txt;0.157855
aleatorios;a1000000.txt;0.158295
aleatorios;a1000000.txt;0.156006
aleatorios;a1250000.txt;0.196364
aleatorios;a1250000.txt;0.200484
aleatorios;a1250000.txt;0.199884
aleatorios;a1250000.txt;0.199320
aleatorios;a1250000.txt;0.199763
aleatorios;a1250000.txt;0.196608
aleatorios;a1250000.txt;0.197039
aleatorios;a1250000.txt;0.197447
aleatorios;a1250000.txt;0.196797
aleatorios;a1250000.txt;0.199338
aleatorios;a1250000.txt;0.197332
aleatorios;a1250000.txt;0.198158
aleatorios;a1250000.txt;0.195100
aleatorios;a1250000.txt;0.198767
aleatorios;a1250000.txt;0.196208
aleatorios;a1250000.txt;0.196907
aleatorios;a1250000.txt;0.196695
aleatorios;a1250000.txt;0.198510
aleatorios;a1250000.txt;0.197125
aleatorios;a1250000.txt;0.198042
aleatorios;a1250000.txt;0.197091
aleatorios;a1250000.txt;0.198371
aleatorios;a1250000.txt;0.197321
aleatorios;a1250000.txt;0.197727
aleatorios;a1250000.txt;0.195921
aleatorios;a1250000.txt;0.196500
aleatorios;a1250000.txt;0.199789
aleatorios;a1250000.txt;0.196736
aleatorios;a1250000.txt;0.199464
aleatorios;a1250000.txt;0.197090
aleatorios;a1500000.txt;0.240674
aleatorios;a1500000.txt;0.242297
aleatorios;a1500000.txt;0.242441
aleatorios;a1500000.txt;0.239044
aleatorios;a1500000.txt;0.240450
aleatorios;a1500000.txt;0.243165
aleatorios;a1500000.txt;0.240678
aleatorios;a1500000.txt;0.239978
aleatorios;a1500000.txt;0.240812
aleatorios;a1500000.txt;0.240979
aleatorios;a1500000.txt;0.240912
aleatorios;a1500000.txt;0.242167
aleatorios;a1500000.txt;0.239167
aleatorios;a1500000.txt;0.239131
aleatorios;a1500000.txt;0.238796
aleatorios;a1500000.txt;0.240725
aleatorios;a1500000.txt;0.244703
aleatorios;a1500000.txt;0.240488
aleatorios;a1500000.txt;0.242114
aleatorios;a1500000.txt;0.241380
aleatorios;a1500000.txt;0.239702
aleatorios;a1500000.txt;0.241233
aleatorios;a1500000.txt;0.240931
aleatorios;a1500000.txt;0.237979
aleatorios;a1500000.txt;0.241744
aleatorios;a1500000.txt;0.237430
aleatorios;a1500000.txt;0.240151
aleatorios;a1500000.txt;0.242138
aleatorios;a1500000.txt;0.239797
aleatorios;a1500000.txt;0.242400
aleatorios;a2000000.txt;0.325091
aleatorios;a2000000.txt;0.322913
aleatorios;a2000000.txt;0.320772
aleatorios;a2000000.txt;0.324085
aleatorios;a2000000.txt;0.323217
aleatorios;a2000000.txt;0.325988
aleatorios;a2000000.txt;0.323066
aleatorios;a2000000.txt;0.325567
aleatorios;a2000000.txt;0.325209
aleatorios;a2000000.txt;0.326171
aleatorios;a2000000.txt;0.324625
aleatorios;a2000000.txt;0.320080
aleatorios;a2000000.txt;0.322506
aleatorios;a2000000.txt;0.323258
aleatorios;a2000000.txt;0.323280
aleatorios;a2000000.txt;0.324509
aleatorios;a2000000.txt;0.326296
aleatorios;a2000000.txt;0.325234
aleatorios;a2000000.txt;0.323984
aleatorios;a2000000.txt;0.323804
aleatorios;a2000000.txt;0.324220
aleatorios;a2000000.txt;0.326919
aleatorios;a2000000.txt;0.326358
aleatorios;a2000000.txt;0.322778
aleatorios;a2000000.txt;0.324375
aleatorios;a2000000.txt;0.322516
aleatorios;a2000000.txt;0.325969
aleatorios;a2000000.txt;0.323859
aleatorios;a2000000.txt;0.321215
aleatorios;a2000000.txt;0.326202
