aleatorios;a100.txt;0,000205
aleatorios;a100.txt;0,000222
aleatorios;a100.txt;0,000198
aleatorios;a100.txt;0,000193
aleatorios;a100.txt;0,000203
aleatorios;a100.txt;0,000192
aleatorios;a100.txt;0,000209
aleatorios;a100.txt;0,000215
aleatorios;a100.txt;0,000200
aleatorios;a100.txt;0,000199
aleatorios;a100.txt;0,000200
aleatorios;a100.txt;0,000226
aleatorios;a100.txt;0,000193
aleatorios;a100.txt;0,000198
aleatorios;a100.txt;0,000191
aleatorios;a100.txt;0,000196
aleatorios;a100.txt;0,000221
aleatorios;a100.txt;0,000206
aleatorios;a100.txt;0,000198
aleatorios;a100.txt;0,000192
aleatorios;a100.txt;0,000203
aleatorios;a100.txt;0,000203
aleatorios;a100.txt;0,000200
aleatorios;a100.txt;0,000195
aleatorios;a100.txt;0,000324
aleatorios;a100.txt;0,000197
aleatorios;a100.txt;0,000192
aleatorios;a100.txt;0,000193
aleatorios;a100.txt;0,000192
aleatorios;a100.txt;0,000200
aleatorios;a200.txt;0,000215
aleatorios;a200.txt;0,000264
aleatorios;a200.txt;0,000233
aleatorios;a200.txt;0,000221
aleatorios;a200.txt;0,000323
aleatorios;a200.txt;0,000222
aleatorios;a200.txt;0,000483
aleatorios;a200.txt;0,000228
aleatorios;a200.txt;0,000228
aleatorios;a200.txt;0,000222
aleatorios;a200.txt;0,000226
aleatorios;a200.txt;0,000233
aleatorios;a200.txt;0,000220
aleatorios;a200.txt;0,000226
aleatorios;a200.txt;0,000228
aleatorios;a200.txt;0,000223
aleatorios;a200.txt;0,000221
aleatorios;a200.txt;0,000278
aleatorios;a200.txt;0,000226
aleatorios;a200.txt;0,000223
aleatorios;a200.txt;0,000321
aleatorios;a200.txt;0,000222
aleatorios;a200.txt;0,000231
aleatorios;a200.txt;0,000474
aleatorios;a200.txt;0,000260
aleatorios;a200.txt;0,000227
aleatorios;a200.txt;0,000243
aleatorios;a200.txt;0,000227
aleatorios;a200.txt;0,000293
aleatorios;a200.txt;0,000219
aleatorios;a500.txt;0,000289
aleatorios;a500.txt;0,000318
aleatorios;a500.txt;0,000290
aleatorios;a500.txt;0,000329
aleatorios;a500.txt;0,000289
aleatorios;a500.txt;0,000377
aleatorios;a500.txt;0,000297
aleatorios;a500.txt;0,000292
aleatorios;a500.txt;0,000301
aleatorios;a500.txt;0,000327
aleatorios;a500.txt;0,000300
aleatorios;a500.txt;0,000400
aleatorios;a500.txt;0,000308
aleatorios;a500.txt;0,000331
aleatorios;a500.txt;0,000329
aleatorios;a500.txt;0,000316
aleatorios;a500.txt;0,000351
aleatorios;a500.txt;0,000297
aleatorios;a500.txt;0,000326
aleatorios;a500.txt;0,000303
aleatorios;a500.txt;0,000432
aleatorios;a500.txt;0,000295
aleatorios;a500.txt;0,000294
aleatorios;a500.txt;0,000303
aleatorios;a500.txt;0,000313
aleatorios;a500.txt;0,000319
aleatorios;a500.txt;0,000291
aleatorios;a500.txt;0,000321
aleatorios;a500.txt;0,000363
aleatorios;a500.txt;0,000308
aleatorios;a1000.txt;0,000426
aleatorios;a1000.txt;0,000434
aleatorios;a1000.txt;0,000413
aleatorios;a1000.txt;0,000422
aleatorios;a1000.txt;0,000766
aleatorios;a1000.txt;0,000412
aleatorios;a1000.txt;0,000501
aleatorios;a1000.txt;0,000426
aleatorios;a1000.txt;0,000411
aleatorios;a1000.txt;0,000462
aleatorios;a1000.txt;0,000452
aleatorios;a1000.txt;0,000478
aleatorios;a1000.txt;0,000417
aleatorios;a1000.txt;0,000436
aleatorios;a1000.txt;0,000419
aleatorios;a1000.txt;0,000425
aleatorios;a1000.txt;0,000428
aleatorios;a1000.txt;0,000439
aleatorios;a1000.txt;0,000429
aleatorios;a1000.txt;0,000405
aleatorios;a1000.txt;0,000427
aleatorios;a1000.txt;0,000441
aleatorios;a1000.txt;0,000439
aleatorios;a1000.txt;0,000409
aleatorios;a1000.txt;0,000520
aleatorios;a1000.txt;0,000409
aleatorios;a1000.txt;0,000441
aleatorios;a1000.txt;0,000429
aleatorios;a1000.txt;0,000408
aleatorios;a1000.txt;0,000480
aleatorios;a2000.txt;0,000659
aleatorios;a2000.txt;0,000647
aleatorios;a2000.txt;0,000661
aleatorios;a2000.txt;0,000668
aleatorios;a2000.txt;0,000688
aleatorios;a2000.txt;0,000757
aleatorios;a2000.txt;0,000685
aleatorios;a2000.txt;0,000646
aleatorios;a2000.txt;0,000940
aleatorios;a2000.txt;0,000673
aleatorios;a2000.txt;0,000976
aleatorios;a2000.txt;0,000670
aleatorios;a2000.txt;0,000658
aleatorios;a2000.txt;0,000667
aleatorios;a2000.txt;0,000656
aleatorios;a2000.txt;0,000643
aleatorios;a2000.txt;0,000651
aleatorios;a2000.txt;0,000671
aleatorios;a2000.txt;0,000647
aleatorios;a2000.txt;0,000657
aleatorios;a2000.txt;0,000721
aleatorios;a2000.txt;0,000665
aleatorios;a2000.txt;0,000655
aleatorios;a2000.txt;0,000664
aleatorios;a2000.txt;0,001821
aleatorios;a2000.txt;0,000651
aleatorios;a2000.txt;0,000658
aleatorios;a2000.txt;0,000686
aleatorios;a2000.txt;0,000654
aleatorios;a2000.txt;0,000667
aleatorios;a5000.txt;0,001963
aleatorios;a5000.txt;0,001479
aleatorios;a5000.txt;0,001504
aleatorios;a5000.txt;0,001483
aleatorios;a5000.txt;0,001480
aleatorios;a5000.txt;0,001498
aleatorios;a5000.txt;0,001537
aleatorios;a5000.txt;0,001482
aleatorios;a5000.txt;0,001482
aleatorios;a5000.txt;0,001485
aleatorios;a5000.txt;0,001487
aleatorios;a5000.txt;0,001498
aleatorios;a5000.txt;0,001493
aleatorios;a5000.txt;0,001486
aleatorios;a5000.txt;0,001472
aleatorios;a5000.txt;0,001474
aleatorios;a5000.txt;0,001480
aleatorios;a5000.txt;0,001655
aleatorios;a5000.txt;0,001482
aleatorios;a5000.txt;0,001484
aleatorios;a5000.txt;0,001504
aleatorios;a5000.txt;0,001477
aleatorios;a5000.txt;0,001486
aleatorios;a5000.txt;0,001504
aleatorios;a5000.txt;0,001496
aleatorios;a5000.txt;0,001485
aleatorios;a5000.txt;0,001491
aleatorios;a5000.txt;0,001487
aleatorios;a5000.txt;0,001495
aleatorios;a5000.txt;0,001512
aleatorios;a7500.txt;0,001941
aleatorios;a7500.txt;0,002015
aleatorios;a7500.txt;0,002337
aleatorios;a7500.txt;0,001938
aleatorios;a7500.txt;0,002022
aleatorios;a7500.txt;0,002028
aleatorios;a7500.txt;0,001939
aleatorios;a7500.txt;0,001911
aleatorios;a7500.txt;0,001915
aleatorios;a7500.txt;0,001992
aleatorios;a7500.txt;0,001992
aleatorios;a7500.txt;0,001926
aleatorios;a7500.txt;0,001958
aleatorios;a7500.txt;0,001975
aleatorios;a7500.txt;0,001948
aleatorios;a7500.txt;0,002320
aleatorios;a7500.txt;0,002058
aleatorios;a7500.txt;0,001980
aleatorios;a7500.txt;0,001942
aleatorios;a7500.txt;0,002038
aleatorios;a7500.txt;0,001990
aleatorios;a7500.txt;0,001994
aleatorios;a7500.txt;0,001940
aleatorios;a7500.txt;0,001975
aleatorios;a7500.txt;0,001973
aleatorios;a7500.txt;0,001921
aleatorios;a7500.txt;0,002142
aleatorios;a7500.txt;0,002003
aleatorios;a7500.txt;0,002044
aleatorios;a7500.txt;0,001975
aleatorios;a10000.txt;0,002574
aleatorios;a10000.txt;0,002570
aleatorios;a10000.txt;0,002501
aleatorios;a10000.txt;0,002607
aleatorios;a10000.txt;0,002589
aleatorios;a10000.txt;0,002583
aleatorios;a10000.txt;0,002601
aleatorios;a10000.txt;0,002667
aleatorios;a10000.txt;0,002623
aleatorios;a10000.txt;0,002543
aleatorios;a10000.txt;0,002709
aleatorios;a10000.txt;0,003015
aleatorios;a10000.txt;0,002521
aleatorios;a10000.txt;0,002561
aleatorios;a10000.txt;0,002572
aleatorios;a10000.txt;0,002617
aleatorios;a10000.txt;0,002670
aleatorios;a10000.txt;0,002594
aleatorios;a10000.txt;0,002616
aleatorios;a10000.txt;0,002533
aleatorios;a10000.txt;0,002658
aleatorios;a10000.txt;0,002624
aleatorios;a10000.txt;0,002625
aleatorios;a10000.txt;0,003126
aleatorios;a10000.txt;0,002574
aleatorios;a10000.txt;0,002603
aleatorios;a10000.txt;0,002598
aleatorios;a10000.txt;0,002569
aleatorios;a10000.txt;0,002576
aleatorios;a10000.txt;0,002589
aleatorios;a15000.txt;0,004791
aleatorios;a15000.txt;0,004750
aleatorios;a15000.txt;0,004914
aleatorios;a15000.txt;0,004864
aleatorios;a15000.txt;0,004818
aleatorios;a15000.txt;0,004786
aleatorios;a15000.txt;0,004750
aleatorios;a15000.txt;0,004840
aleatorios;a15000.txt;0,005757
aleatorios;a15000.txt;0,004725
aleatorios;a15000.txt;0,004743
aleatorios;a15000.txt;0,005363
aleatorios;a15000.txt;0,004882
aleatorios;a15000.txt;0,005588
aleatorios;a15000.txt;0,004855
aleatorios;a15000.txt;0,004855
aleatorios;a15000.txt;0,004764
aleatorios;a15000.txt;0,004833
aleatorios;a15000.txt;0,004930
aleatorios;a15000.txt;0,004772
aleatorios;a15000.txt;0,005675
aleatorios;a15000.txt;0,004732
aleatorios;a15000.txt;0,004814
aleatorios;a15000.txt;0,004742
aleatorios;a15000.txt;0,005679
aleatorios;a15000.txt;0,004868
aleatorios;a15000.txt;0,004861
aleatorios;a15000.txt;0,004916
aleatorios;a15000.txt;0,004900
aleatorios;a15000.txt;0,004760
aleatorios;a30000.txt;0,008165
aleatorios;a30000.txt;0,007702
aleatorios;a30000.txt;0,008075
aleatorios;a30000.txt;0,007843
aleatorios;a30000.txt;0,007830
aleatorios;a30000.txt;0,007887
aleatorios;a30000.txt;0,007837
aleatorios;a30000.txt;0,007810
aleatorios;a30000.txt;0,007791
aleatorios;a30000.txt;0,007840
aleatorios;a30000.txt;0,007617
aleatorios;a30000.txt;0,008007
aleatorios;a30000.txt;0,007814
aleatorios;a30000.txt;0,007801
aleatorios;a30000.txt;0,007710
aleatorios;a30000.txt;0,007873
aleatorios;a30000.txt;0,007994
aleatorios;a30000.txt;0,007804
aleatorios;a30000.txt;0,007679
aleatorios;a30000.txt;0,007708
aleatorios;a30000.txt;0,007724
aleatorios;a30000.txt;0,007824
aleatorios;a30000.txt;0,007773
aleatorios;a30000.txt;0,007810
aleatorios;a30000.txt;0,007901
aleatorios;a30000.txt;0,008021
aleatorios;a30000.txt;0,007749
aleatorios;a30000.txt;0,008743
aleatorios;a30000.txt;0,007813
aleatorios;a30000.txt;0,007756
aleatorios;a50000.txt;0,011751
aleatorios;a50000.txt;0,011737
aleatorios;a50000.txt;0,011622
aleatorios;a50000.txt;0,011755
aleatorios;a50000.txt;0,011768
aleatorios;a50000.txt;0,011777
aleatorios;a50000.txt;0,011631
aleatorios;a50000.txt;0,013737
aleatorios;a50000.txt;0,011554
aleatorios;a50000.txt;0,011454
aleatorios;a50000.txt;0,011821
aleatorios;a50000.txt;0,013455
aleatorios;a50000.txt;0,011840
aleatorios;a50000.txt;0,012199
aleatorios;a50000.txt;0,011769
aleatorios;a50000.txt;0,011530
aleatorios;a50000.txt;0,011624
aleatorios;a50000.txt;0,011663
aleatorios;a50000.txt;0,011523
aleatorios;a50000.txt;0,011585
aleatorios;a50000.txt;0,011642
aleatorios;a50000.txt;0,011630
aleatorios;a50000.txt;0,011874
aleatorios;a50000.txt;0,011608
aleatorios;a50000.txt;0,011857
aleatorios;a50000.txt;0,011658
aleatorios;a50000.txt;0,011618
aleatorios;a50000.txt;0,014017
aleatorios;a50000.txt;0,011532
aleatorios;a50000.txt;0,011696
aleatorios;a75000.txt;0,018782
aleatorios;a75000.txt;0,018045
aleatorios;a75000.txt;0,015574
aleatorios;a75000.txt;0,015194
aleatorios;a75000.txt;0,015321
aleatorios;a75000.txt;0,019080
aleatorios;a75000.txt;0,015242
aleatorios;a75000.txt;0,015173
aleatorios;a75000.txt;0,015292
aleatorios;a75000.txt;0,015266
aleatorios;a75000.txt;0,015164
aleatorios;a75000.txt;0,015309
aleatorios;a75000.txt;0,015092
aleatorios;a75000.txt;0,015482
aleatorios;a75000.txt;0,015081
aleatorios;a75000.txt;0,019106
aleatorios;a75000.txt;0,015347
aleatorios;a75000.txt;0,015041
aleatorios;a75000.txt;0,015079
aleatorios;a75000.txt;0,015062
aleatorios;a75000.txt;0,015248
aleatorios;a75000.txt;0,015619
aleatorios;a75000.txt;0,015239
aleatorios;a75000.txt;0,015256
aleatorios;a75000.txt;0,015068
aleatorios;a75000.txt;0,015246
aleatorios;a75000.txt;0,015083
aleatorios;a75000.txt;0,014930
aleatorios;a75000.txt;0,015198
aleatorios;a75000.txt;0,015229
aleatorios;a100000.txt;0,019941
aleatorios;a100000.txt;0,018169
aleatorios;a100000.txt;0,018550
aleatorios;a100000.txt;0,018197
aleatorios;a100000.txt;0,018232
aleatorios;a100000.txt;0,026377
aleatorios;a100000.txt;0,022071
aleatorios;a100000.txt;0,018622
aleatorios;a100000.txt;0,021633
aleatorios;a100000.txt;0,019911
aleatorios;a100000.txt;0,018533
aleatorios;a100000.txt;0,021924
aleatorios;a100000.txt;0,021934
aleatorios;a100000.txt;0,018369
aleatorios;a100000.txt;0,018356
aleatorios;a100000.txt;0,018576
aleatorios;a100000.txt;0,018374
aleatorios;a100000.txt;0,018669
aleatorios;a100000.txt;0,018417
aleatorios;a100000.txt;0,018736
aleatorios;a100000.txt;0,018374
aleatorios;a100000.txt;0,018528
aleatorios;a100000.txt;0,018314
aleatorios;a100000.txt;0,021876
aleatorios;a100000.txt;0,018293
aleatorios;a100000.txt;0,018293
aleatorios;a100000.txt;0,018476
aleatorios;a100000.txt;0,018343
aleatorios;a100000.txt;0,018262
aleatorios;a100000.txt;0,018934
aleatorios;a200000.txt;0,015851
aleatorios;a200000.txt;0,016036
aleatorios;a200000.txt;0,015868
aleatorios;a200000.txt;0,015717
aleatorios;a200000.txt;0,015921
aleatorios;a200000.txt;0,015747
aleatorios;a200000.txt;0,015802
aleatorios;a200000.txt;0,016100
aleatorios;a200000.txt;0,015789
aleatorios;a200000.txt;0,015874
aleatorios;a200000.txt;0,016396
aleatorios;a200000.txt;0,016058
aleatorios;a200000.txt;0,024474
aleatorios;a200000.txt;0,015915
aleatorios;a200000.txt;0,015748
aleatorios;a200000.txt;0,015920
aleatorios;a200000.txt;0,016123
aleatorios;a200000.txt;0,015798
aleatorios;a200000.txt;0,035246
aleatorios;a200000.txt;0,016034
aleatorios;a200000.txt;0,036639
aleatorios;a200000.txt;0,015885
aleatorios;a200000.txt;0,015839
aleatorios;a200000.txt;0,015931
aleatorios;a200000.txt;0,016040
aleatorios;a200000.txt;0,015956
aleatorios;a200000.txt;0,016287
aleatorios;a200000.txt;0,015794
aleatorios;a200000.txt;0,016052
aleatorios;a200000.txt;0,015966
aleatorios;a500000.txt;0,045105
aleatorios;a500000.txt;0,053736
aleatorios;a500000.txt;0,045328
aleatorios;a500000.txt;0,031688
aleatorios;a500000.txt;0,046411
aleatorios;a500000.txt;0,038570
aleatorios;a500000.txt;0,051935
aleatorios;a500000.txt;0,045871
aleatorios;a500000.txt;0,046191
aleatorios;a500000.txt;0,031847
aleatorios;a500000.txt;0,032336
aleatorios;a500000.txt;0,048470
aleatorios;a500000.txt;0,046633
aleatorios;a500000.txt;0,048185
aleatorios;a500000.txt;0,045537
aleatorios;a500000.txt;0,048080
aleatorios;a500000.txt;0,048256
aleatorios;a500000.txt;0,038798
aleatorios;a500000.txt;0,044753
aleatorios;a500000.txt;0,031509
aleatorios;a500000.txt;0,031785
aleatorios;a500000.txt;0,048873
aleatorios;a500000.txt;0,039481
aleatorios;a500000.txt;0,048775
aleatorios;a500000.txt;0,032534
aleatorios;a500000.txt;0,059309
aleatorios;a500000.txt;0,062867
aleatorios;a500000.txt;0,048478
aleatorios;a500000.txt;0,046081
aleatorios;a500000.txt;0,059983
aleatorios;a750000.txt;0,048319
aleatorios;a750000.txt;0,059726
aleatorios;a750000.txt;0,049386
aleatorios;a750000.txt;0,072799
aleatorios;a750000.txt;0,045675
aleatorios;a750000.txt;0,045238
aleatorios;a750000.txt;0,068557
aleatorios;a750000.txt;0,078138
aleatorios;a750000.txt;0,063718
aleatorios;a750000.txt;0,041238
aleatorios;a750000.txt;0,047273
aleatorios;a750000.txt;0,066681
aleatorios;a750000.txt;0,058144
aleatorios;a750000.txt;0,054219
aleatorios;a750000.txt;0,053318
aleatorios;a750000.txt;0,058965
aleatorios;a750000.txt;0,053770
aleatorios;a750000.txt;0,039928
aleatorios;a750000.txt;0,066715
aleatorios;a750000.txt;0,060199
aleatorios;a750000.txt;0,077192
aleatorios;a750000.txt;0,062274
aleatorios;a750000.txt;0,053819
aleatorios;a750000.txt;0,062139
aleatorios;a750000.txt;0,063901
aleatorios;a750000.txt;0,045373
aleatorios;a750000.txt;0,046164
aleatorios;a750000.txt;0,054023
aleatorios;a750000.txt;0,045685
aleatorios;a750000.txt;0,054074
aleatorios;a1000000.txt;0,071059
aleatorios;a1000000.txt;0,071561
aleatorios;a1000000.txt;0,069228
aleatorios;a1000000.txt;0,074185
aleatorios;a1000000.txt;0,064915
aleatorios;a1000000.txt;0,072154
aleatorios;a1000000.txt;0,072280
aleatorios;a1000000.txt;0,074744
aleatorios;a1000000.txt;0,058139
aleatorios;a1000000.txt;0,060875
aleatorios;a1000000.txt;0,073965
aleatorios;a1000000.txt;0,078113
aleatorios;a1000000.txt;0,076645
aleatorios;a1000000.txt;0,059590
aleatorios;a1000000.txt;0,070037
aleatorios;a1000000.txt;0,055609
aleatorios;a1000000.txt;0,063907
aleatorios;a1000000.txt;0,078040
aleatorios;a1000000.txt;0,081666
aleatorios;a1000000.txt;0,074211
aleatorios;a1000000.txt;0,066479
aleatorios;a1000000.txt;0,057362
aleatorios;a1000000.txt;0,069911
aleatorios;a1000000.txt;0,084416
aleatorios;a1000000.txt;0,077860
aleatorios;a1000000.txt;0,072209
aleatorios;a1000000.txt;0,084177
aleatorios;a1000000.txt;0,072299
aleatorios;a1000000.txt;0,056059
aleatorios;a1000000.txt;0,063849
aleatorios;a1250000.txt;0,084126
aleatorios;a1250000.txt;0,070723
aleatorios;a1250000.txt;0,069025
aleatorios;a1250000.txt;0,069572
aleatorios;a1250000.txt;0,068400
aleatorios;a1250000.txt;0,068467
aleatorios;a1250000.txt;0,094629
aleatorios;a1250000.txt;0,103037
aleatorios;a1250000.txt;0,071524
aleatorios;a1250000.txt;0,069203
aleatorios;a1250000.txt;0,082257
aleatorios;a1250000.txt;0,074845
aleatorios;a1250000.txt;0,068931
aleatorios;a1250000.txt;0,068593
aleatorios;a1250000.txt;0,071363
aleatorios;a1250000.txt;0,069672
aleatorios;a1250000.txt;0,106211
aleatorios;a1250000.txt;0,069367
aleatorios;a1250000.txt;0,069764
aleatorios;a1250000.txt;0,072894
aleatorios;a1250000.txt;0,069275
aleatorios;a1250000.txt;0,092870
aleatorios;a1250000.txt;0,069313
aleatorios;a1250000.txt;0,069362
aleatorios;a1250000.txt;0,070087
aleatorios;a1250000.txt;0,108800
aleatorios;a1250000.txt;0,102107
aleatorios;a1250000.txt;0,086800
aleatorios;a1250000.txt;0,068969
aleatorios;a1250000.txt;0,070350
aleatorios;a1500000.txt;0,082063
aleatorios;a1500000.txt;0,074425
aleatorios;a1500000.txt;0,081813
aleatorios;a1500000.txt;0,072288
aleatorios;a1500000.txt;0,111907
aleatorios;a1500000.txt;0,107424
aleatorios;a1500000.txt;0,073983
aleatorios;a1500000.txt;0,073193
aleatorios;a1500000.txt;0,083540
aleatorios;a1500000.txt;0,096945
aleatorios;a1500000.txt;0,085664
aleatorios;a1500000.txt;0,109132
aleatorios;a1500000.txt;0,091211
aleatorios;a1500000.txt;0,091053
aleatorios;a1500000.txt;0,092381
aleatorios;a1500000.txt;0,073376
aleatorios;a1500000.txt;0,073393
aleatorios;a1500000.txt;0,082344
aleatorios;a1500000.txt;0,071758
aleatorios;a1500000.txt;0,090407
aleatorios;a1500000.txt;0,085690
aleatorios;a1500000.txt;0,092235
aleatorios;a1500000.txt;0,099824
aleatorios;a1500000.txt;0,071613
aleatorios;a1500000.txt;0,121619
aleatorios;a1500000.txt;0,087875
aleatorios;a1500000.txt;0,072920
aleatorios;a1500000.txt;0,073636
aleatorios;a1500000.txt;0,073241
aleatorios;a1500000.txt;0,080213
aleatorios;a2000000.txt;0,112133
aleatorios;a2000000.txt;0,104760
aleatorios;a2000000.txt;0,108489
aleatorios;a2000000.txt;0,113219
aleatorios;a2000000.txt;0,109582
aleatorios;a2000000.txt;0,106457
aleatorios;a2000000.txt;0,138079
aleatorios;a2000000.txt;0,120450
aleatorios;a2000000.txt;0,104725
aleatorios;a2000000.txt;0,103090
aleatorios;a2000000.txt;0,113702
aleatorios;a2000000.txt;0,140077
aleatorios;a2000000.txt;0,116805
aleatorios;a2000000.txt;0,105162
aleatorios;a2000000.txt;0,123718
aleatorios;a2000000.txt;0,118547
aleatorios;a2000000.txt;0,119650
aleatorios;a2000000.txt;0,090359
aleatorios;a2000000.txt;0,126545
aleatorios;a2000000.txt;0,103948
aleatorios;a2000000.txt;0,102467
aleatorios;a2000000.txt;0,125845
aleatorios;a2000000.txt;0,090639
aleatorios;a2000000.txt;0,098522
aleatorios;a2000000.txt;0,107750
aleatorios;a2000000.txt;0,108833
aleatorios;a2000000.txt;0,118661
aleatorios;a2000000.txt;0,123742
aleatorios;a2000000.txt;0,103188
aleatorios;a2000000.txt;0,103650
