Pasta;Arquivo;Tempo_Segundos
aleatorios;a100.txt;9.622e-06
aleatorios;a100.txt;9.589e-06
aleatorios;a100.txt;1.0126e-05
aleatorios;a100.txt;1.1035e-05
aleatorios;a100.txt;1.3169e-05
aleatorios;a100.txt;1.4559e-05
aleatorios;a100.txt;1.804e-05
aleatorios;a100.txt;2.1294e-05
aleatorios;a100.txt;2.6204e-05
aleatorios;a100.txt;2.6013e-05
aleatorios;a100.txt;0.000101092
aleatorios;a100.txt;3.4865e-05
aleatorios;a100.txt;3.3799e-05
aleatorios;a100.txt;2.6153e-05
aleatorios;a100.txt;2.6161e-05
aleatorios;a100.txt;2.5995e-05
aleatorios;a100.txt;2.6154e-05
aleatorios;a100.txt;3.4873e-05
aleatorios;a100.txt;2.6874e-05
aleatorios;a100.txt;2.6514e-05
aleatorios;a100.txt;4.2041e-05
aleatorios;a100.txt;2.651e-05
aleatorios;a100.txt;2.6064e-05
aleatorios;a100.txt;2.6104e-05
aleatorios;a100.txt;2.6317e-05
aleatorios;a100.txt;2.6056e-05
aleatorios;a100.txt;3.4707e-05
aleatorios;a100.txt;2.7109e-05
aleatorios;a100.txt;3.536e-05
aleatorios;a100.txt;2.5482e-05
aleatorios;a200.txt;5.6064e-05
aleatorios;a200.txt;5.5133e-05
aleatorios;a200.txt;5.524e-05
aleatorios;a200.txt;5.5023e-05
aleatorios;a200.txt;5.7027e-05
aleatorios;a200.txt;5.1637e-05
aleatorios;a200.txt;5.8051e-05
aleatorios;a200.txt;4.8289e-05
aleatorios;a200.txt;4.1561e-05
aleatorios;a200.txt;5.2683e-05
aleatorios;a200.txt;5.4816e-05
aleatorios;a200.txt;5.4888e-05
aleatorios;a200.txt;5.5421e-05
aleatorios;a200.txt;7.3652e-05
aleatorios;a200.txt;5.725e-05
aleatorios;a200.txt;7.1573e-05
aleatorios;a200.txt;5.5505e-05
aleatorios;a200.txt;5.4779e-05
aleatorios;a200.txt;7.211e-05
aleatorios;a200.txt;5.4718e-05
aleatorios;a200.txt;5.468e-05
aleatorios;a200.txt;5.5664e-05
aleatorios;a200.txt;7.1462e-05
aleatorios;a200.txt;5.5265e-05
aleatorios;a200.txt;7.8231e-05
aleatorios;a200.txt;5.5203e-05
aleatorios;a200.txt;5.7129e-05
aleatorios;a200.txt;5.4213e-05
aleatorios;a200.txt;6.5289e-05
aleatorios;a200.txt;5.5622e-05
aleatorios;a500.txt;0.000195415
aleatorios;a500.txt;0.00015344
aleatorios;a500.txt;0.000194916
aleatorios;a500.txt;0.000152151
aleatorios;a500.txt;0.000149747
aleatorios;a500.txt;0.000150874
aleatorios;a500.txt;0.000149974
aleatorios;a500.txt;0.000181608
aleatorios;a500.txt;0.000129116
aleatorios;a500.txt;0.000120806
aleatorios;a500.txt;0.000133315
aleatorios;a500.txt;0.000120039
aleatorios;a500.txt;0.000102598
aleatorios;a500.txt;0.000124587
aleatorios;a500.txt;0.00010685
aleatorios;a500.txt;0.000151945
aleatorios;a500.txt;0.000141252
aleatorios;a500.txt;0.000152373
aleatorios;a500.txt;0.000107237
aleatorios;a500.txt;0.000116733
aleatorios;a500.txt;0.000134279
aleatorios;a500.txt;0.000198937
aleatorios;a500.txt;0.000151244
aleatorios;a500.txt;0.000197109
aleatorios;a500.txt;0.000192883
aleatorios;a500.txt;0.000155105
aleatorios;a500.txt;0.000150703
aleatorios;a500.txt;0.00015324
aleatorios;a500.txt;0.000150052
aleatorios;a500.txt;0.000211514
aleatorios;a1000.txt;0.000343363
aleatorios;a1000.txt;0.000339104
aleatorios;a1000.txt;0.000331587
aleatorios;a1000.txt;0.000339613
aleatorios;a1000.txt;0.000545418
aleatorios;a1000.txt;0.000333418
aleatorios;a1000.txt;0.000430186
aleatorios;a1000.txt;0.000330758
aleatorios;a1000.txt;0.000340358
aleatorios;a1000.txt;0.000331032
aleatorios;a1000.txt;0.000337712
aleatorios;a1000.txt;0.000436892
aleatorios;a1000.txt;0.000455447
aleatorios;a1000.txt;0.000334533
aleatorios;a1000.txt;0.000431299
aleatorios;a1000.txt;0.000428239
aleatorios;a1000.txt;0.00033043
aleatorios;a1000.txt;0.000332676
aleatorios;a1000.txt;0.000332592
aleatorios;a1000.txt;0.000352597
aleatorios;a1000.txt;0.000346565
aleatorios;a1000.txt;0.000433335
aleatorios;a1000.txt;0.000446032
aleatorios;a1000.txt;0.000330818
aleatorios;a1000.txt;0.000341418
aleatorios;a1000.txt;0.000330508
aleatorios;a1000.txt;0.00044039
aleatorios;a1000.txt;0.000431258
aleatorios;a1000.txt;0.00033032
aleatorios;a1000.txt;0.000431453
aleatorios;a2000.txt;0.000728821
aleatorios;a2000.txt;0.000915434
aleatorios;a2000.txt;0.000729117
aleatorios;a2000.txt;0.000726518
aleatorios;a2000.txt;0.000716131
aleatorios;a2000.txt;0.000928091
aleatorios;a2000.txt;0.000925638
aleatorios;a2000.txt;0.000727977
aleatorios;a2000.txt;0.000730279
aleatorios;a2000.txt;0.000727451
aleatorios;a2000.txt;0.000730362
aleatorios;a2000.txt;0.000722174
aleatorios;a2000.txt;0.000905096
aleatorios;a2000.txt;0.00101569
aleatorios;a2000.txt;0.000726641
aleatorios;a2000.txt;0.000936621
aleatorios;a2000.txt;0.00092664
aleatorios;a2000.txt;0.000736981
aleatorios;a2000.txt;0.000919852
aleatorios;a2000.txt;0.00080744
aleatorios;a2000.txt;0.000918112
aleatorios;a2000.txt;0.000721196
aleatorios;a2000.txt;0.000988736
aleatorios;a2000.txt;0.000729664
aleatorios;a2000.txt;0.000728833
aleatorios;a2000.txt;0.000874309
aleatorios;a2000.txt;0.000915191
aleatorios;a2000.txt;0.000730114
aleatorios;a2000.txt;0.000911013
aleatorios;a2000.txt;0.000865674
aleatorios;a5000.txt;0.00231352
aleatorios;a5000.txt;0.00208351
aleatorios;a5000.txt;0.0020953
aleatorios;a5000.txt;0.00209927
aleatorios;a5000.txt;0.00195932
aleatorios;a5000.txt;0.00197924
aleatorios;a5000.txt;0.0019857
aleatorios;a5000.txt;0.0022442
aleatorios;a5000.txt;0.00212769
aleatorios;a5000.txt;0.00203361
aleatorios;a5000.txt;0.00205671
aleatorios;a5000.txt;0.00197515
aleatorios;a5000.txt;0.00229298
aleatorios;a5000.txt;0.00208343
aleatorios;a5000.txt;0.00166958
aleatorios;a5000.txt;0.00199026
aleatorios;a5000.txt;0.00228286
aleatorios;a5000.txt;0.00198351
aleatorios;a5000.txt;0.00204547
aleatorios;a5000.txt;0.00201264
aleatorios;a5000.txt;0.00229145
aleatorios;a5000.txt;0.00207938
aleatorios;a5000.txt;0.00199697
aleatorios;a5000.txt;0.00211311
aleatorios;a5000.txt;0.00200866
aleatorios;a5000.txt;0.0022137
aleatorios;a5000.txt;0.00198994
aleatorios;a5000.txt;0.00227656
aleatorios;a5000.txt;0.00195924
aleatorios;a5000.txt;0.00242392
aleatorios;a7500.txt;0.00312468
aleatorios;a7500.txt;0.00328314
aleatorios;a7500.txt;0.00296559
aleatorios;a7500.txt;0.00313584
aleatorios;a7500.txt;0.00324934
aleatorios;a7500.txt;0.00312909
aleatorios;a7500.txt;0.00312276
aleatorios;a7500.txt;0.00313117
aleatorios;a7500.txt;0.0030008
aleatorios;a7500.txt;0.00313546
aleatorios;a7500.txt;0.00342063
aleatorios;a7500.txt;0.00334735
aleatorios;a7500.txt;0.00258947
aleatorios;a7500.txt;0.00252581
aleatorios;a7500.txt;0.00265502
aleatorios;a7500.txt;0.00262483
aleatorios;a7500.txt;0.00264104
aleatorios;a7500.txt;0.00320622
aleatorios;a7500.txt;0.0032513
aleatorios;a7500.txt;0.0032326
aleatorios;a7500.txt;0.00335699
aleatorios;a7500.txt;0.00326399
aleatorios;a7500.txt;0.0031018
aleatorios;a7500.txt;0.00317953
aleatorios;a7500.txt;0.00322186
aleatorios;a7500.txt;0.00248791
aleatorios;a7500.txt;0.00330411
aleatorios;a7500.txt;0.00318946
aleatorios;a7500.txt;0.00335099
aleatorios;a7500.txt;0.00298272
aleatorios;a10000.txt;0.00433068
aleatorios;a10000.txt;0.00463846
aleatorios;a10000.txt;0.00426578
aleatorios;a10000.txt;0.00434694
aleatorios;a10000.txt;0.00450628
aleatorios;a10000.txt;0.00431629
aleatorios;a10000.txt;0.00302135
aleatorios;a10000.txt;0.00252929
aleatorios;a10000.txt;0.00427921
aleatorios;a10000.txt;0.00419982
aleatorios;a10000.txt;0.00422164
aleatorios;a10000.txt;0.00461911
aleatorios;a10000.txt;0.00426331
aleatorios;a10000.txt;0.00469045
aleatorios;a10000.txt;0.00454145
aleatorios;a10000.txt;0.00467342
aleatorios;a10000.txt;0.00434864
aleatorios;a10000.txt;0.00430949
aleatorios;a10000.txt;0.0043974
aleatorios;a10000.txt;0.00301749
aleatorios;a10000.txt;0.0036577
aleatorios;a10000.txt;0.00406812
aleatorios;a10000.txt;0.00427116
aleatorios;a10000.txt;0.00427117
aleatorios;a10000.txt;0.00414887
aleatorios;a10000.txt;0.00404756
aleatorios;a10000.txt;0.00425614
aleatorios;a10000.txt;0.00430658
aleatorios;a10000.txt;0.00424919
aleatorios;a10000.txt;0.00434828
aleatorios;a15000.txt;0.00633075
aleatorios;a15000.txt;0.0062387
aleatorios;a15000.txt;0.00688663
aleatorios;a15000.txt;0.00487817
aleatorios;a15000.txt;0.00590435
aleatorios;a15000.txt;0.00576606
aleatorios;a15000.txt;0.00517432
aleatorios;a15000.txt;0.0041111
aleatorios;a15000.txt;0.00397971
aleatorios;a15000.txt;0.00649755
aleatorios;a15000.txt;0.00608306
aleatorios;a15000.txt;0.0054017
aleatorios;a15000.txt;0.00679349
aleatorios;a15000.txt;0.00689177
aleatorios;a15000.txt;0.00655249
aleatorios;a15000.txt;0.00607849
aleatorios;a15000.txt;0.00450008
aleatorios;a15000.txt;0.00393865
aleatorios;a15000.txt;0.00416633
aleatorios;a15000.txt;0.0041514
aleatorios;a15000.txt;0.00663329
aleatorios;a15000.txt;0.00638143
aleatorios;a15000.txt;0.00328236
aleatorios;a15000.txt;0.00238826
aleatorios;a15000.txt;0.0050941
aleatorios;a15000.txt;0.00659454
aleatorios;a15000.txt;0.00626472
aleatorios;a15000.txt;0.00681655
aleatorios;a15000.txt;0.00600279
aleatorios;a15000.txt;0.00633961
aleatorios;a30000.txt;0.00785493
aleatorios;a30000.txt;0.0138876
aleatorios;a30000.txt;0.0137097
aleatorios;a30000.txt;0.0124179
aleatorios;a30000.txt;0.00501971
aleatorios;a30000.txt;0.0054755
aleatorios;a30000.txt;0.0068352
aleatorios;a30000.txt;0.00512741
aleatorios;a30000.txt;0.00518526
aleatorios;a30000.txt;0.00511824
aleatorios;a30000.txt;0.00483114
aleatorios;a30000.txt;0.00545662
aleatorios;a30000.txt;0.00588678
aleatorios;a30000.txt;0.00708041
aleatorios;a30000.txt;0.00895452
aleatorios;a30000.txt;0.0130436
aleatorios;a30000.txt;0.0120442
aleatorios;a30000.txt;0.00966057
aleatorios;a30000.txt;0.0107022
aleatorios;a30000.txt;0.0115728
aleatorios;a30000.txt;0.0122895
aleatorios;a30000.txt;0.0115282
aleatorios;a30000.txt;0.00558589
aleatorios;a30000.txt;0.00527473
aleatorios;a30000.txt;0.0118113
aleatorios;a30000.txt;0.0127317
aleatorios;a30000.txt;0.0113206
aleatorios;a30000.txt;0.00782699
aleatorios;a30000.txt;0.00505442
aleatorios;a30000.txt;0.00476048
aleatorios;a50000.txt;0.0113871
aleatorios;a50000.txt;0.0136735
aleatorios;a50000.txt;0.0106132
aleatorios;a50000.txt;0.0112765
aleatorios;a50000.txt;0.0102824
aleatorios;a50000.txt;0.012281
aleatorios;a50000.txt;0.0123442
aleatorios;a50000.txt;0.0121426
aleatorios;a50000.txt;0.0108774
aleatorios;a50000.txt;0.00913496
aleatorios;a50000.txt;0.0145162
aleatorios;a50000.txt;0.0161277
aleatorios;a50000.txt;0.0175146
aleatorios;a50000.txt;0.00824549
aleatorios;a50000.txt;0.0112212
aleatorios;a50000.txt;0.0140128
aleatorios;a50000.txt;0.0103389
aleatorios;a50000.txt;0.0140078
aleatorios;a50000.txt;0.0128478
aleatorios;a50000.txt;0.0128842
aleatorios;a50000.txt;0.0197392
aleatorios;a50000.txt;0.0112668
aleatorios;a50000.txt;0.0113526
aleatorios;a50000.txt;0.0193929
aleatorios;a50000.txt;0.0134554
aleatorios;a50000.txt;0.0119973
aleatorios;a50000.txt;0.0103967
aleatorios;a50000.txt;0.0145841
aleatorios;a50000.txt;0.014933
aleatorios;a50000.txt;0.0151502
aleatorios;a75000.txt;0.0130237
aleatorios;a75000.txt;0.0199028
aleatorios;a75000.txt;0.0126566
aleatorios;a75000.txt;0.0124463
aleatorios;a75000.txt;0.0142201
aleatorios;a75000.txt;0.0133597
aleatorios;a75000.txt;0.0236691
aleatorios;a75000.txt;0.015073
aleatorios;a75000.txt;0.0137726
aleatorios;a75000.txt;0.0149595
aleatorios;a75000.txt;0.0131514
aleatorios;a75000.txt;0.014448
aleatorios;a75000.txt;0.0162321
aleatorios;a75000.txt;0.0175237
aleatorios;a75000.txt;0.0125655
aleatorios;a75000.txt;0.0125673
aleatorios;a75000.txt;0.014637
aleatorios;a75000.txt;0.0164926
aleatorios;a75000.txt;0.0146113
aleatorios;a75000.txt;0.0194858
aleatorios;a75000.txt;0.0125546
aleatorios;a75000.txt;0.01281
aleatorios;a75000.txt;0.0180157
aleatorios;a75000.txt;0.0152675
aleatorios;a75000.txt;0.0143952
aleatorios;a75000.txt;0.0128639
aleatorios;a75000.txt;0.0132196
aleatorios;a75000.txt;0.0129037
aleatorios;a75000.txt;0.0138223
aleatorios;a75000.txt;0.0192276
aleatorios;a100000.txt;0.0237064
aleatorios;a100000.txt;0.0173231
aleatorios;a100000.txt;0.0171808
aleatorios;a100000.txt;0.0172255
aleatorios;a100000.txt;0.0173648
aleatorios;a100000.txt;0.017732
aleatorios;a100000.txt;0.0173086
aleatorios;a100000.txt;0.01743
aleatorios;a100000.txt;0.0174048
aleatorios;a100000.txt;0.0174774
aleatorios;a100000.txt;0.0178123
aleatorios;a100000.txt;0.0175073
aleatorios;a100000.txt;0.0175995
aleatorios;a100000.txt;0.0181888
aleatorios;a100000.txt;0.0177655
aleatorios;a100000.txt;0.0187605
aleatorios;a100000.txt;0.0226368
aleatorios;a100000.txt;0.0183254
aleatorios;a100000.txt;0.0174116
aleatorios;a100000.txt;0.0173542
aleatorios;a100000.txt;0.0173661
aleatorios;a100000.txt;0.0176728
aleatorios;a100000.txt;0.017694
aleatorios;a100000.txt;0.0172005
aleatorios;a100000.txt;0.0171532
aleatorios;a100000.txt;0.0170408
aleatorios;a100000.txt;0.0174281
aleatorios;a100000.txt;0.0175867
aleatorios;a100000.txt;0.0181995
aleatorios;a100000.txt;0.0171339
aleatorios;a200000.txt;0.0345838
aleatorios;a200000.txt;0.0344671
aleatorios;a200000.txt;0.0350114
aleatorios;a200000.txt;0.0347384
aleatorios;a200000.txt;0.0349482
aleatorios;a200000.txt;0.0346397
aleatorios;a200000.txt;0.0346461
aleatorios;a200000.txt;0.035158
aleatorios;a200000.txt;0.0348451
aleatorios;a200000.txt;0.0343748
aleatorios;a200000.txt;0.0353874
aleatorios;a200000.txt;0.0356708
aleatorios;a200000.txt;0.0361298
aleatorios;a200000.txt;0.0348767
aleatorios;a200000.txt;0.0346563
aleatorios;a200000.txt;0.0346697
aleatorios;a200000.txt;0.0351724
aleatorios;a200000.txt;0.0353387
aleatorios;a200000.txt;0.0347804
aleatorios;a200000.txt;0.034777
aleatorios;a200000.txt;0.034648
aleatorios;a200000.txt;0.0352552
aleatorios;a200000.txt;0.0356223
aleatorios;a200000.txt;0.0344195
aleatorios;a200000.txt;0.0347789
aleatorios;a200000.txt;0.0344373
aleatorios;a200000.txt;0.0344927
aleatorios;a200000.txt;0.0346327
aleatorios;a200000.txt;0.0349642
aleatorios;a200000.txt;0.0348813
aleatorios;a500000.txt;0.090066
aleatorios;a500000.txt;0.0896805
aleatorios;a500000.txt;0.0901644
aleatorios;a500000.txt;0.0900503
aleatorios;a500000.txt;0.0899923
aleatorios;a500000.txt;0.0905995
aleatorios;a500000.txt;0.0909746
aleatorios;a500000.txt;0.0901673
aleatorios;a500000.txt;0.0915473
aleatorios;a500000.txt;0.0894281
aleatorios;a500000.txt;0.0894864
aleatorios;a500000.txt;0.0894194
aleatorios;a500000.txt;0.0894192
aleatorios;a500000.txt;0.0898353
aleatorios;a500000.txt;0.0894756
aleatorios;a500000.txt;0.0897393
aleatorios;a500000.txt;0.0897444
aleatorios;a500000.txt;0.0898018
aleatorios;a500000.txt;0.0896569
aleatorios;a500000.txt;0.0891677
aleatorios;a500000.txt;0.0897354
aleatorios;a500000.txt;0.0891278
aleatorios;a500000.txt;0.0900594
aleatorios;a500000.txt;0.0909998
aleatorios;a500000.txt;0.0907452
aleatorios;a500000.txt;0.0903465
aleatorios;a500000.txt;0.0903322
aleatorios;a500000.txt;0.0896452
aleatorios;a500000.txt;0.0902576
aleatorios;a500000.txt;0.0904511
aleatorios;a750000.txt;0.138992
aleatorios;a750000.txt;0.138906
aleatorios;a750000.txt;0.138339
aleatorios;a750000.txt;0.139112
aleatorios;a750000.txt;0.139611
aleatorios;a750000.txt;0.138544
aleatorios;a750000.txt;0.138773
aleatorios;a750000.txt;0.138166
aleatorios;a750000.txt;0.138695
aleatorios;a750000.txt;0.139495
aleatorios;a750000.txt;0.140371
aleatorios;a750000.txt;0.140381
aleatorios;a750000.txt;0.138472
aleatorios;a750000.txt;0.138235
aleatorios;a750000.txt;0.137291
aleatorios;a750000.txt;0.137698
aleatorios;a750000.txt;0.137753
aleatorios;a750000.txt;0.139015
aleatorios;a750000.txt;0.137765
aleatorios;a750000.txt;0.137871
aleatorios;a750000.txt;0.138477
aleatorios;a750000.txt;0.138054
aleatorios;a750000.txt;0.137321
aleatorios;a750000.txt;0.140122
aleatorios;a750000.txt;0.138334
aleatorios;a750000.txt;0.137506
aleatorios;a750000.txt;0.138588
aleatorios;a750000.txt;0.137874
aleatorios;a750000.txt;0.137349
aleatorios;a750000.txt;0.138592
aleatorios;a1000000.txt;0.187484
aleatorios;a1000000.txt;0.187549
aleatorios;a1000000.txt;0.188916
aleatorios;a1000000.txt;0.187186
aleatorios;a1000000.txt;0.186869
aleatorios;a1000000.txt;0.186866
aleatorios;a1000000.txt;0.187855
aleatorios;a1000000.txt;0.187263
aleatorios;a1000000.txt;0.187532
aleatorios;a1000000.txt;0.187593
aleatorios;a1000000.txt;0.187572
aleatorios;a1000000.txt;0.187793
aleatorios;a1000000.txt;0.186964
aleatorios;a1000000.txt;0.188908
aleatorios;a1000000.txt;0.187849
aleatorios;a1000000.txt;0.188322
aleatorios;a1000000.txt;0.186743
aleatorios;a1000000.txt;0.187958
aleatorios;a1000000.txt;0.187326
aleatorios;a1000000.txt;0.187381
aleatorios;a1000000.txt;0.188674
aleatorios;a1000000.txt;0.186744
aleatorios;a1000000.txt;0.188922
aleatorios;a1000000.txt;0.186763
aleatorios;a1000000.txt;0.187294
aleatorios;a1000000.txt;0.18669
aleatorios;a1000000.txt;0.186766
aleatorios;a1000000.txt;0.185868
aleatorios;a1000000.txt;0.187728
aleatorios;a1000000.txt;0.186863
aleatorios;a1250000.txt;0.237937
aleatorios;a1250000.txt;0.236968
aleatorios;a1250000.txt;0.239303
aleatorios;a1250000.txt;0.237075
aleatorios;a1250000.txt;0.236595
aleatorios;a1250000.txt;0.238887
aleatorios;a1250000.txt;0.236871
aleatorios;a1250000.txt;0.237551
aleatorios;a1250000.txt;0.237855
aleatorios;a1250000.txt;0.238
aleatorios;a1250000.txt;0.237718
aleatorios;a1250000.txt;0.237688
aleatorios;a1250000.txt;0.23658
aleatorios;a1250000.txt;0.236974
aleatorios;a1250000.txt;0.238435
aleatorios;a1250000.txt;0.23623
aleatorios;a1250000.txt;0.238363
aleatorios;a1250000.txt;0.238596
aleatorios;a1250000.txt;0.237463
aleatorios;a1250000.txt;0.236425
aleatorios;a1250000.txt;0.236735
aleatorios;a1250000.txt;0.237018
aleatorios;a1250000.txt;0.238326
aleatorios;a1250000.txt;0.237418
aleatorios;a1250000.txt;0.239295
aleatorios;a1250000.txt;0.237379
aleatorios;a1250000.txt;0.237456
aleatorios;a1250000.txt;0.237998
aleatorios;a1250000.txt;0.236237
aleatorios;a1250000.txt;0.236914
aleatorios;a1500000.txt;0.285711
aleatorios;a1500000.txt;0.287279
aleatorios;a1500000.txt;0.286692
aleatorios;a1500000.txt;0.288719
aleatorios;a1500000.txt;0.286814
aleatorios;a1500000.txt;0.286709
aleatorios;a1500000.txt;0.287211
aleatorios;a1500000.txt;0.286522
aleatorios;a1500000.txt;0.288755
aleatorios;a1500000.txt;0.289563
aleatorios;a1500000.txt;0.288053
aleatorios;a1500000.txt;0.287432
aleatorios;a1500000.txt;0.288805
aleatorios;a1500000.txt;0.28775
aleatorios;a1500000.txt;0.287439
aleatorios;a1500000.txt;0.286721
aleatorios;a1500000.txt;0.286564
aleatorios;a1500000.txt;0.285926
aleatorios;a1500000.txt;0.287075
aleatorios;a1500000.txt;0.286379
aleatorios;a1500000.txt;0.285871
aleatorios;a1500000.txt;0.287602
aleatorios;a1500000.txt;0.285949
aleatorios;a1500000.txt;0.286139
aleatorios;a1500000.txt;0.286136
aleatorios;a1500000.txt;0.286911
aleatorios;a1500000.txt;0.288624
aleatorios;a1500000.txt;0.286788
aleatorios;a1500000.txt;0.285913
aleatorios;a1500000.txt;0.287764
aleatorios;a2000000.txt;0.387089
aleatorios;a2000000.txt;0.39012
aleatorios;a2000000.txt;0.389661
aleatorios;a2000000.txt;0.390843
aleatorios;a2000000.txt;0.387882
aleatorios;a2000000.txt;0.389577
aleatorios;a2000000.txt;0.390688
aleatorios;a2000000.txt;0.390071
aleatorios;a2000000.txt;0.390882
aleatorios;a2000000.txt;0.388238
aleatorios;a2000000.txt;0.390533
aleatorios;a2000000.txt;0.388143
aleatorios;a2000000.txt;0.3892
aleatorios;a2000000.txt;0.389993
aleatorios;a2000000.txt;0.390384
aleatorios;a2000000.txt;0.391356
aleatorios;a2000000.txt;0.392471
aleatorios;a2000000.txt;0.387982
aleatorios;a2000000.txt;0.392848
aleatorios;a2000000.txt;0.392324
aleatorios;a2000000.txt;0.389765
aleatorios;a2000000.txt;0.389356
aleatorios;a2000000.txt;0.386586
aleatorios;a2000000.txt;0.391187
aleatorios;a2000000.txt;0.388639
aleatorios;a2000000.txt;0.391438
aleatorios;a2000000.txt;0.392112
aleatorios;a2000000.txt;0.389843
aleatorios;a2000000.txt;0.390378
aleatorios;a2000000.txt;0.389953
