Pasta;Arquivo;Tempo_Segundos
aleatorios;a100.txt;0,001034
aleatorios;a100.txt;0,001095
aleatorios;a100.txt;0,001038
aleatorios;a100.txt;0,001059
aleatorios;a100.txt;0,001099
aleatorios;a100.txt;0,001007
aleatorios;a100.txt;0,001943
aleatorios;a100.txt;0,001118
aleatorios;a100.txt;0,001081
aleatorios;a100.txt;0,001027
aleatorios;a100.txt;0,001076
aleatorios;a100.txt;0,001024
aleatorios;a100.txt;0,001011
aleatorios;a100.txt;0,001024
aleatorios;a100.txt;0,001063
aleatorios;a100.txt;0,001007
aleatorios;a100.txt;0,001029
aleatorios;a100.txt;0,001013
aleatorios;a100.txt;0,001089
aleatorios;a100.txt;0,001014
aleatorios;a100.txt;0,001603
aleatorios;a100.txt;0,001018
aleatorios;a100.txt;0,001075
aleatorios;a100.txt;0,001101
aleatorios;a100.txt;0,001003
aleatorios;a100.txt;0,001069
aleatorios;a100.txt;0,001015
aleatorios;a100.txt;0,001026
aleatorios;a100.txt;0,001056
aleatorios;a100.txt;0,001048
aleatorios;a200.txt;0,001056
aleatorios;a200.txt;0,001048
aleatorios;a200.txt;0,001098
aleatorios;a200.txt;0,001062
aleatorios;a200.txt;0,001021
aleatorios;a200.txt;0,001073
aleatorios;a200.txt;0,001043
aleatorios;a200.txt;0,001102
aleatorios;a200.txt;0,001035
aleatorios;a200.txt;0,001034
aleatorios;a200.txt;0,001014
aleatorios;a200.txt;0,001018
aleatorios;a200.txt;0,001045
aleatorios;a200.txt;0,001484
aleatorios;a200.txt;0,001056
aleatorios;a200.txt;0,001028
aleatorios;a200.txt;0,001096
aleatorios;a200.txt;0,001031
aleatorios;a200.txt;0,001030
aleatorios;a200.txt;0,001042
aleatorios;a200.txt;0,001068
aleatorios;a200.txt;0,001025
aleatorios;a200.txt;0,001048
aleatorios;a200.txt;0,001056
aleatorios;a200.txt;0,001134
aleatorios;a200.txt;0,001045
aleatorios;a200.txt;0,001045
aleatorios;a200.txt;0,001103
aleatorios;a200.txt;0,001035
aleatorios;a200.txt;0,001081
aleatorios;a500.txt;0,001065
aleatorios;a500.txt;0,001065
aleatorios;a500.txt;0,001089
aleatorios;a500.txt;0,001120
aleatorios;a500.txt;0,001061
aleatorios;a500.txt;0,001118
aleatorios;a500.txt;0,001132
aleatorios;a500.txt;0,001063
aleatorios;a500.txt;0,001100
aleatorios;a500.txt;0,001056
aleatorios;a500.txt;0,001071
aleatorios;a500.txt;0,001129
aleatorios;a500.txt;0,001184
aleatorios;a500.txt;0,001079
aleatorios;a500.txt;0,001083
aleatorios;a500.txt;0,001056
aleatorios;a500.txt;0,001067
aleatorios;a500.txt;0,001121
aleatorios;a500.txt;0,001157
aleatorios;a500.txt;0,001153
aleatorios;a500.txt;0,001085
aleatorios;a500.txt;0,001099
aleatorios;a500.txt;0,001083
aleatorios;a500.txt;0,001900
aleatorios;a500.txt;0,001093
aleatorios;a500.txt;0,001092
aleatorios;a500.txt;0,001058
aleatorios;a500.txt;0,001081
aleatorios;a500.txt;0,001071
aleatorios;a500.txt;0,001123
aleatorios;a1000.txt;0,001162
aleatorios;a1000.txt;0,001128
aleatorios;a1000.txt;0,001178
aleatorios;a1000.txt;0,001128
aleatorios;a1000.txt;0,001118
aleatorios;a1000.txt;0,001096
aleatorios;a1000.txt;0,001158
aleatorios;a1000.txt;0,001112
aleatorios;a1000.txt;0,001169
aleatorios;a1000.txt;0,001146
aleatorios;a1000.txt;0,001129
aleatorios;a1000.txt;0,001131
aleatorios;a1000.txt;0,001182
aleatorios;a1000.txt;0,001123
aleatorios;a1000.txt;0,001153
aleatorios;a1000.txt;0,001132
aleatorios;a1000.txt;0,001191
aleatorios;a1000.txt;0,001161
aleatorios;a1000.txt;0,001586
aleatorios;a1000.txt;0,001122
aleatorios;a1000.txt;0,001385
aleatorios;a1000.txt;0,001123
aleatorios;a1000.txt;0,001133
aleatorios;a1000.txt;0,001130
aleatorios;a1000.txt;0,001125
aleatorios;a1000.txt;0,001157
aleatorios;a1000.txt;0,001132
aleatorios;a1000.txt;0,001124
aleatorios;a1000.txt;0,001122
aleatorios;a1000.txt;0,001118
aleatorios;a2000.txt;0,001294
aleatorios;a2000.txt;0,001289
aleatorios;a2000.txt;0,001335
aleatorios;a2000.txt;0,001337
aleatorios;a2000.txt;0,001328
aleatorios;a2000.txt;0,001260
aleatorios;a2000.txt;0,001289
aleatorios;a2000.txt;0,001270
aleatorios;a2000.txt;0,001332
aleatorios;a2000.txt;0,001266
aleatorios;a2000.txt;0,001275
aleatorios;a2000.txt;0,001286
aleatorios;a2000.txt;0,001273
aleatorios;a2000.txt;0,001358
aleatorios;a2000.txt;0,001310
aleatorios;a2000.txt;0,001339
aleatorios;a2000.txt;0,001274
aleatorios;a2000.txt;0,001329
aleatorios;a2000.txt;0,001301
aleatorios;a2000.txt;0,001264
aleatorios;a2000.txt;0,001320
aleatorios;a2000.txt;0,001343
aleatorios;a2000.txt;0,001259
aleatorios;a2000.txt;0,001356
aleatorios;a2000.txt;0,001260
aleatorios;a2000.txt;0,001256
aleatorios;a2000.txt;0,001272
aleatorios;a2000.txt;0,001282
aleatorios;a2000.txt;0,001271
aleatorios;a2000.txt;0,001273
aleatorios;a5000.txt;0,001896
aleatorios;a5000.txt;0,001861
aleatorios;a5000.txt;0,001886
aleatorios;a5000.txt;0,001873
aleatorios;a5000.txt;0,001923
aleatorios;a5000.txt;0,001908
aleatorios;a5000.txt;0,001860
aleatorios;a5000.txt;0,001871
aleatorios;a5000.txt;0,001896
aleatorios;a5000.txt;0,001885
aleatorios;a5000.txt;0,001902
aleatorios;a5000.txt;0,001860
aleatorios;a5000.txt;0,001882
aleatorios;a5000.txt;0,001896
aleatorios;a5000.txt;0,001884
aleatorios;a5000.txt;0,001894
aleatorios;a5000.txt;0,001850
aleatorios;a5000.txt;0,001832
aleatorios;a5000.txt;0,001881
aleatorios;a5000.txt;0,001883
aleatorios;a5000.txt;0,001852
aleatorios;a5000.txt;0,001827
aleatorios;a5000.txt;0,001950
aleatorios;a5000.txt;0,001850
aleatorios;a5000.txt;0,001901
aleatorios;a5000.txt;0,001939
aleatorios;a5000.txt;0,001836
aleatorios;a5000.txt;0,001836
aleatorios;a5000.txt;0,001921
aleatorios;a5000.txt;0,001862
aleatorios;a7500.txt;0,003212
aleatorios;a7500.txt;0,003262
aleatorios;a7500.txt;0,003197
aleatorios;a7500.txt;0,003272
aleatorios;a7500.txt;0,003241
aleatorios;a7500.txt;0,003265
aleatorios;a7500.txt;0,003217
aleatorios;a7500.txt;0,003256
aleatorios;a7500.txt;0,003111
aleatorios;a7500.txt;0,003256
aleatorios;a7500.txt;0,003587
aleatorios;a7500.txt;0,003215
aleatorios;a7500.txt;0,003245
aleatorios;a7500.txt;0,003296
aleatorios;a7500.txt;0,003239
aleatorios;a7500.txt;0,003219
aleatorios;a7500.txt;0,003207
aleatorios;a7500.txt;0,003254
aleatorios;a7500.txt;0,003325
aleatorios;a7500.txt;0,003178
aleatorios;a7500.txt;0,003433
aleatorios;a7500.txt;0,003238
aleatorios;a7500.txt;0,003216
aleatorios;a7500.txt;0,003179
aleatorios;a7500.txt;0,003207
aleatorios;a7500.txt;0,003154
aleatorios;a7500.txt;0,003284
aleatorios;a7500.txt;0,003255
aleatorios;a7500.txt;0,003330
aleatorios;a7500.txt;0,003199
aleatorios;a10000.txt;0,003259
aleatorios;a10000.txt;0,003325
aleatorios;a10000.txt;0,003273
aleatorios;a10000.txt;0,003335
aleatorios;a10000.txt;0,003372
aleatorios;a10000.txt;0,003432
aleatorios;a10000.txt;0,003292
aleatorios;a10000.txt;0,003288
aleatorios;a10000.txt;0,003299
aleatorios;a10000.txt;0,003329
aleatorios;a10000.txt;0,003255
aleatorios;a10000.txt;0,003356
aleatorios;a10000.txt;0,003286
aleatorios;a10000.txt;0,003204
aleatorios;a10000.txt;0,003285
aleatorios;a10000.txt;0,003292
aleatorios;a10000.txt;0,003280
aleatorios;a10000.txt;0,003355
aleatorios;a10000.txt;0,003256
aleatorios;a10000.txt;0,003266
aleatorios;a10000.txt;0,003283
aleatorios;a10000.txt;0,003381
aleatorios;a10000.txt;0,003306
aleatorios;a10000.txt;0,003299
aleatorios;a10000.txt;0,003308
aleatorios;a10000.txt;0,003326
aleatorios;a10000.txt;0,003257
aleatorios;a10000.txt;0,003308
aleatorios;a10000.txt;0,003272
aleatorios;a10000.txt;0,003362
aleatorios;a15000.txt;0,004458
aleatorios;a15000.txt;0,004469
aleatorios;a15000.txt;0,004478
aleatorios;a15000.txt;0,004447
aleatorios;a15000.txt;0,006195
aleatorios;a15000.txt;0,004489
aleatorios;a15000.txt;0,004448
aleatorios;a15000.txt;0,004409
aleatorios;a15000.txt;0,004449
aleatorios;a15000.txt;0,004612
aleatorios;a15000.txt;0,004596
aleatorios;a15000.txt;0,004362
aleatorios;a15000.txt;0,004417
aleatorios;a15000.txt;0,004352
aleatorios;a15000.txt;0,004495
aleatorios;a15000.txt;0,004517
aleatorios;a15000.txt;0,004521
aleatorios;a15000.txt;0,004485
aleatorios;a15000.txt;0,004473
aleatorios;a15000.txt;0,004519
aleatorios;a15000.txt;0,004374
aleatorios;a15000.txt;0,004488
aleatorios;a15000.txt;0,004459
aleatorios;a15000.txt;0,004337
aleatorios;a15000.txt;0,004460
aleatorios;a15000.txt;0,004438
aleatorios;a15000.txt;0,004433
aleatorios;a15000.txt;0,004387
aleatorios;a15000.txt;0,004453
aleatorios;a15000.txt;0,004493
aleatorios;a30000.txt;0,007236
aleatorios;a30000.txt;0,007207
aleatorios;a30000.txt;0,007053
aleatorios;a30000.txt;0,007034
aleatorios;a30000.txt;0,007091
aleatorios;a30000.txt;0,007001
aleatorios;a30000.txt;0,007143
aleatorios;a30000.txt;0,007136
aleatorios;a30000.txt;0,007067
aleatorios;a30000.txt;0,007269
aleatorios;a30000.txt;0,007066
aleatorios;a30000.txt;0,007116
aleatorios;a30000.txt;0,007119
aleatorios;a30000.txt;0,007098
aleatorios;a30000.txt;0,007101
aleatorios;a30000.txt;0,007118
aleatorios;a30000.txt;0,007105
aleatorios;a30000.txt;0,007181
aleatorios;a30000.txt;0,007190
aleatorios;a30000.txt;0,007209
aleatorios;a30000.txt;0,007148
aleatorios;a30000.txt;0,007218
aleatorios;a30000.txt;0,007196
aleatorios;a30000.txt;0,007126
aleatorios;a30000.txt;0,007279
aleatorios;a30000.txt;0,007091
aleatorios;a30000.txt;0,007126
aleatorios;a30000.txt;0,007136
aleatorios;a30000.txt;0,007188
aleatorios;a30000.txt;0,007093
aleatorios;a50000.txt;0,009836
aleatorios;a50000.txt;0,009838
aleatorios;a50000.txt;0,009743
aleatorios;a50000.txt;0,009764
aleatorios;a50000.txt;0,009745
aleatorios;a50000.txt;0,009839
aleatorios;a50000.txt;0,009658
aleatorios;a50000.txt;0,009965
aleatorios;a50000.txt;0,009950
aleatorios;a50000.txt;0,010032
aleatorios;a50000.txt;0,009760
aleatorios;a50000.txt;0,009902
aleatorios;a50000.txt;0,009898
aleatorios;a50000.txt;0,009800
aleatorios;a50000.txt;0,009703
aleatorios;a50000.txt;0,009668
aleatorios;a50000.txt;0,009844
aleatorios;a50000.txt;0,009730
aleatorios;a50000.txt;0,009861
aleatorios;a50000.txt;0,009835
aleatorios;a50000.txt;0,009866
aleatorios;a50000.txt;0,009879
aleatorios;a50000.txt;0,009747
aleatorios;a50000.txt;0,009670
aleatorios;a50000.txt;0,009872
aleatorios;a50000.txt;0,011262
aleatorios;a50000.txt;0,011395
aleatorios;a50000.txt;0,009808
aleatorios;a50000.txt;0,009880
aleatorios;a50000.txt;0,009713
aleatorios;a75000.txt;0,013086
aleatorios;a75000.txt;0,013159
aleatorios;a75000.txt;0,012992
aleatorios;a75000.txt;0,012917
aleatorios;a75000.txt;0,012863
aleatorios;a75000.txt;0,012959
aleatorios;a75000.txt;0,013044
aleatorios;a75000.txt;0,013116
aleatorios;a75000.txt;0,012949
aleatorios;a75000.txt;0,012966
aleatorios;a75000.txt;0,012971
aleatorios;a75000.txt;0,013191
aleatorios;a75000.txt;0,013031
aleatorios;a75000.txt;0,013093
aleatorios;a75000.txt;0,013203
aleatorios;a75000.txt;0,012995
aleatorios;a75000.txt;0,012864
aleatorios;a75000.txt;0,012996
aleatorios;a75000.txt;0,013278
aleatorios;a75000.txt;0,013060
aleatorios;a75000.txt;0,013329
aleatorios;a75000.txt;0,013248
aleatorios;a75000.txt;0,013137
aleatorios;a75000.txt;0,012938
aleatorios;a75000.txt;0,013006
aleatorios;a75000.txt;0,013009
aleatorios;a75000.txt;0,013074
aleatorios;a75000.txt;0,012922
aleatorios;a75000.txt;0,013066
aleatorios;a75000.txt;0,013161
aleatorios;a100000.txt;0,016185
aleatorios;a100000.txt;0,015868
aleatorios;a100000.txt;0,016147
aleatorios;a100000.txt;0,016078
aleatorios;a100000.txt;0,016057
aleatorios;a100000.txt;0,015796
aleatorios;a100000.txt;0,016325
aleatorios;a100000.txt;0,015730
aleatorios;a100000.txt;0,016309
aleatorios;a100000.txt;0,016257
aleatorios;a100000.txt;0,016437
aleatorios;a100000.txt;0,015835
aleatorios;a100000.txt;0,016297
aleatorios;a100000.txt;0,016339
aleatorios;a100000.txt;0,015924
aleatorios;a100000.txt;0,016249
aleatorios;a100000.txt;0,016217
aleatorios;a100000.txt;0,016314
aleatorios;a100000.txt;0,016195
aleatorios;a100000.txt;0,016085
aleatorios;a100000.txt;0,016046
aleatorios;a100000.txt;0,016161
aleatorios;a100000.txt;0,016138
aleatorios;a100000.txt;0,016213
aleatorios;a100000.txt;0,015901
aleatorios;a100000.txt;0,016769
aleatorios;a100000.txt;0,016233
aleatorios;a100000.txt;0,016486
aleatorios;a100000.txt;0,015820
aleatorios;a100000.txt;0,016005
aleatorios;a200000.txt;0,027441
aleatorios;a200000.txt;0,028174
aleatorios;a200000.txt;0,027885
aleatorios;a200000.txt;0,027874
aleatorios;a200000.txt;0,027585
aleatorios;a200000.txt;0,028147
aleatorios;a200000.txt;0,027873
aleatorios;a200000.txt;0,027575
aleatorios;a200000.txt;0,028072
aleatorios;a200000.txt;0,027321
aleatorios;a200000.txt;0,028199
aleatorios;a200000.txt;0,028026
aleatorios;a200000.txt;0,027424
aleatorios;a200000.txt;0,027852
aleatorios;a200000.txt;0,027241
aleatorios;a200000.txt;0,027468
aleatorios;a200000.txt;0,027656
aleatorios;a200000.txt;0,027407
aleatorios;a200000.txt;0,027724
aleatorios;a200000.txt;0,027661
aleatorios;a200000.txt;0,027460
aleatorios;a200000.txt;0,027569
aleatorios;a200000.txt;0,027433
aleatorios;a200000.txt;0,027799
aleatorios;a200000.txt;0,027909
aleatorios;a200000.txt;0,027720
aleatorios;a200000.txt;0,027862
aleatorios;a200000.txt;0,027378
aleatorios;a200000.txt;0,028019
aleatorios;a200000.txt;0,027408
aleatorios;a500000.txt;0,062172
aleatorios;a500000.txt;0,061931
aleatorios;a500000.txt;0,062309
aleatorios;a500000.txt;0,062323
aleatorios;a500000.txt;0,061754
aleatorios;a500000.txt;0,060672
aleatorios;a500000.txt;0,061874
aleatorios;a500000.txt;0,061256
aleatorios;a500000.txt;0,062355
aleatorios;a500000.txt;0,062980
aleatorios;a500000.txt;0,062293
aleatorios;a500000.txt;0,061852
aleatorios;a500000.txt;0,061969
aleatorios;a500000.txt;0,061426
aleatorios;a500000.txt;0,060813
aleatorios;a500000.txt;0,061825
aleatorios;a500000.txt;0,061921
aleatorios;a500000.txt;0,060828
aleatorios;a500000.txt;0,060697
aleatorios;a500000.txt;0,061848
aleatorios;a500000.txt;0,060940
aleatorios;a500000.txt;0,061720
aleatorios;a500000.txt;0,060580
aleatorios;a500000.txt;0,063960
aleatorios;a500000.txt;0,061425
aleatorios;a500000.txt;0,061788
aleatorios;a500000.txt;0,062112
aleatorios;a500000.txt;0,060885
aleatorios;a500000.txt;0,061934
aleatorios;a500000.txt;0,061919
aleatorios;a750000.txt;0,090391
aleatorios;a750000.txt;0,088703
aleatorios;a750000.txt;0,088701
aleatorios;a750000.txt;0,089396
aleatorios;a750000.txt;0,090657
aleatorios;a750000.txt;0,090440
aleatorios;a750000.txt;0,088728
aleatorios;a750000.txt;0,089152
aleatorios;a750000.txt;0,090319
aleatorios;a750000.txt;0,089004
aleatorios;a750000.txt;0,090325
aleatorios;a750000.txt;0,088561
aleatorios;a750000.txt;0,090163
aleatorios;a750000.txt;0,090161
aleatorios;a750000.txt;0,090514
aleatorios;a750000.txt;0,089564
aleatorios;a750000.txt;0,089318
aleatorios;a750000.txt;0,090314
aleatorios;a750000.txt;0,090198
aleatorios;a750000.txt;0,088663
aleatorios;a750000.txt;0,090723
aleatorios;a750000.txt;0,090069
aleatorios;a750000.txt;0,090534
aleatorios;a750000.txt;0,088843
aleatorios;a750000.txt;0,090014
aleatorios;a750000.txt;0,088869
aleatorios;a750000.txt;0,090740
aleatorios;a750000.txt;0,088389
aleatorios;a750000.txt;0,090245
aleatorios;a750000.txt;0,089125
aleatorios;a1000000.txt;0,115031
aleatorios;a1000000.txt;0,115810
aleatorios;a1000000.txt;0,115438
aleatorios;a1000000.txt;0,116347
aleatorios;a1000000.txt;0,113135
aleatorios;a1000000.txt;0,115746
aleatorios;a1000000.txt;0,116316
aleatorios;a1000000.txt;0,115852
aleatorios;a1000000.txt;0,116283
aleatorios;a1000000.txt;0,116299
aleatorios;a1000000.txt;0,116092
aleatorios;a1000000.txt;0,113683
aleatorios;a1000000.txt;0,115982
aleatorios;a1000000.txt;0,115241
aleatorios;a1000000.txt;0,115789
aleatorios;a1000000.txt;0,115555
aleatorios;a1000000.txt;0,115257
aleatorios;a1000000.txt;0,114971
aleatorios;a1000000.txt;0,115629
aleatorios;a1000000.txt;0,115933
aleatorios;a1000000.txt;0,115401
aleatorios;a1000000.txt;0,117052
aleatorios;a1000000.txt;0,115816
aleatorios;a1000000.txt;0,115321
aleatorios;a1000000.txt;0,115543
aleatorios;a1000000.txt;0,115656
aleatorios;a1000000.txt;0,116056
aleatorios;a1000000.txt;0,115501
aleatorios;a1000000.txt;0,115976
aleatorios;a1000000.txt;0,115175
aleatorios;a1250000.txt;0,145295
aleatorios;a1250000.txt;0,142980
aleatorios;a1250000.txt;0,142375
aleatorios;a1250000.txt;0,145150
aleatorios;a1250000.txt;0,145858
aleatorios;a1250000.txt;0,145152
aleatorios;a1250000.txt;0,145453
aleatorios;a1250000.txt;0,145198
aleatorios;a1250000.txt;0,142758
aleatorios;a1250000.txt;0,142959
aleatorios;a1250000.txt;0,141942
aleatorios;a1250000.txt;0,142918
aleatorios;a1250000.txt;0,143400
aleatorios;a1250000.txt;0,145363
aleatorios;a1250000.txt;0,143249
aleatorios;a1250000.txt;0,143279
aleatorios;a1250000.txt;0,145421
aleatorios;a1250000.txt;0,145798
aleatorios;a1250000.txt;0,145058
aleatorios;a1250000.txt;0,146049
aleatorios;a1250000.txt;0,142807
aleatorios;a1250000.txt;0,144995
aleatorios;a1250000.txt;0,146166
aleatorios;a1250000.txt;0,142995
aleatorios;a1250000.txt;0,143458
aleatorios;a1250000.txt;0,145360
aleatorios;a1250000.txt;0,145184
aleatorios;a1250000.txt;0,145555
aleatorios;a1250000.txt;0,149115
aleatorios;a1250000.txt;0,145671
aleatorios;a1500000.txt;0,159907
aleatorios;a1500000.txt;0,161186
aleatorios;a1500000.txt;0,161438
aleatorios;a1500000.txt;0,162043
aleatorios;a1500000.txt;0,161120
aleatorios;a1500000.txt;0,161539
aleatorios;a1500000.txt;0,162510
aleatorios;a1500000.txt;0,162223
aleatorios;a1500000.txt;0,161326
aleatorios;a1500000.txt;0,160128
aleatorios;a1500000.txt;0,162319
aleatorios;a1500000.txt;0,160818
aleatorios;a1500000.txt;0,159494
aleatorios;a1500000.txt;0,159753
aleatorios;a1500000.txt;0,159117
aleatorios;a1500000.txt;0,160525
aleatorios;a1500000.txt;0,160862
aleatorios;a1500000.txt;0,159774
aleatorios;a1500000.txt;0,156520
aleatorios;a1500000.txt;0,162519
aleatorios;a1500000.txt;0,161669
aleatorios;a1500000.txt;0,161471
aleatorios;a1500000.txt;0,160798
aleatorios;a1500000.txt;0,160526
aleatorios;a1500000.txt;0,160796
aleatorios;a1500000.txt;0,158974
aleatorios;a1500000.txt;0,160864
aleatorios;a1500000.txt;0,162059
aleatorios;a1500000.txt;0,161299
aleatorios;a1500000.txt;0,161474
aleatorios;a2000000.txt;0,166853
aleatorios;a2000000.txt;0,165929
aleatorios;a2000000.txt;0,166229
aleatorios;a2000000.txt;0,168286
aleatorios;a2000000.txt;0,166635
aleatorios;a2000000.txt;0,166004
aleatorios;a2000000.txt;0,165357
aleatorios;a2000000.txt;0,164611
aleatorios;a2000000.txt;0,164480
aleatorios;a2000000.txt;0,166341
aleatorios;a2000000.txt;0,167527
aleatorios;a2000000.txt;0,165662
aleatorios;a2000000.txt;0,165052
aleatorios;a2000000.txt;0,163719
aleatorios;a2000000.txt;0,166746
aleatorios;a2000000.txt;0,167183
aleatorios;a2000000.txt;0,168462
aleatorios;a2000000.txt;0,166998
aleatorios;a2000000.txt;0,165377
aleatorios;a2000000.txt;0,164254
aleatorios;a2000000.txt;0,165529
aleatorios;a2000000.txt;0,164347
aleatorios;a2000000.txt;0,164517
aleatorios;a2000000.txt;0,165445
aleatorios;a2000000.txt;0,165831
aleatorios;a2000000.txt;0,168517
aleatorios;a2000000.txt;0,167273
aleatorios;a2000000.txt;0,164719
aleatorios;a2000000.txt;0,167868
aleatorios;a2000000.txt;0,165820
