Pasta;Arquivo;Tempo_Segundos
aleatorios;a100.txt;0.000013
aleatorios;a100.txt;0.000025
aleatorios;a100.txt;0.000018
aleatorios;a100.txt;0.000021
aleatorios;a100.txt;0.000012
aleatorios;a100.txt;0.000011
aleatorios;a100.txt;0.000018
aleatorios;a100.txt;0.000030
aleatorios;a100.txt;0.000026
aleatorios;a100.txt;0.000011
aleatorios;a100.txt;0.000028
aleatorios;a100.txt;0.000014
aleatorios;a100.txt;0.000011
aleatorios;a100.txt;0.000011
aleatorios;a100.txt;0.000030
aleatorios;a100.txt;0.000025
aleatorios;a100.txt;0.000013
aleatorios;a100.txt;0.000019
aleatorios;a100.txt;0.000025
aleatorios;a100.txt;0.000012
aleatorios;a100.txt;0.000012
aleatorios;a100.txt;0.000031
aleatorios;a100.txt;0.000016
aleatorios;a100.txt;0.000011
aleatorios;a100.txt;0.000011
aleatorios;a100.txt;0.000026
aleatorios;a100.txt;0.000027
aleatorios;a100.txt;0.000044
aleatorios;a100.txt;0.000012
aleatorios;a100.txt;0.000022
aleatorios;a200.txt;0.000030
aleatorios;a200.txt;0.000057
aleatorios;a200.txt;0.000021
aleatorios;a200.txt;0.000040
aleatorios;a200.txt;0.000040
aleatorios;a200.txt;0.000028
aleatorios;a200.txt;0.000019
aleatorios;a200.txt;0.000019
aleatorios;a200.txt;0.000019
aleatorios;a200.txt;0.000020
aleatorios;a200.txt;0.000020
aleatorios;a200.txt;0.000019
aleatorios;a200.txt;0.000020
aleatorios;a200.txt;0.000037
aleatorios;a200.txt;0.000038
aleatorios;a200.txt;0.000035
aleatorios;a200.txt;0.000037
aleatorios;a200.txt;0.000047
aleatorios;a200.txt;0.000020
aleatorios;a200.txt;0.000055
aleatorios;a200.txt;0.000056
aleatorios;a200.txt;0.000019
aleatorios;a200.txt;0.000046
aleatorios;a200.txt;0.000024
aleatorios;a200.txt;0.000020
aleatorios;a200.txt;0.000026
aleatorios;a200.txt;0.000046
aleatorios;a200.txt;0.000046
aleatorios;a200.txt;0.000029
aleatorios;a200.txt;0.000041
aleatorios;a500.txt;0.000091
aleatorios;a500.txt;0.000044
aleatorios;a500.txt;0.000058
aleatorios;a500.txt;0.000046
aleatorios;a500.txt;0.000109
aleatorios;a500.txt;0.000045
aleatorios;a500.txt;0.000082
aleatorios;a500.txt;0.000116
aleatorios;a500.txt;0.000044
aleatorios;a500.txt;0.000071
aleatorios;a500.txt;0.000044
aleatorios;a500.txt;0.000056
aleatorios;a500.txt;0.000046
aleatorios;a500.txt;0.000079
aleatorios;a500.txt;0.000076
aleatorios;a500.txt;0.000108
aleatorios;a500.txt;0.000044
aleatorios;a500.txt;0.000083
aleatorios;a500.txt;0.000095
aleatorios;a500.txt;0.000125
aleatorios;a500.txt;0.000045
aleatorios;a500.txt;0.000120
aleatorios;a500.txt;0.000116
aleatorios;a500.txt;0.000124
aleatorios;a500.txt;0.000137
aleatorios;a500.txt;0.000068
aleatorios;a500.txt;0.000046
aleatorios;a500.txt;0.000050
aleatorios;a500.txt;0.000080
aleatorios;a500.txt;0.000060
aleatorios;a1000.txt;0.000241
aleatorios;a1000.txt;0.000274
aleatorios;a1000.txt;0.000097
aleatorios;a1000.txt;0.000114
aleatorios;a1000.txt;0.000094
aleatorios;a1000.txt;0.000099
aleatorios;a1000.txt;0.000226
aleatorios;a1000.txt;0.000218
aleatorios;a1000.txt;0.000262
aleatorios;a1000.txt;0.000098
aleatorios;a1000.txt;0.000152
aleatorios;a1000.txt;0.000096
aleatorios;a1000.txt;0.000212
aleatorios;a1000.txt;0.000112
aleatorios;a1000.txt;0.000204
aleatorios;a1000.txt;0.000189
aleatorios;a1000.txt;0.000122
aleatorios;a1000.txt;0.000113
aleatorios;a1000.txt;0.000093
aleatorios;a1000.txt;0.000106
aleatorios;a1000.txt;0.000098
aleatorios;a1000.txt;0.000095
aleatorios;a1000.txt;0.000146
aleatorios;a1000.txt;0.000112
aleatorios;a1000.txt;0.000095
aleatorios;a1000.txt;0.000131
aleatorios;a1000.txt;0.000095
aleatorios;a1000.txt;0.000102
aleatorios;a1000.txt;0.000108
aleatorios;a1000.txt;0.000094
aleatorios;a2000.txt;0.000244
aleatorios;a2000.txt;0.000200
aleatorios;a2000.txt;0.000262
aleatorios;a2000.txt;0.000204
aleatorios;a2000.txt;0.000201
aleatorios;a2000.txt;0.000285
aleatorios;a2000.txt;0.000529
aleatorios;a2000.txt;0.000206
aleatorios;a2000.txt;0.000203
aleatorios;a2000.txt;0.000567
aleatorios;a2000.txt;0.000202
aleatorios;a2000.txt;0.000203
aleatorios;a2000.txt;0.000198
aleatorios;a2000.txt;0.000231
aleatorios;a2000.txt;0.000216
aleatorios;a2000.txt;0.000202
aleatorios;a2000.txt;0.000205
aleatorios;a2000.txt;0.000209
aleatorios;a2000.txt;0.000202
aleatorios;a2000.txt;0.000285
aleatorios;a2000.txt;0.000201
aleatorios;a2000.txt;0.000378
aleatorios;a2000.txt;0.000257
aleatorios;a2000.txt;0.000203
aleatorios;a2000.txt;0.000204
aleatorios;a2000.txt;0.000478
aleatorios;a2000.txt;0.000199
aleatorios;a2000.txt;0.000201
aleatorios;a2000.txt;0.000274
aleatorios;a2000.txt;0.000560
aleatorios;a5000.txt;0.001412
aleatorios;a5000.txt;0.001242
aleatorios;a5000.txt;0.000593
aleatorios;a5000.txt;0.000589
aleatorios;a5000.txt;0.001297
aleatorios;a5000.txt;0.000984
aleatorios;a5000.txt;0.000789
aleatorios;a5000.txt;0.000699
aleatorios;a5000.txt;0.000784
aleatorios;a5000.txt;0.000926
aleatorios;a5000.txt;0.001193
aleatorios;a5000.txt;0.001114
aleatorios;a5000.txt;0.000708
aleatorios;a5000.txt;0.000600
aleatorios;a5000.txt;0.000600
aleatorios;a5000.txt;0.000682
aleatorios;a5000.txt;0.001409
aleatorios;a5000.txt;0.001645
aleatorios;a5000.txt;0.001600
aleatorios;a5000.txt;0.001294
aleatorios;a5000.txt;0.000593
aleatorios;a5000.txt;0.000588
aleatorios;a5000.txt;0.001467
aleatorios;a5000.txt;0.001255
aleatorios;a5000.txt;0.000607
aleatorios;a5000.txt;0.001085
aleatorios;a5000.txt;0.001312
aleatorios;a5000.txt;0.001639
aleatorios;a5000.txt;0.001472
aleatorios;a5000.txt;0.000928
aleatorios;a7500.txt;0.000895
aleatorios;a7500.txt;0.002477
aleatorios;a7500.txt;0.002457
aleatorios;a7500.txt;0.001879
aleatorios;a7500.txt;0.001868
aleatorios;a7500.txt;0.002185
aleatorios;a7500.txt;0.002457
aleatorios;a7500.txt;0.002400
aleatorios;a7500.txt;0.002452
aleatorios;a7500.txt;0.001663
aleatorios;a7500.txt;0.001325
aleatorios;a7500.txt;0.001580
aleatorios;a7500.txt;0.000887
aleatorios;a7500.txt;0.002352
aleatorios;a7500.txt;0.000879
aleatorios;a7500.txt;0.000890
aleatorios;a7500.txt;0.002365
aleatorios;a7500.txt;0.001512
aleatorios;a7500.txt;0.002094
aleatorios;a7500.txt;0.002440
aleatorios;a7500.txt;0.001782
aleatorios;a7500.txt;0.000857
aleatorios;a7500.txt;0.000855
aleatorios;a7500.txt;0.000887
aleatorios;a7500.txt;0.001030
aleatorios;a7500.txt;0.001831
aleatorios;a7500.txt;0.000893
aleatorios;a7500.txt;0.002593
aleatorios;a7500.txt;0.000877
aleatorios;a7500.txt;0.000917
aleatorios;a10000.txt;0.002829
aleatorios;a10000.txt;0.002427
aleatorios;a10000.txt;0.001273
aleatorios;a10000.txt;0.002191
aleatorios;a10000.txt;0.001273
aleatorios;a10000.txt;0.001319
aleatorios;a10000.txt;0.001285
aleatorios;a10000.txt;0.002113
aleatorios;a10000.txt;0.001821
aleatorios;a10000.txt;0.003527
aleatorios;a10000.txt;0.002580
aleatorios;a10000.txt;0.001281
aleatorios;a10000.txt;0.003574
aleatorios;a10000.txt;0.001971
aleatorios;a10000.txt;0.002257
aleatorios;a10000.txt;0.001306
aleatorios;a10000.txt;0.001564
aleatorios;a10000.txt;0.002506
aleatorios;a10000.txt;0.001251
aleatorios;a10000.txt;0.001656
aleatorios;a10000.txt;0.001760
aleatorios;a10000.txt;0.001256
aleatorios;a10000.txt;0.001972
aleatorios;a10000.txt;0.001283
aleatorios;a10000.txt;0.001368
aleatorios;a10000.txt;0.001281
aleatorios;a10000.txt;0.001685
aleatorios;a10000.txt;0.002088
aleatorios;a10000.txt;0.003173
aleatorios;a10000.txt;0.001283
aleatorios;a15000.txt;0.005351
aleatorios;a15000.txt;0.002297
aleatorios;a15000.txt;0.003139
aleatorios;a15000.txt;0.003232
aleatorios;a15000.txt;0.001931
aleatorios;a15000.txt;0.002459
aleatorios;a15000.txt;0.003137
aleatorios;a15000.txt;0.003206
aleatorios;a15000.txt;0.003496
aleatorios;a15000.txt;0.002518
aleatorios;a15000.txt;0.003028
aleatorios;a15000.txt;0.001924
aleatorios;a15000.txt;0.002227
aleatorios;a15000.txt;0.001974
aleatorios;a15000.txt;0.003127
aleatorios;a15000.txt;0.002785
aleatorios;a15000.txt;0.004571
aleatorios;a15000.txt;0.001930
aleatorios;a15000.txt;0.002662
aleatorios;a15000.txt;0.003594
aleatorios;a15000.txt;0.004071
aleatorios;a15000.txt;0.002010
aleatorios;a15000.txt;0.002699
aleatorios;a15000.txt;0.002730
aleatorios;a15000.txt;0.001915
aleatorios;a15000.txt;0.002028
aleatorios;a15000.txt;0.001985
aleatorios;a15000.txt;0.002849
aleatorios;a15000.txt;0.002948
aleatorios;a15000.txt;0.002832
aleatorios;a30000.txt;0.006731
aleatorios;a30000.txt;0.005517
aleatorios;a30000.txt;0.007537
aleatorios;a30000.txt;0.006485
aleatorios;a30000.txt;0.004145
aleatorios;a30000.txt;0.004491
aleatorios;a30000.txt;0.004148
aleatorios;a30000.txt;0.007551
aleatorios;a30000.txt;0.004160
aleatorios;a30000.txt;0.004275
aleatorios;a30000.txt;0.005240
aleatorios;a30000.txt;0.004372
aleatorios;a30000.txt;0.005041
aleatorios;a30000.txt;0.005414
aleatorios;a30000.txt;0.005085
aleatorios;a30000.txt;0.008655
aleatorios;a30000.txt;0.005854
aleatorios;a30000.txt;0.004595
aleatorios;a30000.txt;0.004113
aleatorios;a30000.txt;0.005914
aleatorios;a30000.txt;0.005772
aleatorios;a30000.txt;0.004129
aleatorios;a30000.txt;0.005660
aleatorios;a30000.txt;0.008241
aleatorios;a30000.txt;0.005445
aleatorios;a30000.txt;0.004480
aleatorios;a30000.txt;0.004162
aleatorios;a30000.txt;0.004496
aleatorios;a30000.txt;0.006119
aleatorios;a30000.txt;0.004996
aleatorios;a50000.txt;0.008934
aleatorios;a50000.txt;0.007963
aleatorios;a50000.txt;0.008482
aleatorios;a50000.txt;0.009369
aleatorios;a50000.txt;0.007934
aleatorios;a50000.txt;0.008161
aleatorios;a50000.txt;0.007682
aleatorios;a50000.txt;0.007690
aleatorios;a50000.txt;0.007711
aleatorios;a50000.txt;0.007554
aleatorios;a50000.txt;0.007831
aleatorios;a50000.txt;0.007746
aleatorios;a50000.txt;0.007704
aleatorios;a50000.txt;0.007778
aleatorios;a50000.txt;0.007785
aleatorios;a50000.txt;0.007789
aleatorios;a50000.txt;0.007747
aleatorios;a50000.txt;0.009344
aleatorios;a50000.txt;0.010765
aleatorios;a50000.txt;0.008032
aleatorios;a50000.txt;0.007689
aleatorios;a50000.txt;0.008248
aleatorios;a50000.txt;0.008984
aleatorios;a50000.txt;0.008779
aleatorios;a50000.txt;0.009296
aleatorios;a50000.txt;0.007774
aleatorios;a50000.txt;0.008215
aleatorios;a50000.txt;0.007657
aleatorios;a50000.txt;0.007884
aleatorios;a50000.txt;0.008127
aleatorios;a75000.txt;0.012473
aleatorios;a75000.txt;0.012514
aleatorios;a75000.txt;0.015990
aleatorios;a75000.txt;0.012309
aleatorios;a75000.txt;0.012238
aleatorios;a75000.txt;0.012195
aleatorios;a75000.txt;0.012473
aleatorios;a75000.txt;0.012456
aleatorios;a75000.txt;0.012072
aleatorios;a75000.txt;0.013527
aleatorios;a75000.txt;0.012390
aleatorios;a75000.txt;0.012226
aleatorios;a75000.txt;0.012271
aleatorios;a75000.txt;0.012298
aleatorios;a75000.txt;0.012713
aleatorios;a75000.txt;0.012287
aleatorios;a75000.txt;0.012141
aleatorios;a75000.txt;0.013160
aleatorios;a75000.txt;0.012743
aleatorios;a75000.txt;0.012351
aleatorios;a75000.txt;0.012201
aleatorios;a75000.txt;0.012125
aleatorios;a75000.txt;0.012154
aleatorios;a75000.txt;0.012294
aleatorios;a75000.txt;0.012170
aleatorios;a75000.txt;0.012319
aleatorios;a75000.txt;0.012369
aleatorios;a75000.txt;0.012257
aleatorios;a75000.txt;0.012268
aleatorios;a75000.txt;0.012256
aleatorios;a100000.txt;0.016623
aleatorios;a100000.txt;0.017324
aleatorios;a100000.txt;0.018337
aleatorios;a100000.txt;0.016205
aleatorios;a100000.txt;0.016250
aleatorios;a100000.txt;0.016124
aleatorios;a100000.txt;0.015964
aleatorios;a100000.txt;0.016315
aleatorios;a100000.txt;0.016372
aleatorios;a100000.txt;0.016728
aleatorios;a100000.txt;0.016211
aleatorios;a100000.txt;0.016089
aleatorios;a100000.txt;0.016194
aleatorios;a100000.txt;0.016682
aleatorios;a100000.txt;0.016267
aleatorios;a100000.txt;0.024367
aleatorios;a100000.txt;0.020857
aleatorios;a100000.txt;0.016227
aleatorios;a100000.txt;0.016206
aleatorios;a100000.txt;0.016224
aleatorios;a100000.txt;0.016095
aleatorios;a100000.txt;0.018294
aleatorios;a100000.txt;0.016124
aleatorios;a100000.txt;0.016166
aleatorios;a100000.txt;0.016752
aleatorios;a100000.txt;0.016234
aleatorios;a100000.txt;0.016025
aleatorios;a100000.txt;0.016050
aleatorios;a100000.txt;0.016143
aleatorios;a100000.txt;0.016418
aleatorios;a200000.txt;0.034007
aleatorios;a200000.txt;0.034428
aleatorios;a200000.txt;0.033762
aleatorios;a200000.txt;0.033746
aleatorios;a200000.txt;0.034034
aleatorios;a200000.txt;0.033868
aleatorios;a200000.txt;0.034651
aleatorios;a200000.txt;0.034816
aleatorios;a200000.txt;0.034776
aleatorios;a200000.txt;0.033758
aleatorios;a200000.txt;0.034033
aleatorios;a200000.txt;0.033809
aleatorios;a200000.txt;0.034008
aleatorios;a200000.txt;0.034141
aleatorios;a200000.txt;0.034096
aleatorios;a200000.txt;0.034211
aleatorios;a200000.txt;0.034084
aleatorios;a200000.txt;0.036332
aleatorios;a200000.txt;0.034094
aleatorios;a200000.txt;0.034177
aleatorios;a200000.txt;0.033924
aleatorios;a200000.txt;0.033924
aleatorios;a200000.txt;0.034062
aleatorios;a200000.txt;0.035310
aleatorios;a200000.txt;0.034028
aleatorios;a200000.txt;0.033993
aleatorios;a200000.txt;0.033922
aleatorios;a200000.txt;0.035032
aleatorios;a200000.txt;0.034329
aleatorios;a200000.txt;0.033839
aleatorios;a500000.txt;0.089578
aleatorios;a500000.txt;0.089351
aleatorios;a500000.txt;0.090142
aleatorios;a500000.txt;0.090005
aleatorios;a500000.txt;0.090451
aleatorios;a500000.txt;0.089459
aleatorios;a500000.txt;0.088853
aleatorios;a500000.txt;0.089449
aleatorios;a500000.txt;0.089836
aleatorios;a500000.txt;0.089533
aleatorios;a500000.txt;0.089252
aleatorios;a500000.txt;0.090021
aleatorios;a500000.txt;0.089558
aleatorios;a500000.txt;0.089504
aleatorios;a500000.txt;0.088863
aleatorios;a500000.txt;0.089313
aleatorios;a500000.txt;0.089302
aleatorios;a500000.txt;0.089656
aleatorios;a500000.txt;0.089204
aleatorios;a500000.txt;0.089735
aleatorios;a500000.txt;0.089670
aleatorios;a500000.txt;0.089504
aleatorios;a500000.txt;0.089578
aleatorios;a500000.txt;0.089029
aleatorios;a500000.txt;0.089783
aleatorios;a500000.txt;0.089938
aleatorios;a500000.txt;0.089579
aleatorios;a500000.txt;0.089853
aleatorios;a500000.txt;0.089117
aleatorios;a500000.txt;0.089869
aleatorios;a750000.txt;0.141877
aleatorios;a750000.txt;0.142398
aleatorios;a750000.txt;0.141704
aleatorios;a750000.txt;0.141761
aleatorios;a750000.txt;0.141368
aleatorios;a750000.txt;0.141256
aleatorios;a750000.txt;0.142712
aleatorios;a750000.txt;0.141877
aleatorios;a750000.txt;0.141579
aleatorios;a750000.txt;0.141720
aleatorios;a750000.txt;0.140881
aleatorios;a750000.txt;0.141298
aleatorios;a750000.txt;0.141276
aleatorios;a750000.txt;0.141801
aleatorios;a750000.txt;0.141258
aleatorios;a750000.txt;0.141937
aleatorios;a750000.txt;0.142589
aleatorios;a750000.txt;0.141352
aleatorios;a750000.txt;0.141944
aleatorios;a750000.txt;0.141005
aleatorios;a750000.txt;0.141203
aleatorios;a750000.txt;0.141483
aleatorios;a750000.txt;0.140984
aleatorios;a750000.txt;0.141770
aleatorios;a750000.txt;0.141504
aleatorios;a750000.txt;0.141357
aleatorios;a750000.txt;0.140899
aleatorios;a750000.txt;0.141162
aleatorios;a750000.txt;0.140336
aleatorios;a750000.txt;0.141076
aleatorios;a1000000.txt;0.188925
aleatorios;a1000000.txt;0.188469
aleatorios;a1000000.txt;0.188815
aleatorios;a1000000.txt;0.188267
aleatorios;a1000000.txt;0.188820
aleatorios;a1000000.txt;0.188184
aleatorios;a1000000.txt;0.188060
aleatorios;a1000000.txt;0.188351
aleatorios;a1000000.txt;0.188660
aleatorios;a1000000.txt;0.188211
aleatorios;a1000000.txt;0.188683
aleatorios;a1000000.txt;0.188807
aleatorios;a1000000.txt;0.189547
aleatorios;a1000000.txt;0.189101
aleatorios;a1000000.txt;0.188562
aleatorios;a1000000.txt;0.188159
aleatorios;a1000000.txt;0.188064
aleatorios;a1000000.txt;0.188821
aleatorios;a1000000.txt;0.188136
aleatorios;a1000000.txt;0.189551
aleatorios;a1000000.txt;0.189063
aleatorios;a1000000.txt;0.188352
aleatorios;a1000000.txt;0.189079
aleatorios;a1000000.txt;0.188808
aleatorios;a1000000.txt;0.188462
aleatorios;a1000000.txt;0.188812
aleatorios;a1000000.txt;0.188618
aleatorios;a1000000.txt;0.189346
aleatorios;a1000000.txt;0.188723
aleatorios;a1000000.txt;0.189011
aleatorios;a1250000.txt;0.248885
aleatorios;a1250000.txt;0.248833
aleatorios;a1250000.txt;0.246774
aleatorios;a1250000.txt;0.247506
aleatorios;a1250000.txt;0.248891
aleatorios;a1250000.txt;0.247595
aleatorios;a1250000.txt;0.247295
aleatorios;a1250000.txt;0.247321
aleatorios;a1250000.txt;0.247606
aleatorios;a1250000.txt;0.248205
aleatorios;a1250000.txt;0.248087
aleatorios;a1250000.txt;0.248393
aleatorios;a1250000.txt;0.248097
aleatorios;a1250000.txt;0.249050
aleatorios;a1250000.txt;0.247245
aleatorios;a1250000.txt;0.248207
aleatorios;a1250000.txt;0.248529
aleatorios;a1250000.txt;0.247790
aleatorios;a1250000.txt;0.247442
aleatorios;a1250000.txt;0.248595
aleatorios;a1250000.txt;0.247896
aleatorios;a1250000.txt;0.247785
aleatorios;a1250000.txt;0.249103
aleatorios;a1250000.txt;0.248538
aleatorios;a1250000.txt;0.249050
aleatorios;a1250000.txt;0.247157
aleatorios;a1250000.txt;0.248497
aleatorios;a1250000.txt;0.247925
aleatorios;a1250000.txt;0.248076
aleatorios;a1250000.txt;0.246968
aleatorios;a1500000.txt;0.296921
aleatorios;a1500000.txt;0.296259
aleatorios;a1500000.txt;0.296535
aleatorios;a1500000.txt;0.296119
aleatorios;a1500000.txt;0.297638
aleatorios;a1500000.txt;0.297104
aleatorios;a1500000.txt;0.297180
aleatorios;a1500000.txt;0.296058
aleatorios;a1500000.txt;0.297986
aleatorios;a1500000.txt;0.296467
aleatorios;a1500000.txt;0.297488
aleatorios;a1500000.txt;0.296275
aleatorios;a1500000.txt;0.296580
aleatorios;a1500000.txt;0.296101
aleatorios;a1500000.txt;0.295912
aleatorios;a1500000.txt;0.295934
aleatorios;a1500000.txt;0.297525
aleatorios;a1500000.txt;0.295725
aleatorios;a1500000.txt;0.296907
aleatorios;a1500000.txt;0.296538
aleatorios;a1500000.txt;0.295809
aleatorios;a1500000.txt;0.295509
aleatorios;a1500000.txt;0.296640
aleatorios;a1500000.txt;0.295377
aleatorios;a1500000.txt;0.295324
aleatorios;a1500000.txt;0.295652
aleatorios;a1500000.txt;0.296293
aleatorios;a1500000.txt;0.295939
aleatorios;a1500000.txt;0.296723
aleatorios;a1500000.txt;0.296896
aleatorios;a2000000.txt;0.393076
aleatorios;a2000000.txt;0.393173
aleatorios;a2000000.txt;0.394617
aleatorios;a2000000.txt;0.394071
aleatorios;a2000000.txt;0.394194
aleatorios;a2000000.txt;0.393531
aleatorios;a2000000.txt;0.393341
aleatorios;a2000000.txt;0.393333
aleatorios;a2000000.txt;0.393219
aleatorios;a2000000.txt;0.393456
aleatorios;a2000000.txt;0.393622
aleatorios;a2000000.txt;0.393455
aleatorios;a2000000.txt;0.392817
aleatorios;a2000000.txt;0.394655
aleatorios;a2000000.txt;0.393351
aleatorios;a2000000.txt;0.392666
aleatorios;a2000000.txt;0.392641
aleatorios;a2000000.txt;0.393119
aleatorios;a2000000.txt;0.392775
aleatorios;a2000000.txt;0.393761
aleatorios;a2000000.txt;0.392415
aleatorios;a2000000.txt;0.393279
aleatorios;a2000000.txt;0.393055
aleatorios;a2000000.txt;0.392024
aleatorios;a2000000.txt;0.392552
aleatorios;a2000000.txt;0.394582
aleatorios;a2000000.txt;0.392657
aleatorios;a2000000.txt;0.392193
aleatorios;a2000000.txt;0.392679
aleatorios;a2000000.txt;0.392702
