Pasta;Arquivo;Tempo_Segundos
aleatorios;a100.txt;0.000008
aleatorios;a100.txt;0.000007
aleatorios;a100.txt;0.000007
aleatorios;a100.txt;0.000007
aleatorios;a100.txt;0.000010
aleatorios;a100.txt;0.000007
aleatorios;a100.txt;0.000007
aleatorios;a100.txt;0.000008
aleatorios;a100.txt;0.000010
aleatorios;a100.txt;0.000008
aleatorios;a100.txt;0.000012
aleatorios;a100.txt;0.000008
aleatorios;a100.txt;0.000006
aleatorios;a100.txt;0.000014
aleatorios;a100.txt;0.000009
aleatorios;a100.txt;0.000009
aleatorios;a100.txt;0.000006
aleatorios;a100.txt;0.000015
aleatorios;a100.txt;0.000006
aleatorios;a100.txt;0.000007
aleatorios;a100.txt;0.000010
aleatorios;a100.txt;0.000017
aleatorios;a100.txt;0.000014
aleatorios;a100.txt;0.000007
aleatorios;a100.txt;0.000011
aleatorios;a100.txt;0.000008
aleatorios;a100.txt;0.000006
aleatorios;a100.txt;0.000013
aleatorios;a100.txt;0.000008
aleatorios;a100.txt;0.000007
aleatorios;a200.txt;0.000014
aleatorios;a200.txt;0.000017
aleatorios;a200.txt;0.000021
aleatorios;a200.txt;0.000017
aleatorios;a200.txt;0.000032
aleatorios;a200.txt;0.000014
aleatorios;a200.txt;0.000018
aleatorios;a200.txt;0.000017
aleatorios;a200.txt;0.000017
aleatorios;a200.txt;0.000024
aleatorios;a200.txt;0.000016
aleatorios;a200.txt;0.000017
aleatorios;a200.txt;0.000021
aleatorios;a200.txt;0.000020
aleatorios;a200.txt;0.000014
aleatorios;a200.txt;0.000018
aleatorios;a200.txt;0.000017
aleatorios;a200.txt;0.000017
aleatorios;a200.txt;0.000023
aleatorios;a200.txt;0.000016
aleatorios;a200.txt;0.000017
aleatorios;a200.txt;0.000017
aleatorios;a200.txt;0.000018
aleatorios;a200.txt;0.000017
aleatorios;a200.txt;0.000029
aleatorios;a200.txt;0.000021
aleatorios;a200.txt;0.000017
aleatorios;a200.txt;0.000016
aleatorios;a200.txt;0.000016
aleatorios;a200.txt;0.000016
aleatorios;a500.txt;0.000037
aleatorios;a500.txt;0.000057
aleatorios;a500.txt;0.000065
aleatorios;a500.txt;0.000038
aleatorios;a500.txt;0.000035
aleatorios;a500.txt;0.000047
aleatorios;a500.txt;0.000041
aleatorios;a500.txt;0.000035
aleatorios;a500.txt;0.000036
aleatorios;a500.txt;0.000037
aleatorios;a500.txt;0.000036
aleatorios;a500.txt;0.000041
aleatorios;a500.txt;0.000036
aleatorios;a500.txt;0.000044
aleatorios;a500.txt;0.000044
aleatorios;a500.txt;0.000040
aleatorios;a500.txt;0.000039
aleatorios;a500.txt;0.000056
aleatorios;a500.txt;0.000035
aleatorios;a500.txt;0.000040
aleatorios;a500.txt;0.000037
aleatorios;a500.txt;0.000036
aleatorios;a500.txt;0.000035
aleatorios;a500.txt;0.000043
aleatorios;a500.txt;0.000036
aleatorios;a500.txt;0.000036
aleatorios;a500.txt;0.000036
aleatorios;a500.txt;0.000037
aleatorios;a500.txt;0.000036
aleatorios;a500.txt;0.000036
aleatorios;a1000.txt;0.000096
aleatorios;a1000.txt;0.000096
aleatorios;a1000.txt;0.000081
aleatorios;a1000.txt;0.000079
aleatorios;a1000.txt;0.000081
aleatorios;a1000.txt;0.000095
aleatorios;a1000.txt;0.000100
aleatorios;a1000.txt;0.000157
aleatorios;a1000.txt;0.000104
aleatorios;a1000.txt;0.000151
aleatorios;a1000.txt;0.000179
aleatorios;a1000.txt;0.000166
aleatorios;a1000.txt;0.000089
aleatorios;a1000.txt;0.000096
aleatorios;a1000.txt;0.000094
aleatorios;a1000.txt;0.000096
aleatorios;a1000.txt;0.000086
aleatorios;a1000.txt;0.000127
aleatorios;a1000.txt;0.000151
aleatorios;a1000.txt;0.000094
aleatorios;a1000.txt;0.000080
aleatorios;a1000.txt;0.000099
aleatorios;a1000.txt;0.000094
aleatorios;a1000.txt;0.000106
aleatorios;a1000.txt;0.000077
aleatorios;a1000.txt;0.000121
aleatorios;a1000.txt;0.000078
aleatorios;a1000.txt;0.000094
aleatorios;a1000.txt;0.000091
aleatorios;a1000.txt;0.000081
aleatorios;a2000.txt;0.000191
aleatorios;a2000.txt;0.000168
aleatorios;a2000.txt;0.000165
aleatorios;a2000.txt;0.000180
aleatorios;a2000.txt;0.000214
aleatorios;a2000.txt;0.000198
aleatorios;a2000.txt;0.000414
aleatorios;a2000.txt;0.000196
aleatorios;a2000.txt;0.000205
aleatorios;a2000.txt;0.000408
aleatorios;a2000.txt;0.000411
aleatorios;a2000.txt;0.000208
aleatorios;a2000.txt;0.000207
aleatorios;a2000.txt;0.000304
aleatorios;a2000.txt;0.000208
aleatorios;a2000.txt;0.000205
aleatorios;a2000.txt;0.000207
aleatorios;a2000.txt;0.000437
aleatorios;a2000.txt;0.000270
aleatorios;a2000.txt;0.000288
aleatorios;a2000.txt;0.000312
aleatorios;a2000.txt;0.000162
aleatorios;a2000.txt;0.000233
aleatorios;a2000.txt;0.000166
aleatorios;a2000.txt;0.000167
aleatorios;a2000.txt;0.000168
aleatorios;a2000.txt;0.000222
aleatorios;a2000.txt;0.000163
aleatorios;a2000.txt;0.000205
aleatorios;a2000.txt;0.000204
aleatorios;a5000.txt;0.000565
aleatorios;a5000.txt;0.000460
aleatorios;a5000.txt;0.000576
aleatorios;a5000.txt;0.000525
aleatorios;a5000.txt;0.000539
aleatorios;a5000.txt;0.000464
aleatorios;a5000.txt;0.000451
aleatorios;a5000.txt;0.000477
aleatorios;a5000.txt;0.000454
aleatorios;a5000.txt;0.000544
aleatorios;a5000.txt;0.000561
aleatorios;a5000.txt;0.000596
aleatorios;a5000.txt;0.000587
aleatorios;a5000.txt;0.000462
aleatorios;a5000.txt;0.000451
aleatorios;a5000.txt;0.000467
aleatorios;a5000.txt;0.000945
aleatorios;a5000.txt;0.000473
aleatorios;a5000.txt;0.000462
aleatorios;a5000.txt;0.000468
aleatorios;a5000.txt;0.000964
aleatorios;a5000.txt;0.000457
aleatorios;a5000.txt;0.000449
aleatorios;a5000.txt;0.000453
aleatorios;a5000.txt;0.000796
aleatorios;a5000.txt;0.000445
aleatorios;a5000.txt;0.000448
aleatorios;a5000.txt;0.000510
aleatorios;a5000.txt;0.000602
aleatorios;a5000.txt;0.000497
aleatorios;a7500.txt;0.000745
aleatorios;a7500.txt;0.000741
aleatorios;a7500.txt;0.000872
aleatorios;a7500.txt;0.000728
aleatorios;a7500.txt;0.001546
aleatorios;a7500.txt;0.000717
aleatorios;a7500.txt;0.001341
aleatorios;a7500.txt;0.000720
aleatorios;a7500.txt;0.000719
aleatorios;a7500.txt;0.000742
aleatorios;a7500.txt;0.000735
aleatorios;a7500.txt;0.000776
aleatorios;a7500.txt;0.000708
aleatorios;a7500.txt;0.000897
aleatorios;a7500.txt;0.001015
aleatorios;a7500.txt;0.000734
aleatorios;a7500.txt;0.000731
aleatorios;a7500.txt;0.001903
aleatorios;a7500.txt;0.000855
aleatorios;a7500.txt;0.000874
aleatorios;a7500.txt;0.000866
aleatorios;a7500.txt;0.000860
aleatorios;a7500.txt;0.000715
aleatorios;a7500.txt;0.000887
aleatorios;a7500.txt;0.000889
aleatorios;a7500.txt;0.000876
aleatorios;a7500.txt;0.000839
aleatorios;a7500.txt;0.000715
aleatorios;a7500.txt;0.000983
aleatorios;a7500.txt;0.000863
aleatorios;a10000.txt;0.001251
aleatorios;a10000.txt;0.000995
aleatorios;a10000.txt;0.001008
aleatorios;a10000.txt;0.000997
aleatorios;a10000.txt;0.001160
aleatorios;a10000.txt;0.001188
aleatorios;a10000.txt;0.001172
aleatorios;a10000.txt;0.001208
aleatorios;a10000.txt;0.000974
aleatorios;a10000.txt;0.001212
aleatorios;a10000.txt;0.001179
aleatorios;a10000.txt;0.001209
aleatorios;a10000.txt;0.001277
aleatorios;a10000.txt;0.001175
aleatorios;a10000.txt;0.001171
aleatorios;a10000.txt;0.001177
aleatorios;a10000.txt;0.001209
aleatorios;a10000.txt;0.001177
aleatorios;a10000.txt;0.001168
aleatorios;a10000.txt;0.001170
aleatorios;a10000.txt;0.001173
aleatorios;a10000.txt;0.001174
aleatorios;a10000.txt;0.001260
aleatorios;a10000.txt;0.001056
aleatorios;a10000.txt;0.002703
aleatorios;a10000.txt;0.001185
aleatorios;a10000.txt;0.001166
aleatorios;a10000.txt;0.001186
aleatorios;a10000.txt;0.001484
aleatorios;a10000.txt;0.001172
aleatorios;a15000.txt;0.001557
aleatorios;a15000.txt;0.001565
aleatorios;a15000.txt;0.001561
aleatorios;a15000.txt;0.001531
aleatorios;a15000.txt;0.002183
aleatorios;a15000.txt;0.003063
aleatorios;a15000.txt;0.001857
aleatorios;a15000.txt;0.001900
aleatorios;a15000.txt;0.001913
aleatorios;a15000.txt;0.002007
aleatorios;a15000.txt;0.001894
aleatorios;a15000.txt;0.001556
aleatorios;a15000.txt;0.001858
aleatorios;a15000.txt;0.002488
aleatorios;a15000.txt;0.001836
aleatorios;a15000.txt;0.002442
aleatorios;a15000.txt;0.002373
aleatorios;a15000.txt;0.001563
aleatorios;a15000.txt;0.001565
aleatorios;a15000.txt;0.001910
aleatorios;a15000.txt;0.001851
aleatorios;a15000.txt;0.001644
aleatorios;a15000.txt;0.001529
aleatorios;a15000.txt;0.001853
aleatorios;a15000.txt;0.002050
aleatorios;a15000.txt;0.001918
aleatorios;a15000.txt;0.001844
aleatorios;a15000.txt;0.001849
aleatorios;a15000.txt;0.001867
aleatorios;a15000.txt;0.002204
aleatorios;a30000.txt;0.003323
aleatorios;a30000.txt;0.003340
aleatorios;a30000.txt;0.003232
aleatorios;a30000.txt;0.003335
aleatorios;a30000.txt;0.003461
aleatorios;a30000.txt;0.003419
aleatorios;a30000.txt;0.003238
aleatorios;a30000.txt;0.003228
aleatorios;a30000.txt;0.003240
aleatorios;a30000.txt;0.003277
aleatorios;a30000.txt;0.003240
aleatorios;a30000.txt;0.003243
aleatorios;a30000.txt;0.003326
aleatorios;a30000.txt;0.003255
aleatorios;a30000.txt;0.003461
aleatorios;a30000.txt;0.003242
aleatorios;a30000.txt;0.004057
aleatorios;a30000.txt;0.004064
aleatorios;a30000.txt;0.003583
aleatorios;a30000.txt;0.003692
aleatorios;a30000.txt;0.003249
aleatorios;a30000.txt;0.004002
aleatorios;a30000.txt;0.004053
aleatorios;a30000.txt;0.003230
aleatorios;a30000.txt;0.003237
aleatorios;a30000.txt;0.003260
aleatorios;a30000.txt;0.004735
aleatorios;a30000.txt;0.004012
aleatorios;a30000.txt;0.003923
aleatorios;a30000.txt;0.003915
aleatorios;a50000.txt;0.006824
aleatorios;a50000.txt;0.006823
aleatorios;a50000.txt;0.006812
aleatorios;a50000.txt;0.005634
aleatorios;a50000.txt;0.006817
aleatorios;a50000.txt;0.006805
aleatorios;a50000.txt;0.006817
aleatorios;a50000.txt;0.006804
aleatorios;a50000.txt;0.005777
aleatorios;a50000.txt;0.005933
aleatorios;a50000.txt;0.006014
aleatorios;a50000.txt;0.006205
aleatorios;a50000.txt;0.005658
aleatorios;a50000.txt;0.005636
aleatorios;a50000.txt;0.005625
aleatorios;a50000.txt;0.005653
aleatorios;a50000.txt;0.005641
aleatorios;a50000.txt;0.005607
aleatorios;a50000.txt;0.005634
aleatorios;a50000.txt;0.005619
aleatorios;a50000.txt;0.005606
aleatorios;a50000.txt;0.005612
aleatorios;a50000.txt;0.005642
aleatorios;a50000.txt;0.005671
aleatorios;a50000.txt;0.005655
aleatorios;a50000.txt;0.005613
aleatorios;a50000.txt;0.005603
aleatorios;a50000.txt;0.005638
aleatorios;a50000.txt;0.006825
aleatorios;a50000.txt;0.005760
aleatorios;a75000.txt;0.008803
aleatorios;a75000.txt;0.011333
aleatorios;a75000.txt;0.010481
aleatorios;a75000.txt;0.008897
aleatorios;a75000.txt;0.008674
aleatorios;a75000.txt;0.010472
aleatorios;a75000.txt;0.010392
aleatorios;a75000.txt;0.010519
aleatorios;a75000.txt;0.011211
aleatorios;a75000.txt;0.008760
aleatorios;a75000.txt;0.008670
aleatorios;a75000.txt;0.008667
aleatorios;a75000.txt;0.008606
aleatorios;a75000.txt;0.008667
aleatorios;a75000.txt;0.012679
aleatorios;a75000.txt;0.008718
aleatorios;a75000.txt;0.010583
aleatorios;a75000.txt;0.008668
aleatorios;a75000.txt;0.008679
aleatorios;a75000.txt;0.008656
aleatorios;a75000.txt;0.008628
aleatorios;a75000.txt;0.008677
aleatorios;a75000.txt;0.008644
aleatorios;a75000.txt;0.008641
aleatorios;a75000.txt;0.010464
aleatorios;a75000.txt;0.010479
aleatorios;a75000.txt;0.010462
aleatorios;a75000.txt;0.009750
aleatorios;a75000.txt;0.010477
aleatorios;a75000.txt;0.010496
aleatorios;a100000.txt;0.014224
aleatorios;a100000.txt;0.014275
aleatorios;a100000.txt;0.014289
aleatorios;a100000.txt;0.014247
aleatorios;a100000.txt;0.015095
aleatorios;a100000.txt;0.014353
aleatorios;a100000.txt;0.011879
aleatorios;a100000.txt;0.014492
aleatorios;a100000.txt;0.011877
aleatorios;a100000.txt;0.012255
aleatorios;a100000.txt;0.014265
aleatorios;a100000.txt;0.011958
aleatorios;a100000.txt;0.011781
aleatorios;a100000.txt;0.011757
aleatorios;a100000.txt;0.011704
aleatorios;a100000.txt;0.011792
aleatorios;a100000.txt;0.011810
aleatorios;a100000.txt;0.011819
aleatorios;a100000.txt;0.011767
aleatorios;a100000.txt;0.011756
aleatorios;a100000.txt;0.011781
aleatorios;a100000.txt;0.011793
aleatorios;a100000.txt;0.011756
aleatorios;a100000.txt;0.011812
aleatorios;a100000.txt;0.011764
aleatorios;a100000.txt;0.011754
aleatorios;a100000.txt;0.014320
aleatorios;a100000.txt;0.011895
aleatorios;a100000.txt;0.011776
aleatorios;a100000.txt;0.014369
aleatorios;a200000.txt;0.029750
aleatorios;a200000.txt;0.025008
aleatorios;a200000.txt;0.024455
aleatorios;a200000.txt;0.029453
aleatorios;a200000.txt;0.029378
aleatorios;a200000.txt;0.024506
aleatorios;a200000.txt;0.029550
aleatorios;a200000.txt;0.024501
aleatorios;a200000.txt;0.029575
aleatorios;a200000.txt;0.024704
aleatorios;a200000.txt;0.024547
aleatorios;a200000.txt;0.024492
aleatorios;a200000.txt;0.029589
aleatorios;a200000.txt;0.029418
aleatorios;a200000.txt;0.029468
aleatorios;a200000.txt;0.029503
aleatorios;a200000.txt;0.024692
aleatorios;a200000.txt;0.024491
aleatorios;a200000.txt;0.024418
aleatorios;a200000.txt;0.029543
aleatorios;a200000.txt;0.029460
aleatorios;a200000.txt;0.029588
aleatorios;a200000.txt;0.029505
aleatorios;a200000.txt;0.029508
aleatorios;a200000.txt;0.024596
aleatorios;a200000.txt;0.024352
aleatorios;a200000.txt;0.029554
aleatorios;a200000.txt;0.024483
aleatorios;a200000.txt;0.024515
aleatorios;a200000.txt;0.029428
aleatorios;a500000.txt;0.076444
aleatorios;a500000.txt;0.077387
aleatorios;a500000.txt;0.075973
aleatorios;a500000.txt;0.076241
aleatorios;a500000.txt;0.063363
aleatorios;a500000.txt;0.063435
aleatorios;a500000.txt;0.063740
aleatorios;a500000.txt;0.063660
aleatorios;a500000.txt;0.063265
aleatorios;a500000.txt;0.063359
aleatorios;a500000.txt;0.063031
aleatorios;a500000.txt;0.063321
aleatorios;a500000.txt;0.063784
aleatorios;a500000.txt;0.063208
aleatorios;a500000.txt;0.063425
aleatorios;a500000.txt;0.076623
aleatorios;a500000.txt;0.063880
aleatorios;a500000.txt;0.063722
aleatorios;a500000.txt;0.076299
aleatorios;a500000.txt;0.076423
aleatorios;a500000.txt;0.063540
aleatorios;a500000.txt;0.063590
aleatorios;a500000.txt;0.063425
aleatorios;a500000.txt;0.063636
aleatorios;a500000.txt;0.063407
aleatorios;a500000.txt;0.063521
aleatorios;a500000.txt;0.076123
aleatorios;a500000.txt;0.062929
aleatorios;a500000.txt;0.063308
aleatorios;a500000.txt;0.063022
aleatorios;a750000.txt;0.116498
aleatorios;a750000.txt;0.116438
aleatorios;a750000.txt;0.115631
aleatorios;a750000.txt;0.117435
aleatorios;a750000.txt;0.117114
aleatorios;a750000.txt;0.097057
aleatorios;a750000.txt;0.116070
aleatorios;a750000.txt;0.115841
aleatorios;a750000.txt;0.116464
aleatorios;a750000.txt;0.116612
aleatorios;a750000.txt;0.097355
aleatorios;a750000.txt;0.097233
aleatorios;a750000.txt;0.098329
aleatorios;a750000.txt;0.097517
aleatorios;a750000.txt;0.117361
aleatorios;a750000.txt;0.117060
aleatorios;a750000.txt;0.116908
aleatorios;a750000.txt;0.098002
aleatorios;a750000.txt;0.097481
aleatorios;a750000.txt;0.097405
aleatorios;a750000.txt;0.117966
aleatorios;a750000.txt;0.117963
aleatorios;a750000.txt;0.098205
aleatorios;a750000.txt;0.117269
aleatorios;a750000.txt;0.118005
aleatorios;a750000.txt;0.098143
aleatorios;a750000.txt;0.097946
aleatorios;a750000.txt;0.098157
aleatorios;a750000.txt;0.117895
aleatorios;a750000.txt;0.117505
aleatorios;a1000000.txt;0.132458
aleatorios;a1000000.txt;0.157075
aleatorios;a1000000.txt;0.157636
aleatorios;a1000000.txt;0.131621
aleatorios;a1000000.txt;0.131152
aleatorios;a1000000.txt;0.157970
aleatorios;a1000000.txt;0.156135
aleatorios;a1000000.txt;0.157913
aleatorios;a1000000.txt;0.157059
aleatorios;a1000000.txt;0.158909
aleatorios;a1000000.txt;0.131081
aleatorios;a1000000.txt;0.157364
aleatorios;a1000000.txt;0.132092
aleatorios;a1000000.txt;0.132191
aleatorios;a1000000.txt;0.131948
aleatorios;a1000000.txt;0.131647
aleatorios;a1000000.txt;0.158755
aleatorios;a1000000.txt;0.156835
aleatorios;a1000000.txt;0.156207
aleatorios;a1000000.txt;0.130829
aleatorios;a1000000.txt;0.130398
aleatorios;a1000000.txt;0.131015
aleatorios;a1000000.txt;0.130600
aleatorios;a1000000.txt;0.130559
aleatorios;a1000000.txt;0.155440
aleatorios;a1000000.txt;0.155636
aleatorios;a1000000.txt;0.156181
aleatorios;a1000000.txt;0.155532
aleatorios;a1000000.txt;0.155765
aleatorios;a1000000.txt;0.155729
aleatorios;a1250000.txt;0.161612
aleatorios;a1250000.txt;0.193582
aleatorios;a1250000.txt;0.161818
aleatorios;a1250000.txt;0.162172
aleatorios;a1250000.txt;0.194121
aleatorios;a1250000.txt;0.162005
aleatorios;a1250000.txt;0.162281
aleatorios;a1250000.txt;0.161501
aleatorios;a1250000.txt;0.161873
aleatorios;a1250000.txt;0.161930
aleatorios;a1250000.txt;0.193345
aleatorios;a1250000.txt;0.193115
aleatorios;a1250000.txt;0.194977
aleatorios;a1250000.txt;0.161069
aleatorios;a1250000.txt;0.193927
aleatorios;a1250000.txt;0.192769
aleatorios;a1250000.txt;0.192866
aleatorios;a1250000.txt;0.161061
aleatorios;a1250000.txt;0.193749
aleatorios;a1250000.txt;0.160883
aleatorios;a1250000.txt;0.162032
aleatorios;a1250000.txt;0.192496
aleatorios;a1250000.txt;0.192589
aleatorios;a1250000.txt;0.161367
aleatorios;a1250000.txt;0.192358
aleatorios;a1250000.txt;0.192310
aleatorios;a1250000.txt;0.162020
aleatorios;a1250000.txt;0.193373
aleatorios;a1250000.txt;0.193572
aleatorios;a1250000.txt;0.161082
aleatorios;a1500000.txt;0.235839
aleatorios;a1500000.txt;0.235461
aleatorios;a1500000.txt;0.236658
aleatorios;a1500000.txt;0.197917
aleatorios;a1500000.txt;0.236399
aleatorios;a1500000.txt;0.236632
aleatorios;a1500000.txt;0.236774
aleatorios;a1500000.txt;0.237111
aleatorios;a1500000.txt;0.198698
aleatorios;a1500000.txt;0.199635
aleatorios;a1500000.txt;0.238998
aleatorios;a1500000.txt;0.236531
aleatorios;a1500000.txt;0.238282
aleatorios;a1500000.txt;0.237829
aleatorios;a1500000.txt;0.238228
aleatorios;a1500000.txt;0.198473
aleatorios;a1500000.txt;0.200126
aleatorios;a1500000.txt;0.238503
aleatorios;a1500000.txt;0.238440
aleatorios;a1500000.txt;0.201123
aleatorios;a1500000.txt;0.200542
aleatorios;a1500000.txt;0.201048
aleatorios;a1500000.txt;0.241373
aleatorios;a1500000.txt;0.242471
aleatorios;a1500000.txt;0.239848
aleatorios;a1500000.txt;0.202735
aleatorios;a1500000.txt;0.241639
aleatorios;a1500000.txt;0.201400
aleatorios;a1500000.txt;0.241982
aleatorios;a1500000.txt;0.201303
aleatorios;a2000000.txt;0.269364
aleatorios;a2000000.txt;0.268485
aleatorios;a2000000.txt;0.267891
aleatorios;a2000000.txt;0.319023
aleatorios;a2000000.txt;0.321001
aleatorios;a2000000.txt;0.267797
aleatorios;a2000000.txt;0.266667
aleatorios;a2000000.txt;0.318846
aleatorios;a2000000.txt;0.317532
aleatorios;a2000000.txt;0.316568
aleatorios;a2000000.txt;0.316375
aleatorios;a2000000.txt;0.317796
aleatorios;a2000000.txt;0.317680
aleatorios;a2000000.txt;0.315602
aleatorios;a2000000.txt;0.265085
aleatorios;a2000000.txt;0.318823
aleatorios;a2000000.txt;0.265638
aleatorios;a2000000.txt;0.265971
aleatorios;a2000000.txt;0.264587
aleatorios;a2000000.txt;0.315993
aleatorios;a2000000.txt;0.264008
aleatorios;a2000000.txt;0.315359
aleatorios;a2000000.txt;0.315190
aleatorios;a2000000.txt;0.312271
aleatorios;a2000000.txt;0.261430
aleatorios;a2000000.txt;0.260697
aleatorios;a2000000.txt;0.261482
aleatorios;a2000000.txt;0.312498
aleatorios;a2000000.txt;0.312094
aleatorios;a2000000.txt;0.311942
