aleatorios;a100.txt;0.000024
aleatorios;a100.txt;0.000023
aleatorios;a100.txt;0.000023
aleatorios;a100.txt;0.000025
aleatorios;a100.txt;0.000023
aleatorios;a100.txt;0.000024
aleatorios;a100.txt;0.000026
aleatorios;a100.txt;0.000026
aleatorios;a100.txt;0.000026
aleatorios;a100.txt;0.000026
aleatorios;a100.txt;0.000023
aleatorios;a100.txt;0.000023
aleatorios;a100.txt;0.000023
aleatorios;a100.txt;0.000023
aleatorios;a100.txt;0.000023
aleatorios;a100.txt;0.000025
aleatorios;a100.txt;0.000023
aleatorios;a100.txt;0.000027
aleatorios;a100.txt;0.000023
aleatorios;a100.txt;0.000023
aleatorios;a100.txt;0.000027
aleatorios;a100.txt;0.000030
aleatorios;a100.txt;0.000023
aleatorios;a100.txt;0.000025
aleatorios;a100.txt;0.000023
aleatorios;a100.txt;0.000023
aleatorios;a100.txt;0.000023
aleatorios;a100.txt;0.000023
aleatorios;a100.txt;0.000023
aleatorios;a100.txt;0.000023
aleatorios;a200.txt;0.000039
aleatorios;a200.txt;0.000041
aleatorios;a200.txt;0.000038
aleatorios;a200.txt;0.000039
aleatorios;a200.txt;0.000039
aleatorios;a200.txt;0.000039
aleatorios;a200.txt;0.000044
aleatorios;a200.txt;0.000039
aleatorios;a200.txt;0.000038
aleatorios;a200.txt;0.000038
aleatorios;a200.txt;0.000040
aleatorios;a200.txt;0.000038
aleatorios;a200.txt;0.000040
aleatorios;a200.txt;0.000044
aleatorios;a200.txt;0.000038
aleatorios;a200.txt;0.000041
aleatorios;a200.txt;0.000041
aleatorios;a200.txt;0.000043
aleatorios;a200.txt;0.000038
aleatorios;a200.txt;0.000038
aleatorios;a200.txt;0.000039
aleatorios;a200.txt;0.000044
aleatorios;a200.txt;0.000038
aleatorios;a200.txt;0.000041
aleatorios;a200.txt;0.000048
aleatorios;a200.txt;0.000038
aleatorios;a200.txt;0.000040
aleatorios;a200.txt;0.000039
aleatorios;a200.txt;0.000039
aleatorios;a200.txt;0.000042
aleatorios;a500.txt;0.000100
aleatorios;a500.txt;0.000097
aleatorios;a500.txt;0.000095
aleatorios;a500.txt;0.000091
aleatorios;a500.txt;0.000094
aleatorios;a500.txt;0.000097
aleatorios;a500.txt;0.000094
aleatorios;a500.txt;0.000095
aleatorios;a500.txt;0.000090
aleatorios;a500.txt;0.000091
aleatorios;a500.txt;0.000090
aleatorios;a500.txt;0.000090
aleatorios;a500.txt;0.000094
aleatorios;a500.txt;0.000097
aleatorios;a500.txt;0.000089
aleatorios;a500.txt;0.000097
aleatorios;a500.txt;0.000093
aleatorios;a500.txt;0.000097
aleatorios;a500.txt;0.000097
aleatorios;a500.txt;0.000093
aleatorios;a500.txt;0.000090
aleatorios;a500.txt;0.000095
aleatorios;a500.txt;0.000090
aleatorios;a500.txt;0.000092
aleatorios;a500.txt;0.000099
aleatorios;a500.txt;0.000094
aleatorios;a500.txt;0.000096
aleatorios;a500.txt;0.000089
aleatorios;a500.txt;0.000092
aleatorios;a500.txt;0.000092
aleatorios;a1000.txt;0.000190
aleatorios;a1000.txt;0.000185
aleatorios;a1000.txt;0.000182
aleatorios;a1000.txt;0.000193
aleatorios;a1000.txt;0.000190
aleatorios;a1000.txt;0.000187
aleatorios;a1000.txt;0.000186
aleatorios;a1000.txt;0.000187
aleatorios;a1000.txt;0.000185
aleatorios;a1000.txt;0.000186
aleatorios;a1000.txt;0.000191
aleatorios;a1000.txt;0.000188
aleatorios;a1000.txt;0.000193
aleatorios;a1000.txt;0.000185
aleatorios;a1000.txt;0.000182
aleatorios;a1000.txt;0.000182
aleatorios;a1000.txt;0.000181
aleatorios;a1000.txt;0.000184
aleatorios;a1000.txt;0.000180
aleatorios;a1000.txt;0.000187
aleatorios;a1000.txt;0.000197
aleatorios;a1000.txt;0.000185
aleatorios;a1000.txt;0.000184
aleatorios;a1000.txt;0.000180
aleatorios;a1000.txt;0.000183
aleatorios;a1000.txt;0.000187
aleatorios;a1000.txt;0.000183
aleatorios;a1000.txt;0.000185
aleatorios;a1000.txt;0.000181
aleatorios;a1000.txt;0.000185
aleatorios;a2000.txt;0.000407
aleatorios;a2000.txt;0.000404
aleatorios;a2000.txt;0.000887
aleatorios;a2000.txt;0.001134
aleatorios;a2000.txt;0.000964
aleatorios;a2000.txt;0.000397
aleatorios;a2000.txt;0.000403
aleatorios;a2000.txt;0.000390
aleatorios;a2000.txt;0.000396
aleatorios;a2000.txt;0.000400
aleatorios;a2000.txt;0.000837
aleatorios;a2000.txt;0.000902
aleatorios;a2000.txt;0.000394
aleatorios;a2000.txt;0.001018
aleatorios;a2000.txt;0.000395
aleatorios;a2000.txt;0.000876
aleatorios;a2000.txt;0.000963
aleatorios;a2000.txt;0.000389
aleatorios;a2000.txt;0.000889
aleatorios;a2000.txt;0.000399
aleatorios;a2000.txt;0.000398
aleatorios;a2000.txt;0.000405
aleatorios;a2000.txt;0.000843
aleatorios;a2000.txt;0.001000
aleatorios;a2000.txt;0.000861
aleatorios;a2000.txt;0.000872
aleatorios;a2000.txt;0.000827
aleatorios;a2000.txt;0.000910
aleatorios;a2000.txt;0.000393
aleatorios;a2000.txt;0.001129
aleatorios;a5000.txt;0.001154
aleatorios;a5000.txt;0.001157
aleatorios;a5000.txt;0.001148
aleatorios;a5000.txt;0.001174
aleatorios;a5000.txt;0.001157
aleatorios;a5000.txt;0.001149
aleatorios;a5000.txt;0.001159
aleatorios;a5000.txt;0.001173
aleatorios;a5000.txt;0.001163
aleatorios;a5000.txt;0.001199
aleatorios;a5000.txt;0.001148
aleatorios;a5000.txt;0.001171
aleatorios;a5000.txt;0.001156
aleatorios;a5000.txt;0.001170
aleatorios;a5000.txt;0.001169
aleatorios;a5000.txt;0.001178
aleatorios;a5000.txt;0.001174
aleatorios;a5000.txt;0.001165
aleatorios;a5000.txt;0.001153
aleatorios;a5000.txt;0.001162
aleatorios;a5000.txt;0.001161
aleatorios;a5000.txt;0.001158
aleatorios;a5000.txt;0.001171
aleatorios;a5000.txt;0.001150
aleatorios;a5000.txt;0.001180
aleatorios;a5000.txt;0.001167
aleatorios;a5000.txt;0.001156
aleatorios;a5000.txt;0.001152
aleatorios;a5000.txt;0.001185
aleatorios;a5000.txt;0.001152
aleatorios;a7500.txt;0.001647
aleatorios;a7500.txt;0.001626
aleatorios;a7500.txt;0.001608
aleatorios;a7500.txt;0.001620
aleatorios;a7500.txt;0.001656
aleatorios;a7500.txt;0.001647
aleatorios;a7500.txt;0.001611
aleatorios;a7500.txt;0.001553
aleatorios;a7500.txt;0.001674
aleatorios;a7500.txt;0.001630
aleatorios;a7500.txt;0.001626
aleatorios;a7500.txt;0.001576
aleatorios;a7500.txt;0.001607
aleatorios;a7500.txt;0.001628
aleatorios;a7500.txt;0.001577
aleatorios;a7500.txt;0.001585
aleatorios;a7500.txt;0.001616
aleatorios;a7500.txt;0.001607
aleatorios;a7500.txt;0.001586
aleatorios;a7500.txt;0.001581
aleatorios;a7500.txt;0.001623
aleatorios;a7500.txt;0.001592
aleatorios;a7500.txt;0.001624
aleatorios;a7500.txt;0.001645
aleatorios;a7500.txt;0.001595
aleatorios;a7500.txt;0.001643
aleatorios;a7500.txt;0.001660
aleatorios;a7500.txt;0.001633
aleatorios;a7500.txt;0.001695
aleatorios;a7500.txt;0.001641
aleatorios;a10000.txt;0.002035
aleatorios;a10000.txt;0.002024
aleatorios;a10000.txt;0.002063
aleatorios;a10000.txt;0.002079
aleatorios;a10000.txt;0.002070
aleatorios;a10000.txt;0.002086
aleatorios;a10000.txt;0.002079
aleatorios;a10000.txt;0.002109
aleatorios;a10000.txt;0.002057
aleatorios;a10000.txt;0.002054
aleatorios;a10000.txt;0.002126
aleatorios;a10000.txt;0.002111
aleatorios;a10000.txt;0.002041
aleatorios;a10000.txt;0.002080
aleatorios;a10000.txt;0.002117
aleatorios;a10000.txt;0.002098
aleatorios;a10000.txt;0.002064
aleatorios;a10000.txt;0.002081
aleatorios;a10000.txt;0.002113
aleatorios;a10000.txt;0.002073
aleatorios;a10000.txt;0.002101
aleatorios;a10000.txt;0.002068
aleatorios;a10000.txt;0.002055
aleatorios;a10000.txt;0.002131
aleatorios;a10000.txt;0.002089
aleatorios;a10000.txt;0.002077
aleatorios;a10000.txt;0.002111
aleatorios;a10000.txt;0.002170
aleatorios;a10000.txt;0.002085
aleatorios;a10000.txt;0.002065
aleatorios;a15000.txt;0.002832
aleatorios;a15000.txt;0.002894
aleatorios;a15000.txt;0.002857
aleatorios;a15000.txt;0.003092
aleatorios;a15000.txt;0.002868
aleatorios;a15000.txt;0.002818
aleatorios;a15000.txt;0.002859
aleatorios;a15000.txt;0.002861
aleatorios;a15000.txt;0.002849
aleatorios;a15000.txt;0.002855
aleatorios;a15000.txt;0.002905
aleatorios;a15000.txt;0.002864
aleatorios;a15000.txt;0.002832
aleatorios;a15000.txt;0.002861
aleatorios;a15000.txt;0.002909
aleatorios;a15000.txt;0.002880
aleatorios;a15000.txt;0.002895
aleatorios;a15000.txt;0.002837
aleatorios;a15000.txt;0.002897
aleatorios;a15000.txt;0.003006
aleatorios;a15000.txt;0.002858
aleatorios;a15000.txt;0.002864
aleatorios;a15000.txt;0.002945
aleatorios;a15000.txt;0.003106
aleatorios;a15000.txt;0.002994
aleatorios;a15000.txt;0.002900
aleatorios;a15000.txt;0.002861
aleatorios;a15000.txt;0.002885
aleatorios;a15000.txt;0.002944
aleatorios;a15000.txt;0.002884
aleatorios;a30000.txt;0.005694
aleatorios;a30000.txt;0.005648
aleatorios;a30000.txt;0.005739
aleatorios;a30000.txt;0.007082
aleatorios;a30000.txt;0.005666
aleatorios;a30000.txt;0.006645
aleatorios;a30000.txt;0.006549
aleatorios;a30000.txt;0.006535
aleatorios;a30000.txt;0.005728
aleatorios;a30000.txt;0.006486
aleatorios;a30000.txt;0.006999
aleatorios;a30000.txt;0.005748
aleatorios;a30000.txt;0.005675
aleatorios;a30000.txt;0.005737
aleatorios;a30000.txt;0.007001
aleatorios;a30000.txt;0.005754
aleatorios;a30000.txt;0.006528
aleatorios;a30000.txt;0.007251
aleatorios;a30000.txt;0.006852
aleatorios;a30000.txt;0.006620
aleatorios;a30000.txt;0.006604
aleatorios;a30000.txt;0.005688
aleatorios;a30000.txt;0.006535
aleatorios;a30000.txt;0.006619
aleatorios;a30000.txt;0.006482
aleatorios;a30000.txt;0.006504
aleatorios;a30000.txt;0.005779
aleatorios;a30000.txt;0.005715
aleatorios;a30000.txt;0.006528
aleatorios;a30000.txt;0.006544
aleatorios;a50000.txt;0.011105
aleatorios;a50000.txt;0.011155
aleatorios;a50000.txt;0.012044
aleatorios;a50000.txt;0.010583
aleatorios;a50000.txt;0.009485
aleatorios;a50000.txt;0.011067
aleatorios;a50000.txt;0.011206
aleatorios;a50000.txt;0.011579
aleatorios;a50000.txt;0.011126
aleatorios;a50000.txt;0.010908
aleatorios;a50000.txt;0.011397
aleatorios;a50000.txt;0.011129
aleatorios;a50000.txt;0.009585
aleatorios;a50000.txt;0.011988
aleatorios;a50000.txt;0.011599
aleatorios;a50000.txt;0.011067
aleatorios;a50000.txt;0.011531
aleatorios;a50000.txt;0.011082
aleatorios;a50000.txt;0.011130
aleatorios;a50000.txt;0.011673
aleatorios;a50000.txt;0.010984
aleatorios;a50000.txt;0.011179
aleatorios;a50000.txt;0.011117
aleatorios;a50000.txt;0.011244
aleatorios;a50000.txt;0.011544
aleatorios;a50000.txt;0.011198
aleatorios;a50000.txt;0.011271
aleatorios;a50000.txt;0.009652
aleatorios;a50000.txt;0.011504
aleatorios;a50000.txt;0.010982
aleatorios;a75000.txt;0.014764
aleatorios;a75000.txt;0.014282
aleatorios;a75000.txt;0.014229
aleatorios;a75000.txt;0.014438
aleatorios;a75000.txt;0.014904
aleatorios;a75000.txt;0.014251
aleatorios;a75000.txt;0.014583
aleatorios;a75000.txt;0.014449
aleatorios;a75000.txt;0.014530
aleatorios;a75000.txt;0.014402
aleatorios;a75000.txt;0.014234
aleatorios;a75000.txt;0.014525
aleatorios;a75000.txt;0.014437
aleatorios;a75000.txt;0.014186
aleatorios;a75000.txt;0.014553
aleatorios;a75000.txt;0.014294
aleatorios;a75000.txt;0.014997
aleatorios;a75000.txt;0.014718
aleatorios;a75000.txt;0.014527
aleatorios;a75000.txt;0.014996
aleatorios;a75000.txt;0.014666
aleatorios;a75000.txt;0.015021
aleatorios;a75000.txt;0.014406
aleatorios;a75000.txt;0.015975
aleatorios;a75000.txt;0.014400
aleatorios;a75000.txt;0.015074
aleatorios;a75000.txt;0.014518
aleatorios;a75000.txt;0.015016
aleatorios;a75000.txt;0.014504
aleatorios;a75000.txt;0.014247
aleatorios;a100000.txt;0.019482
aleatorios;a100000.txt;0.020019
aleatorios;a100000.txt;0.019575
aleatorios;a100000.txt;0.019764
aleatorios;a100000.txt;0.019626
aleatorios;a100000.txt;0.019442
aleatorios;a100000.txt;0.019936
aleatorios;a100000.txt;0.020040
aleatorios;a100000.txt;0.019764
aleatorios;a100000.txt;0.019766
aleatorios;a100000.txt;0.020891
aleatorios;a100000.txt;0.019676
aleatorios;a100000.txt;0.019900
aleatorios;a100000.txt;0.019930
aleatorios;a100000.txt;0.019466
aleatorios;a100000.txt;0.020214
aleatorios;a100000.txt;0.019620
aleatorios;a100000.txt;0.019477
aleatorios;a100000.txt;0.019692
aleatorios;a100000.txt;0.020088
aleatorios;a100000.txt;0.019903
aleatorios;a100000.txt;0.019744
aleatorios;a100000.txt;0.019993
aleatorios;a100000.txt;0.019637
aleatorios;a100000.txt;0.020250
aleatorios;a100000.txt;0.019533
aleatorios;a100000.txt;0.020536
aleatorios;a100000.txt;0.019456
aleatorios;a100000.txt;0.019831
aleatorios;a100000.txt;0.019815
aleatorios;a200000.txt;0.040021
aleatorios;a200000.txt;0.039468
aleatorios;a200000.txt;0.039907
aleatorios;a200000.txt;0.039612
aleatorios;a200000.txt;0.040095
aleatorios;a200000.txt;0.039251
aleatorios;a200000.txt;0.039529
aleatorios;a200000.txt;0.039475
aleatorios;a200000.txt;0.039867
aleatorios;a200000.txt;0.039404
aleatorios;a200000.txt;0.040306
aleatorios;a200000.txt;0.039427
aleatorios;a200000.txt;0.039844
aleatorios;a200000.txt;0.040041
aleatorios;a200000.txt;0.039930
aleatorios;a200000.txt;0.039441
aleatorios;a200000.txt;0.040310
aleatorios;a200000.txt;0.039999
aleatorios;a200000.txt;0.039245
aleatorios;a200000.txt;0.040185
aleatorios;a200000.txt;0.039352
aleatorios;a200000.txt;0.039865
aleatorios;a200000.txt;0.039363
aleatorios;a200000.txt;0.040094
aleatorios;a200000.txt;0.039298
aleatorios;a200000.txt;0.040320
aleatorios;a200000.txt;0.039442
aleatorios;a200000.txt;0.040104
aleatorios;a200000.txt;0.039372
aleatorios;a200000.txt;0.039368
aleatorios;a500000.txt;0.102914
aleatorios;a500000.txt;0.102294
aleatorios;a500000.txt;0.100979
aleatorios;a500000.txt;0.100868
aleatorios;a500000.txt;0.101197
aleatorios;a500000.txt;0.102103
aleatorios;a500000.txt;0.101809
aleatorios;a500000.txt;0.100629
aleatorios;a500000.txt;0.100523
aleatorios;a500000.txt;0.100465
aleatorios;a500000.txt;0.102219
aleatorios;a500000.txt;0.100886
aleatorios;a500000.txt;0.100578
aleatorios;a500000.txt;0.100654
aleatorios;a500000.txt;0.102983
aleatorios;a500000.txt;0.100697
aleatorios;a500000.txt;0.102063
aleatorios;a500000.txt;0.100776
aleatorios;a500000.txt;0.102306
aleatorios;a500000.txt;0.100339
aleatorios;a500000.txt;0.100328
aleatorios;a500000.txt;0.101219
aleatorios;a500000.txt;0.101128
aleatorios;a500000.txt;0.102401
aleatorios;a500000.txt;0.101551
aleatorios;a500000.txt;0.101948
aleatorios;a500000.txt;0.102723
aleatorios;a500000.txt;0.100307
aleatorios;a500000.txt;0.101952
aleatorios;a500000.txt;0.100826
aleatorios;a750000.txt;0.153337
aleatorios;a750000.txt;0.150502
aleatorios;a750000.txt;0.153451
aleatorios;a750000.txt;0.152684
aleatorios;a750000.txt;0.153285
aleatorios;a750000.txt;0.150377
aleatorios;a750000.txt;0.152997
aleatorios;a750000.txt;0.150539
aleatorios;a750000.txt;0.152581
aleatorios;a750000.txt;0.150814
aleatorios;a750000.txt;0.153233
aleatorios;a750000.txt;0.150564
aleatorios;a750000.txt;0.153121
aleatorios;a750000.txt;0.150326
aleatorios;a750000.txt;0.152719
aleatorios;a750000.txt;0.153449
aleatorios;a750000.txt;0.153237
aleatorios;a750000.txt;0.150947
aleatorios;a750000.txt;0.152794
aleatorios;a750000.txt;0.152870
aleatorios;a750000.txt;0.150602
aleatorios;a750000.txt;0.150633
aleatorios;a750000.txt;0.152572
aleatorios;a750000.txt;0.153564
aleatorios;a750000.txt;0.153395
aleatorios;a750000.txt;0.150543
aleatorios;a750000.txt;0.150848
aleatorios;a750000.txt;0.153466
aleatorios;a750000.txt;0.150605
aleatorios;a750000.txt;0.150571
aleatorios;a1000000.txt;0.206390
aleatorios;a1000000.txt;0.205072
aleatorios;a1000000.txt;0.208620
aleatorios;a1000000.txt;0.207493
aleatorios;a1000000.txt;0.208024
aleatorios;a1000000.txt;0.208540
aleatorios;a1000000.txt;0.203705
aleatorios;a1000000.txt;0.204168
aleatorios;a1000000.txt;0.205546
aleatorios;a1000000.txt;0.208146
aleatorios;a1000000.txt;0.207799
aleatorios;a1000000.txt;0.208211
aleatorios;a1000000.txt;0.204747
aleatorios;a1000000.txt;0.204064
aleatorios;a1000000.txt;0.204439
aleatorios;a1000000.txt;0.207300
aleatorios;a1000000.txt;0.207188
aleatorios;a1000000.txt;0.204308
aleatorios;a1000000.txt;0.204081
aleatorios;a1000000.txt;0.207251
aleatorios;a1000000.txt;0.208018
aleatorios;a1000000.txt;0.204072
aleatorios;a1000000.txt;0.204819
aleatorios;a1000000.txt;0.208159
aleatorios;a1000000.txt;0.204284
aleatorios;a1000000.txt;0.207238
aleatorios;a1000000.txt;0.204612
aleatorios;a1000000.txt;0.208011
aleatorios;a1000000.txt;0.204265
aleatorios;a1000000.txt;0.205096
aleatorios;a1250000.txt;0.251636
aleatorios;a1250000.txt;0.251265
aleatorios;a1250000.txt;0.256485
aleatorios;a1250000.txt;0.255165
aleatorios;a1250000.txt;0.255284
aleatorios;a1250000.txt;0.255919
aleatorios;a1250000.txt;0.251017
aleatorios;a1250000.txt;0.251845
aleatorios;a1250000.txt;0.251279
aleatorios;a1250000.txt;0.251893
aleatorios;a1250000.txt;0.255686
aleatorios;a1250000.txt;0.251689
aleatorios;a1250000.txt;0.252152
aleatorios;a1250000.txt;0.255664
aleatorios;a1250000.txt;0.256154
aleatorios;a1250000.txt;0.255746
aleatorios;a1250000.txt;0.251481
aleatorios;a1250000.txt;0.252229
aleatorios;a1250000.txt;0.255458
aleatorios;a1250000.txt;0.257136
aleatorios;a1250000.txt;0.256378
aleatorios;a1250000.txt;0.251939
aleatorios;a1250000.txt;0.255579
aleatorios;a1250000.txt;0.255275
aleatorios;a1250000.txt;0.255424
aleatorios;a1250000.txt;0.255987
aleatorios;a1250000.txt;0.256392
aleatorios;a1250000.txt;0.256117
aleatorios;a1250000.txt;0.251321
aleatorios;a1250000.txt;0.255229
aleatorios;a1500000.txt;0.310088
aleatorios;a1500000.txt;0.304599
aleatorios;a1500000.txt;0.305004
aleatorios;a1500000.txt;0.310320
aleatorios;a1500000.txt;0.311031
aleatorios;a1500000.txt;0.304833
aleatorios;a1500000.txt;0.305317
aleatorios;a1500000.txt;0.310136
aleatorios;a1500000.txt;0.306012
aleatorios;a1500000.txt;0.305258
aleatorios;a1500000.txt;0.304530
aleatorios;a1500000.txt;0.309629
aleatorios;a1500000.txt;0.304745
aleatorios;a1500000.txt;0.310591
aleatorios;a1500000.txt;0.310912
aleatorios;a1500000.txt;0.305844
aleatorios;a1500000.txt;0.310889
aleatorios;a1500000.txt;0.305615
aleatorios;a1500000.txt;0.310725
aleatorios;a1500000.txt;0.309810
aleatorios;a1500000.txt;0.311351
aleatorios;a1500000.txt;0.311110
aleatorios;a1500000.txt;0.313043
aleatorios;a1500000.txt;0.307331
aleatorios;a1500000.txt;0.305182
aleatorios;a1500000.txt;0.304376
aleatorios;a1500000.txt;0.305483
aleatorios;a1500000.txt;0.309865
aleatorios;a1500000.txt;0.305213
aleatorios;a1500000.txt;0.310062
aleatorios;a2000000.txt;0.411574
aleatorios;a2000000.txt;0.419521
aleatorios;a2000000.txt;0.419363
aleatorios;a2000000.txt;0.412402
aleatorios;a2000000.txt;0.418146
aleatorios;a2000000.txt;0.413327
aleatorios;a2000000.txt;0.411407
aleatorios;a2000000.txt;0.419172
aleatorios;a2000000.txt;0.417825
aleatorios;a2000000.txt;0.412872
aleatorios;a2000000.txt;0.411832
aleatorios;a2000000.txt;0.411191
aleatorios;a2000000.txt;0.417572
aleatorios;a2000000.txt;0.412890
aleatorios;a2000000.txt;0.411523
aleatorios;a2000000.txt;0.410750
aleatorios;a2000000.txt;0.411005
aleatorios;a2000000.txt;0.414383
aleatorios;a2000000.txt;0.413387
aleatorios;a2000000.txt;0.411813
aleatorios;a2000000.txt;0.412070
aleatorios;a2000000.txt;0.412734
aleatorios;a2000000.txt;0.411328
aleatorios;a2000000.txt;0.419059
aleatorios;a2000000.txt;0.420152
aleatorios;a2000000.txt;0.411345
aleatorios;a2000000.txt;0.412839
aleatorios;a2000000.txt;0.410933
aleatorios;a2000000.txt;0.418883
aleatorios;a2000000.txt;0.418117
