aleatorios;a100.txt;0.000023
aleatorios;a100.txt;0.000023
aleatorios;a100.txt;0.000030
aleatorios;a100.txt;0.000023
aleatorios;a100.txt;0.000023
aleatorios;a100.txt;0.000024
aleatorios;a100.txt;0.000023
aleatorios;a100.txt;0.000028
aleatorios;a100.txt;0.000025
aleatorios;a100.txt;0.000023
aleatorios;a100.txt;0.000030
aleatorios;a100.txt;0.000023
aleatorios;a100.txt;0.000030
aleatorios;a100.txt;0.000023
aleatorios;a100.txt;0.000025
aleatorios;a100.txt;0.000023
aleatorios;a100.txt;0.000023
aleatorios;a100.txt;0.000025
aleatorios;a100.txt;0.000023
aleatorios;a100.txt;0.000025
aleatorios;a100.txt;0.000023
aleatorios;a100.txt;0.000025
aleatorios;a100.txt;0.000023
aleatorios;a100.txt;0.000023
aleatorios;a100.txt;0.000026
aleatorios;a100.txt;0.000023
aleatorios;a100.txt;0.000023
aleatorios;a100.txt;0.000023
aleatorios;a100.txt;0.000023
aleatorios;a100.txt;0.000023
aleatorios;a200.txt;0.000040
aleatorios;a200.txt;0.000038
aleatorios;a200.txt;0.000045
aleatorios;a200.txt;0.000041
aleatorios;a200.txt;0.000043
aleatorios;a200.txt;0.000039
aleatorios;a200.txt;0.000040
aleatorios;a200.txt;0.000042
aleatorios;a200.txt;0.000051
aleatorios;a200.txt;0.000044
aleatorios;a200.txt;0.000039
aleatorios;a200.txt;0.000038
aleatorios;a200.txt;0.000043
aleatorios;a200.txt;0.000042
aleatorios;a200.txt;0.000040
aleatorios;a200.txt;0.000039
aleatorios;a200.txt;0.000038
aleatorios;a200.txt;0.000042
aleatorios;a200.txt;0.000043
aleatorios;a200.txt;0.000040
aleatorios;a200.txt;0.000040
aleatorios;a200.txt;0.000039
aleatorios;a200.txt;0.000042
aleatorios;a200.txt;0.000038
aleatorios;a200.txt;0.000044
aleatorios;a200.txt;0.000039
aleatorios;a200.txt;0.000040
aleatorios;a200.txt;0.000043
aleatorios;a200.txt;0.000040
aleatorios;a200.txt;0.000042
aleatorios;a500.txt;0.000100
aleatorios;a500.txt;0.000090
aleatorios;a500.txt;0.000094
aleatorios;a500.txt;0.000097
aleatorios;a500.txt;0.000092
aleatorios;a500.txt;0.000097
aleatorios;a500.txt;0.000097
aleatorios;a500.txt;0.000093
aleatorios;a500.txt;0.000090
aleatorios;a500.txt;0.000089
aleatorios;a500.txt;0.000095
aleatorios;a500.txt;0.000089
aleatorios;a500.txt;0.000093
aleatorios;a500.txt;0.000089
aleatorios;a500.txt;0.000091
aleatorios;a500.txt;0.000099
aleatorios;a500.txt;0.000093
aleatorios;a500.txt;0.000090
aleatorios;a500.txt;0.000105
aleatorios;a500.txt;0.000089
aleatorios;a500.txt;0.000091
aleatorios;a500.txt;0.000093
aleatorios;a500.txt;0.000090
aleatorios;a500.txt;0.000096
aleatorios;a500.txt;0.000092
aleatorios;a500.txt;0.000091
aleatorios;a500.txt;0.000096
aleatorios;a500.txt;0.000093
aleatorios;a500.txt;0.000095
aleatorios;a500.txt;0.000092
aleatorios;a1000.txt;0.000198
aleatorios;a1000.txt;0.000185
aleatorios;a1000.txt;0.000184
aleatorios;a1000.txt;0.000185
aleatorios;a1000.txt;0.000187
aleatorios;a1000.txt;0.000190
aleatorios;a1000.txt;0.000183
aleatorios;a1000.txt;0.000195
aleatorios;a1000.txt;0.000186
aleatorios;a1000.txt;0.000188
aleatorios;a1000.txt;0.000184
aleatorios;a1000.txt;0.000185
aleatorios;a1000.txt;0.000187
aleatorios;a1000.txt;0.000189
aleatorios;a1000.txt;0.000187
aleatorios;a1000.txt;0.000188
aleatorios;a1000.txt;0.000190
aleatorios;a1000.txt;0.000191
aleatorios;a1000.txt;0.000190
aleatorios;a1000.txt;0.000183
aleatorios;a1000.txt;0.000182
aleatorios;a1000.txt;0.000182
aleatorios;a1000.txt;0.000193
aleatorios;a1000.txt;0.000195
aleatorios;a1000.txt;0.000188
aleatorios;a1000.txt;0.000183
aleatorios;a1000.txt;0.000188
aleatorios;a1000.txt;0.000185
aleatorios;a1000.txt;0.000185
aleatorios;a1000.txt;0.000187
aleatorios;a2000.txt;0.000399
aleatorios;a2000.txt;0.000409
aleatorios;a2000.txt;0.000898
aleatorios;a2000.txt;0.000394
aleatorios;a2000.txt;0.000393
aleatorios;a2000.txt;0.000412
aleatorios;a2000.txt;0.000912
aleatorios;a2000.txt;0.000401
aleatorios;a2000.txt;0.000408
aleatorios;a2000.txt;0.000942
aleatorios;a2000.txt;0.000400
aleatorios;a2000.txt;0.000398
aleatorios;a2000.txt;0.000823
aleatorios;a2000.txt;0.000406
aleatorios;a2000.txt;0.000389
aleatorios;a2000.txt;0.000931
aleatorios;a2000.txt;0.000820
aleatorios;a2000.txt;0.000855
aleatorios;a2000.txt;0.000400
aleatorios;a2000.txt;0.000390
aleatorios;a2000.txt;0.000843
aleatorios;a2000.txt;0.000389
aleatorios;a2000.txt;0.000863
aleatorios;a2000.txt;0.000428
aleatorios;a2000.txt;0.000862
aleatorios;a2000.txt;0.000397
aleatorios;a2000.txt;0.000394
aleatorios;a2000.txt;0.000402
aleatorios;a2000.txt;0.000389
aleatorios;a2000.txt;0.000396
aleatorios;a5000.txt;0.001160
aleatorios;a5000.txt;0.001196
aleatorios;a5000.txt;0.001175
aleatorios;a5000.txt;0.001185
aleatorios;a5000.txt;0.001357
aleatorios;a5000.txt;0.001167
aleatorios;a5000.txt;0.001180
aleatorios;a5000.txt;0.001204
aleatorios;a5000.txt;0.001176
aleatorios;a5000.txt;0.001155
aleatorios;a5000.txt;0.001164
aleatorios;a5000.txt;0.001176
aleatorios;a5000.txt;0.001183
aleatorios;a5000.txt;0.001169
aleatorios;a5000.txt;0.001180
aleatorios;a5000.txt;0.001177
aleatorios;a5000.txt;0.001167
aleatorios;a5000.txt;0.001180
aleatorios;a5000.txt;0.001172
aleatorios;a5000.txt;0.001168
aleatorios;a5000.txt;0.001171
aleatorios;a5000.txt;0.001168
aleatorios;a5000.txt;0.001183
aleatorios;a5000.txt;0.001159
aleatorios;a5000.txt;0.001159
aleatorios;a5000.txt;0.001144
aleatorios;a5000.txt;0.001193
aleatorios;a5000.txt;0.001174
aleatorios;a5000.txt;0.001155
aleatorios;a5000.txt;0.001167
aleatorios;a7500.txt;0.001639
aleatorios;a7500.txt;0.001645
aleatorios;a7500.txt;0.001670
aleatorios;a7500.txt;0.001627
aleatorios;a7500.txt;0.001662
aleatorios;a7500.txt;0.001675
aleatorios;a7500.txt;0.001633
aleatorios;a7500.txt;0.001661
aleatorios;a7500.txt;0.001616
aleatorios;a7500.txt;0.001623
aleatorios;a7500.txt;0.001654
aleatorios;a7500.txt;0.001642
aleatorios;a7500.txt;0.001625
aleatorios;a7500.txt;0.001620
aleatorios;a7500.txt;0.001648
aleatorios;a7500.txt;0.001652
aleatorios;a7500.txt;0.001630
aleatorios;a7500.txt;0.001652
aleatorios;a7500.txt;0.001625
aleatorios;a7500.txt;0.001608
aleatorios;a7500.txt;0.001631
aleatorios;a7500.txt;0.001624
aleatorios;a7500.txt;0.001605
aleatorios;a7500.txt;0.001692
aleatorios;a7500.txt;0.001645
aleatorios;a7500.txt;0.001626
aleatorios;a7500.txt;0.001617
aleatorios;a7500.txt;0.001615
aleatorios;a7500.txt;0.001640
aleatorios;a7500.txt;0.001658
aleatorios;a10000.txt;0.002085
aleatorios;a10000.txt;0.002094
aleatorios;a10000.txt;0.002112
aleatorios;a10000.txt;0.002066
aleatorios;a10000.txt;0.002083
aleatorios;a10000.txt;0.002135
aleatorios;a10000.txt;0.002077
aleatorios;a10000.txt;0.002087
aleatorios;a10000.txt;0.002157
aleatorios;a10000.txt;0.002067
aleatorios;a10000.txt;0.002087
aleatorios;a10000.txt;0.002116
aleatorios;a10000.txt;0.002098
aleatorios;a10000.txt;0.002077
aleatorios;a10000.txt;0.002070
aleatorios;a10000.txt;0.002061
aleatorios;a10000.txt;0.002046
aleatorios;a10000.txt;0.002046
aleatorios;a10000.txt;0.002071
aleatorios;a10000.txt;0.002078
aleatorios;a10000.txt;0.002106
aleatorios;a10000.txt;0.002112
aleatorios;a10000.txt;0.002103
aleatorios;a10000.txt;0.002096
aleatorios;a10000.txt;0.002064
aleatorios;a10000.txt;0.002162
aleatorios;a10000.txt;0.002090
aleatorios;a10000.txt;0.002105
aleatorios;a10000.txt;0.002109
aleatorios;a10000.txt;0.002074
aleatorios;a15000.txt;0.002861
aleatorios;a15000.txt;0.002863
aleatorios;a15000.txt;0.002935
aleatorios;a15000.txt;0.003003
aleatorios;a15000.txt;0.002942
aleatorios;a15000.txt;0.002900
aleatorios;a15000.txt;0.002889
aleatorios;a15000.txt;0.002941
aleatorios;a15000.txt;0.002884
aleatorios;a15000.txt;0.002892
aleatorios;a15000.txt;0.002907
aleatorios;a15000.txt;0.003266
aleatorios;a15000.txt;0.002890
aleatorios;a15000.txt;0.002853
aleatorios;a15000.txt;0.002881
aleatorios;a15000.txt;0.002909
aleatorios;a15000.txt;0.002964
aleatorios;a15000.txt;0.002847
aleatorios;a15000.txt;0.002928
aleatorios;a15000.txt;0.002915
aleatorios;a15000.txt;0.002855
aleatorios;a15000.txt;0.002973
aleatorios;a15000.txt;0.002864
aleatorios;a15000.txt;0.002856
aleatorios;a15000.txt;0.002897
aleatorios;a15000.txt;0.003418
aleatorios;a15000.txt;0.002923
aleatorios;a15000.txt;0.002952
aleatorios;a15000.txt;0.002862
aleatorios;a15000.txt;0.002899
aleatorios;a30000.txt;0.006014
aleatorios;a30000.txt;0.005794
aleatorios;a30000.txt;0.006652
aleatorios;a30000.txt;0.005659
aleatorios;a30000.txt;0.005743
aleatorios;a30000.txt;0.005665
aleatorios;a30000.txt;0.006799
aleatorios;a30000.txt;0.006684
aleatorios;a30000.txt;0.005771
aleatorios;a30000.txt;0.007022
aleatorios;a30000.txt;0.005793
aleatorios;a30000.txt;0.006544
aleatorios;a30000.txt;0.006786
aleatorios;a30000.txt;0.005752
aleatorios;a30000.txt;0.005947
aleatorios;a30000.txt;0.005852
aleatorios;a30000.txt;0.006801
aleatorios;a30000.txt;0.007129
aleatorios;a30000.txt;0.006560
aleatorios;a30000.txt;0.005743
aleatorios;a30000.txt;0.005663
aleatorios;a30000.txt;0.005778
aleatorios;a30000.txt;0.007180
aleatorios;a30000.txt;0.007271
aleatorios;a30000.txt;0.005838
aleatorios;a30000.txt;0.006535
aleatorios;a30000.txt;0.006697
aleatorios;a30000.txt;0.006605
aleatorios;a30000.txt;0.005685
aleatorios;a30000.txt;0.005742
aleatorios;a50000.txt;0.011886
aleatorios;a50000.txt;0.009720
aleatorios;a50000.txt;0.009727
aleatorios;a50000.txt;0.011265
aleatorios;a50000.txt;0.011589
aleatorios;a50000.txt;0.011736
aleatorios;a50000.txt;0.009658
aleatorios;a50000.txt;0.011325
aleatorios;a50000.txt;0.009651
aleatorios;a50000.txt;0.011431
aleatorios;a50000.txt;0.011219
aleatorios;a50000.txt;0.011560
aleatorios;a50000.txt;0.011468
aleatorios;a50000.txt;0.011025
aleatorios;a50000.txt;0.010969
aleatorios;a50000.txt;0.009575
aleatorios;a50000.txt;0.011202
aleatorios;a50000.txt;0.011070
aleatorios;a50000.txt;0.010988
aleatorios;a50000.txt;0.011881
aleatorios;a50000.txt;0.010970
aleatorios;a50000.txt;0.009519
aleatorios;a50000.txt;0.011462
aleatorios;a50000.txt;0.010923
aleatorios;a50000.txt;0.011228
aleatorios;a50000.txt;0.011403
aleatorios;a50000.txt;0.011650
aleatorios;a50000.txt;0.011951
aleatorios;a50000.txt;0.011462
aleatorios;a50000.txt;0.012157
aleatorios;a75000.txt;0.014560
aleatorios;a75000.txt;0.014573
aleatorios;a75000.txt;0.014402
aleatorios;a75000.txt;0.014944
aleatorios;a75000.txt;0.015085
aleatorios;a75000.txt;0.014594
aleatorios;a75000.txt;0.014353
aleatorios;a75000.txt;0.014308
aleatorios;a75000.txt;0.016543
aleatorios;a75000.txt;0.014546
aleatorios;a75000.txt;0.014661
aleatorios;a75000.txt;0.014551
aleatorios;a75000.txt;0.014668
aleatorios;a75000.txt;0.014545
aleatorios;a75000.txt;0.015128
aleatorios;a75000.txt;0.014635
aleatorios;a75000.txt;0.014236
aleatorios;a75000.txt;0.014589
aleatorios;a75000.txt;0.014554
aleatorios;a75000.txt;0.014214
aleatorios;a75000.txt;0.014589
aleatorios;a75000.txt;0.014592
aleatorios;a75000.txt;0.014531
aleatorios;a75000.txt;0.014296
aleatorios;a75000.txt;0.014227
aleatorios;a75000.txt;0.014615
aleatorios;a75000.txt;0.014338
aleatorios;a75000.txt;0.014511
aleatorios;a75000.txt;0.014576
aleatorios;a75000.txt;0.014538
aleatorios;a100000.txt;0.019521
aleatorios;a100000.txt;0.019772
aleatorios;a100000.txt;0.019515
aleatorios;a100000.txt;0.020237
aleatorios;a100000.txt;0.019835
aleatorios;a100000.txt;0.019617
aleatorios;a100000.txt;0.019790
aleatorios;a100000.txt;0.019522
aleatorios;a100000.txt;0.020177
aleatorios;a100000.txt;0.019508
aleatorios;a100000.txt;0.019778
aleatorios;a100000.txt;0.019856
aleatorios;a100000.txt;0.019849
aleatorios;a100000.txt;0.019755
aleatorios;a100000.txt;0.019944
aleatorios;a100000.txt;0.020375
aleatorios;a100000.txt;0.019913
aleatorios;a100000.txt;0.019888
aleatorios;a100000.txt;0.019860
aleatorios;a100000.txt;0.020740
aleatorios;a100000.txt;0.020581
aleatorios;a100000.txt;0.019646
aleatorios;a100000.txt;0.019457
aleatorios;a100000.txt;0.019486
aleatorios;a100000.txt;0.020056
aleatorios;a100000.txt;0.019473
aleatorios;a100000.txt;0.019858
aleatorios;a100000.txt;0.019504
aleatorios;a100000.txt;0.023640
aleatorios;a100000.txt;0.019819
aleatorios;a200000.txt;0.040404
aleatorios;a200000.txt;0.039496
aleatorios;a200000.txt;0.040528
aleatorios;a200000.txt;0.040244
aleatorios;a200000.txt;0.039736
aleatorios;a200000.txt;0.040392
aleatorios;a200000.txt;0.040274
aleatorios;a200000.txt;0.039641
aleatorios;a200000.txt;0.039487
aleatorios;a200000.txt;0.040284
aleatorios;a200000.txt;0.039495
aleatorios;a200000.txt;0.040245
aleatorios;a200000.txt;0.040439
aleatorios;a200000.txt;0.039489
aleatorios;a200000.txt;0.039502
aleatorios;a200000.txt;0.040361
aleatorios;a200000.txt;0.040345
aleatorios;a200000.txt;0.040263
aleatorios;a200000.txt;0.039586
aleatorios;a200000.txt;0.039552
aleatorios;a200000.txt;0.040226
aleatorios;a200000.txt;0.039358
aleatorios;a200000.txt;0.040309
aleatorios;a200000.txt;0.040407
aleatorios;a200000.txt;0.039498
aleatorios;a200000.txt;0.040329
aleatorios;a200000.txt;0.040617
aleatorios;a200000.txt;0.039406
aleatorios;a200000.txt;0.040198
aleatorios;a200000.txt;0.039384
aleatorios;a500000.txt;0.103580
aleatorios;a500000.txt;0.103390
aleatorios;a500000.txt;0.101350
aleatorios;a500000.txt;0.103764
aleatorios;a500000.txt;0.103768
aleatorios;a500000.txt;0.104201
aleatorios;a500000.txt;0.103863
aleatorios;a500000.txt;0.103652
aleatorios;a500000.txt;0.101588
aleatorios;a500000.txt;0.101874
aleatorios;a500000.txt;0.103761
aleatorios;a500000.txt;0.101646
aleatorios;a500000.txt;0.101209
aleatorios;a500000.txt;0.101416
aleatorios;a500000.txt;0.103729
aleatorios;a500000.txt;0.101185
aleatorios;a500000.txt;0.103424
aleatorios;a500000.txt;0.103248
aleatorios;a500000.txt;0.103766
aleatorios;a500000.txt;0.103262
aleatorios;a500000.txt;0.103390
aleatorios;a500000.txt;0.101444
aleatorios;a500000.txt;0.101309
aleatorios;a500000.txt;0.101387
aleatorios;a500000.txt;0.101401
aleatorios;a500000.txt;0.103382
aleatorios;a500000.txt;0.103784
aleatorios;a500000.txt;0.101620
aleatorios;a500000.txt;0.101099
aleatorios;a500000.txt;0.101160
aleatorios;a750000.txt;0.154236
aleatorios;a750000.txt;0.151218
aleatorios;a750000.txt;0.153898
aleatorios;a750000.txt;0.151721
aleatorios;a750000.txt;0.151789
aleatorios;a750000.txt;0.151310
aleatorios;a750000.txt;0.151268
aleatorios;a750000.txt;0.154011
aleatorios;a750000.txt;0.151235
aleatorios;a750000.txt;0.151785
aleatorios;a750000.txt;0.152070
aleatorios;a750000.txt;0.154675
aleatorios;a750000.txt;0.154644
aleatorios;a750000.txt;0.154228
aleatorios;a750000.txt;0.151866
aleatorios;a750000.txt;0.151497
aleatorios;a750000.txt;0.151237
aleatorios;a750000.txt;0.152523
aleatorios;a750000.txt;0.154900
aleatorios;a750000.txt;0.154779
aleatorios;a750000.txt;0.154327
aleatorios;a750000.txt;0.151117
aleatorios;a750000.txt;0.154285
aleatorios;a750000.txt;0.154945
aleatorios;a750000.txt;0.151578
aleatorios;a750000.txt;0.154499
aleatorios;a750000.txt;0.151585
aleatorios;a750000.txt;0.155072
aleatorios;a750000.txt;0.152112
aleatorios;a750000.txt;0.151296
aleatorios;a1000000.txt;0.207221
aleatorios;a1000000.txt;0.212156
aleatorios;a1000000.txt;0.206456
aleatorios;a1000000.txt;0.207193
aleatorios;a1000000.txt;0.206864
aleatorios;a1000000.txt;0.210712
aleatorios;a1000000.txt;0.206048
aleatorios;a1000000.txt;0.205726
aleatorios;a1000000.txt;0.205720
aleatorios;a1000000.txt;0.206242
aleatorios;a1000000.txt;0.210106
aleatorios;a1000000.txt;0.205702
aleatorios;a1000000.txt;0.205819
aleatorios;a1000000.txt;0.206429
aleatorios;a1000000.txt;0.210249
aleatorios;a1000000.txt;0.210369
aleatorios;a1000000.txt;0.209644
aleatorios;a1000000.txt;0.210271
aleatorios;a1000000.txt;0.206355
aleatorios;a1000000.txt;0.206573
aleatorios;a1000000.txt;0.209917
aleatorios;a1000000.txt;0.206195
aleatorios;a1000000.txt;0.206362
aleatorios;a1000000.txt;0.206232
aleatorios;a1000000.txt;0.212373
aleatorios;a1000000.txt;0.211556
aleatorios;a1000000.txt;0.206939
aleatorios;a1000000.txt;0.209867
aleatorios;a1000000.txt;0.209984
aleatorios;a1000000.txt;0.205875
aleatorios;a1250000.txt;0.252247
aleatorios;a1250000.txt;0.252415
aleatorios;a1250000.txt;0.258292
aleatorios;a1250000.txt;0.254096
aleatorios;a1250000.txt;0.252675
aleatorios;a1250000.txt;0.257110
aleatorios;a1250000.txt;0.252354
aleatorios;a1250000.txt;0.253189
aleatorios;a1250000.txt;0.251891
aleatorios;a1250000.txt;0.253500
aleatorios;a1250000.txt;0.253022
aleatorios;a1250000.txt;0.253274
aleatorios;a1250000.txt;0.257912
aleatorios;a1250000.txt;0.258051
aleatorios;a1250000.txt;0.258084
aleatorios;a1250000.txt;0.253984
aleatorios;a1250000.txt;0.257535
aleatorios;a1250000.txt;0.252471
aleatorios;a1250000.txt;0.253522
aleatorios;a1250000.txt;0.252839
aleatorios;a1250000.txt;0.252909
aleatorios;a1250000.txt;0.252444
aleatorios;a1250000.txt;0.258498
aleatorios;a1250000.txt;0.253345
aleatorios;a1250000.txt;0.259065
aleatorios;a1250000.txt;0.252234
aleatorios;a1250000.txt;0.252420
aleatorios;a1250000.txt;0.259189
aleatorios;a1250000.txt;0.253513
aleatorios;a1250000.txt;0.253722
aleatorios;a1500000.txt;0.312952
aleatorios;a1500000.txt;0.312483
aleatorios;a1500000.txt;0.306398
aleatorios;a1500000.txt;0.311728
aleatorios;a1500000.txt;0.312666
aleatorios;a1500000.txt;0.305816
aleatorios;a1500000.txt;0.307081
aleatorios;a1500000.txt;0.312351
aleatorios;a1500000.txt;0.306254
aleatorios;a1500000.txt;0.311872
aleatorios;a1500000.txt;0.311590
aleatorios;a1500000.txt;0.312675
aleatorios;a1500000.txt;0.311764
aleatorios;a1500000.txt;0.306032
aleatorios;a1500000.txt;0.311220
aleatorios;a1500000.txt;0.306996
aleatorios;a1500000.txt;0.306496
aleatorios;a1500000.txt;0.314324
aleatorios;a1500000.txt;0.312378
aleatorios;a1500000.txt;0.313116
aleatorios;a1500000.txt;0.312365
aleatorios;a1500000.txt;0.306756
aleatorios;a1500000.txt;0.311598
aleatorios;a1500000.txt;0.312441
aleatorios;a1500000.txt;0.306750
aleatorios;a1500000.txt;0.312832
aleatorios;a1500000.txt;0.305737
aleatorios;a1500000.txt;0.312892
aleatorios;a1500000.txt;0.313337
aleatorios;a1500000.txt;0.313147
aleatorios;a2000000.txt;0.423571
aleatorios;a2000000.txt;0.415954
aleatorios;a2000000.txt;0.415544
aleatorios;a2000000.txt;0.417425
aleatorios;a2000000.txt;0.415925
aleatorios;a2000000.txt;0.424650
aleatorios;a2000000.txt;0.425149
aleatorios;a2000000.txt;0.416973
aleatorios;a2000000.txt;0.417312
aleatorios;a2000000.txt;0.415661
aleatorios;a2000000.txt;0.418288
aleatorios;a2000000.txt;0.419006
aleatorios;a2000000.txt;0.416562
aleatorios;a2000000.txt;0.423306
aleatorios;a2000000.txt;0.417503
aleatorios;a2000000.txt;0.425515
aleatorios;a2000000.txt;0.415718
aleatorios;a2000000.txt;0.425963
aleatorios;a2000000.txt;0.423012
aleatorios;a2000000.txt;0.414420
aleatorios;a2000000.txt;0.423021
aleatorios;a2000000.txt;0.422837
aleatorios;a2000000.txt;0.424130
aleatorios;a2000000.txt;0.414156
aleatorios;a2000000.txt;0.422825
aleatorios;a2000000.txt;0.423379
aleatorios;a2000000.txt;0.422139
aleatorios;a2000000.txt;0.416569
aleatorios;a2000000.txt;0.414886
aleatorios;a2000000.txt;0.422354
