Pasta;Arquivo;Tempo_Segundos
aleatorios;a100.txt;0.000010
aleatorios;a100.txt;0.000011
aleatorios;a100.txt;0.000010
aleatorios;a100.txt;0.000010
aleatorios;a100.txt;0.000010
aleatorios;a100.txt;0.000010
aleatorios;a100.txt;0.000010
aleatorios;a100.txt;0.000009
aleatorios;a100.txt;0.000011
aleatorios;a100.txt;0.000008
aleatorios;a100.txt;0.000010
aleatorios;a100.txt;0.000009
aleatorios;a100.txt;0.000007
aleatorios;a100.txt;0.000010
aleatorios;a100.txt;0.000009
aleatorios;a100.txt;0.000009
aleatorios;a100.txt;0.000010
aleatorios;a100.txt;0.000009
aleatorios;a100.txt;0.000010
aleatorios;a100.txt;0.000009
aleatorios;a100.txt;0.000009
aleatorios;a100.txt;0.000010
aleatorios;a100.txt;0.000010
aleatorios;a100.txt;0.000009
aleatorios;a100.txt;0.000009
aleatorios;a100.txt;0.000010
aleatorios;a100.txt;0.000010
aleatorios;a100.txt;0.000009
aleatorios;a100.txt;0.000007
aleatorios;a100.txt;0.000009
aleatorios;a200.txt;0.000020
aleatorios;a200.txt;0.000021
aleatorios;a200.txt;0.000019
aleatorios;a200.txt;0.000020
aleatorios;a200.txt;0.000020
aleatorios;a200.txt;0.000020
aleatorios;a200.txt;0.000021
aleatorios;a200.txt;0.000020
aleatorios;a200.txt;0.000020
aleatorios;a200.txt;0.000020
aleatorios;a200.txt;0.000019
aleatorios;a200.txt;0.000020
aleatorios;a200.txt;0.000020
aleatorios;a200.txt;0.000014
aleatorios;a200.txt;0.000020
aleatorios;a200.txt;0.000021
aleatorios;a200.txt;0.000020
aleatorios;a200.txt;0.000018
aleatorios;a200.txt;0.000016
aleatorios;a200.txt;0.000011
aleatorios;a200.txt;0.000020
aleatorios;a200.txt;0.000016
aleatorios;a200.txt;0.000019
aleatorios;a200.txt;0.000018
aleatorios;a200.txt;0.000020
aleatorios;a200.txt;0.000019
aleatorios;a200.txt;0.000027
aleatorios;a200.txt;0.000019
aleatorios;a200.txt;0.000011
aleatorios;a200.txt;0.000020
aleatorios;a500.txt;0.000054
aleatorios;a500.txt;0.000054
aleatorios;a500.txt;0.000054
aleatorios;a500.txt;0.000052
aleatorios;a500.txt;0.000052
aleatorios;a500.txt;0.000055
aleatorios;a500.txt;0.000051
aleatorios;a500.txt;0.000055
aleatorios;a500.txt;0.000051
aleatorios;a500.txt;0.000054
aleatorios;a500.txt;0.000054
aleatorios;a500.txt;0.000052
aleatorios;a500.txt;0.000048
aleatorios;a500.txt;0.000049
aleatorios;a500.txt;0.000054
aleatorios;a500.txt;0.000053
aleatorios;a500.txt;0.000054
aleatorios;a500.txt;0.000052
aleatorios;a500.txt;0.000054
aleatorios;a500.txt;0.000052
aleatorios;a500.txt;0.000052
aleatorios;a500.txt;0.000053
aleatorios;a500.txt;0.000055
aleatorios;a500.txt;0.000055
aleatorios;a500.txt;0.000055
aleatorios;a500.txt;0.000048
aleatorios;a500.txt;0.000054
aleatorios;a500.txt;0.000037
aleatorios;a500.txt;0.000052
aleatorios;a500.txt;0.000050
aleatorios;a1000.txt;0.000116
aleatorios;a1000.txt;0.000115
aleatorios;a1000.txt;0.000108
aleatorios;a1000.txt;0.000115
aleatorios;a1000.txt;0.000117
aleatorios;a1000.txt;0.000116
aleatorios;a1000.txt;0.000116
aleatorios;a1000.txt;0.000118
aleatorios;a1000.txt;0.000108
aleatorios;a1000.txt;0.000117
aleatorios;a1000.txt;0.000113
aleatorios;a1000.txt;0.000110
aleatorios;a1000.txt;0.000116
aleatorios;a1000.txt;0.000100
aleatorios;a1000.txt;0.000096
aleatorios;a1000.txt;0.000109
aleatorios;a1000.txt;0.000140
aleatorios;a1000.txt;0.000109
aleatorios;a1000.txt;0.000113
aleatorios;a1000.txt;0.000112
aleatorios;a1000.txt;0.000110
aleatorios;a1000.txt;0.000122
aleatorios;a1000.txt;0.000116
aleatorios;a1000.txt;0.000117
aleatorios;a1000.txt;0.000102
aleatorios;a1000.txt;0.000114
aleatorios;a1000.txt;0.000115
aleatorios;a1000.txt;0.000113
aleatorios;a1000.txt;0.000112
aleatorios;a1000.txt;0.000146
aleatorios;a2000.txt;0.000248
aleatorios;a2000.txt;0.000249
aleatorios;a2000.txt;0.000241
aleatorios;a2000.txt;0.000234
aleatorios;a2000.txt;0.000248
aleatorios;a2000.txt;0.000254
aleatorios;a2000.txt;0.000232
aleatorios;a2000.txt;0.000249
aleatorios;a2000.txt;0.000249
aleatorios;a2000.txt;0.000247
aleatorios;a2000.txt;0.000228
aleatorios;a2000.txt;0.000240
aleatorios;a2000.txt;0.000252
aleatorios;a2000.txt;0.000243
aleatorios;a2000.txt;0.000247
aleatorios;a2000.txt;0.000238
aleatorios;a2000.txt;0.000244
aleatorios;a2000.txt;0.000245
aleatorios;a2000.txt;0.000223
aleatorios;a2000.txt;0.000245
aleatorios;a2000.txt;0.000258
aleatorios;a2000.txt;0.000235
aleatorios;a2000.txt;0.000254
aleatorios;a2000.txt;0.000232
aleatorios;a2000.txt;0.000242
aleatorios;a2000.txt;0.000241
aleatorios;a2000.txt;0.000254
aleatorios;a2000.txt;0.000232
aleatorios;a2000.txt;0.000242
aleatorios;a2000.txt;0.000228
aleatorios;a5000.txt;0.000589
aleatorios;a5000.txt;0.000719
aleatorios;a5000.txt;0.000700
aleatorios;a5000.txt;0.000659
aleatorios;a5000.txt;0.000661
aleatorios;a5000.txt;0.000658
aleatorios;a5000.txt;0.000747
aleatorios;a5000.txt;0.000701
aleatorios;a5000.txt;0.000653
aleatorios;a5000.txt;0.000706
aleatorios;a5000.txt;0.000667
aleatorios;a5000.txt;0.000670
aleatorios;a5000.txt;0.000710
aleatorios;a5000.txt;0.000654
aleatorios;a5000.txt;0.000660
aleatorios;a5000.txt;0.000710
aleatorios;a5000.txt;0.000708
aleatorios;a5000.txt;0.000618
aleatorios;a5000.txt;0.000705
aleatorios;a5000.txt;0.000713
aleatorios;a5000.txt;0.000721
aleatorios;a5000.txt;0.000625
aleatorios;a5000.txt;0.000628
aleatorios;a5000.txt;0.000767
aleatorios;a5000.txt;0.000696
aleatorios;a5000.txt;0.000634
aleatorios;a5000.txt;0.000659
aleatorios;a5000.txt;0.000617
aleatorios;a5000.txt;0.000719
aleatorios;a5000.txt;0.000708
aleatorios;a7500.txt;0.000986
aleatorios;a7500.txt;0.000982
aleatorios;a7500.txt;0.000990
aleatorios;a7500.txt;0.000990
aleatorios;a7500.txt;0.001062
aleatorios;a7500.txt;0.000984
aleatorios;a7500.txt;0.001060
aleatorios;a7500.txt;0.001000
aleatorios;a7500.txt;0.001046
aleatorios;a7500.txt;0.000956
aleatorios;a7500.txt;0.001047
aleatorios;a7500.txt;0.001044
aleatorios;a7500.txt;0.000986
aleatorios;a7500.txt;0.001058
aleatorios;a7500.txt;0.000957
aleatorios;a7500.txt;0.000978
aleatorios;a7500.txt;0.001140
aleatorios;a7500.txt;0.001060
aleatorios;a7500.txt;0.000984
aleatorios;a7500.txt;0.001110
aleatorios;a7500.txt;0.001005
aleatorios;a7500.txt;0.001065
aleatorios;a7500.txt;0.000981
aleatorios;a7500.txt;0.000988
aleatorios;a7500.txt;0.001073
aleatorios;a7500.txt;0.000957
aleatorios;a7500.txt;0.001064
aleatorios;a7500.txt;0.000987
aleatorios;a7500.txt;0.000951
aleatorios;a7500.txt;0.001102
aleatorios;a10000.txt;0.001527
aleatorios;a10000.txt;0.001548
aleatorios;a10000.txt;0.001401
aleatorios;a10000.txt;0.001521
aleatorios;a10000.txt;0.001387
aleatorios;a10000.txt;0.001400
aleatorios;a10000.txt;0.001525
aleatorios;a10000.txt;0.001527
aleatorios;a10000.txt;0.001477
aleatorios;a10000.txt;0.001406
aleatorios;a10000.txt;0.001377
aleatorios;a10000.txt;0.001529
aleatorios;a10000.txt;0.001399
aleatorios;a10000.txt;0.001504
aleatorios;a10000.txt;0.001391
aleatorios;a10000.txt;0.001512
aleatorios;a10000.txt;0.001414
aleatorios;a10000.txt;0.001514
aleatorios;a10000.txt;0.001352
aleatorios;a10000.txt;0.001471
aleatorios;a10000.txt;0.001381
aleatorios;a10000.txt;0.001565
aleatorios;a10000.txt;0.001515
aleatorios;a10000.txt;0.001638
aleatorios;a10000.txt;0.001505
aleatorios;a10000.txt;0.001631
aleatorios;a10000.txt;0.001397
aleatorios;a10000.txt;0.001511
aleatorios;a10000.txt;0.001412
aleatorios;a10000.txt;0.001390
aleatorios;a15000.txt;0.002128
aleatorios;a15000.txt;0.002128
aleatorios;a15000.txt;0.002115
aleatorios;a15000.txt;0.002262
aleatorios;a15000.txt;0.002114
aleatorios;a15000.txt;0.002108
aleatorios;a15000.txt;0.002111
aleatorios;a15000.txt;0.002106
aleatorios;a15000.txt;0.002140
aleatorios;a15000.txt;0.002306
aleatorios;a15000.txt;0.002320
aleatorios;a15000.txt;0.002117
aleatorios;a15000.txt;0.002111
aleatorios;a15000.txt;0.002287
aleatorios;a15000.txt;0.002101
aleatorios;a15000.txt;0.002237
aleatorios;a15000.txt;0.002146
aleatorios;a15000.txt;0.002338
aleatorios;a15000.txt;0.002151
aleatorios;a15000.txt;0.002143
aleatorios;a15000.txt;0.002312
aleatorios;a15000.txt;0.002307
aleatorios;a15000.txt;0.002102
aleatorios;a15000.txt;0.002314
aleatorios;a15000.txt;0.002108
aleatorios;a15000.txt;0.002074
aleatorios;a15000.txt;0.002074
aleatorios;a15000.txt;0.002154
aleatorios;a15000.txt;0.002104
aleatorios;a15000.txt;0.002309
aleatorios;a30000.txt;0.004242
aleatorios;a30000.txt;0.004665
aleatorios;a30000.txt;0.002467
aleatorios;a30000.txt;0.003553
aleatorios;a30000.txt;0.003914
aleatorios;a30000.txt;0.004607
aleatorios;a30000.txt;0.004281
aleatorios;a30000.txt;0.004227
aleatorios;a30000.txt;0.004270
aleatorios;a30000.txt;0.004255
aleatorios;a30000.txt;0.003404
aleatorios;a30000.txt;0.004106
aleatorios;a30000.txt;0.004264
aleatorios;a30000.txt;0.004327
aleatorios;a30000.txt;0.004030
aleatorios;a30000.txt;0.002729
aleatorios;a30000.txt;0.002573
aleatorios;a30000.txt;0.002245
aleatorios;a30000.txt;0.002348
aleatorios;a30000.txt;0.001510
aleatorios;a30000.txt;0.001524
aleatorios;a30000.txt;0.002618
aleatorios;a30000.txt;0.003081
aleatorios;a30000.txt;0.004663
aleatorios;a30000.txt;0.004601
aleatorios;a30000.txt;0.003989
aleatorios;a30000.txt;0.003796
aleatorios;a30000.txt;0.004238
aleatorios;a30000.txt;0.004261
aleatorios;a30000.txt;0.004229
aleatorios;a50000.txt;0.006942
aleatorios;a50000.txt;0.007172
aleatorios;a50000.txt;0.005842
aleatorios;a50000.txt;0.006953
aleatorios;a50000.txt;0.006825
aleatorios;a50000.txt;0.006083
aleatorios;a50000.txt;0.006623
aleatorios;a50000.txt;0.006117
aleatorios;a50000.txt;0.004971
aleatorios;a50000.txt;0.006064
aleatorios;a50000.txt;0.007001
aleatorios;a50000.txt;0.004390
aleatorios;a50000.txt;0.006918
aleatorios;a50000.txt;0.006743
aleatorios;a50000.txt;0.006973
aleatorios;a50000.txt;0.007078
aleatorios;a50000.txt;0.006915
aleatorios;a50000.txt;0.006364
aleatorios;a50000.txt;0.002625
aleatorios;a50000.txt;0.005262
aleatorios;a50000.txt;0.007041
aleatorios;a50000.txt;0.006144
aleatorios;a50000.txt;0.005916
aleatorios;a50000.txt;0.007086
aleatorios;a50000.txt;0.006679
aleatorios;a50000.txt;0.006929
aleatorios;a50000.txt;0.004828
aleatorios;a50000.txt;0.007088
aleatorios;a50000.txt;0.006769
aleatorios;a50000.txt;0.006930
aleatorios;a75000.txt;0.006297
aleatorios;a75000.txt;0.010015
aleatorios;a75000.txt;0.008859
aleatorios;a75000.txt;0.010341
aleatorios;a75000.txt;0.007977
aleatorios;a75000.txt;0.009836
aleatorios;a75000.txt;0.010170
aleatorios;a75000.txt;0.010188
aleatorios;a75000.txt;0.009146
aleatorios;a75000.txt;0.005256
aleatorios;a75000.txt;0.005638
aleatorios;a75000.txt;0.009870
aleatorios;a75000.txt;0.009106
aleatorios;a75000.txt;0.009801
aleatorios;a75000.txt;0.007670
aleatorios;a75000.txt;0.007693
aleatorios;a75000.txt;0.005139
aleatorios;a75000.txt;0.005017
aleatorios;a75000.txt;0.005086
aleatorios;a75000.txt;0.006789
aleatorios;a75000.txt;0.006646
aleatorios;a75000.txt;0.008939
aleatorios;a75000.txt;0.009839
aleatorios;a75000.txt;0.008818
aleatorios;a75000.txt;0.009663
aleatorios;a75000.txt;0.007329
aleatorios;a75000.txt;0.009871
aleatorios;a75000.txt;0.004407
aleatorios;a75000.txt;0.010061
aleatorios;a75000.txt;0.008813
aleatorios;a100000.txt;0.008985
aleatorios;a100000.txt;0.011606
aleatorios;a100000.txt;0.013527
aleatorios;a100000.txt;0.011716
aleatorios;a100000.txt;0.011469
aleatorios;a100000.txt;0.013110
aleatorios;a100000.txt;0.012867
aleatorios;a100000.txt;0.012661
aleatorios;a100000.txt;0.009363
aleatorios;a100000.txt;0.010334
aleatorios;a100000.txt;0.010602
aleatorios;a100000.txt;0.013083
aleatorios;a100000.txt;0.009910
aleatorios;a100000.txt;0.005469
aleatorios;a100000.txt;0.010968
aleatorios;a100000.txt;0.009636
aleatorios;a100000.txt;0.012699
aleatorios;a100000.txt;0.008941
aleatorios;a100000.txt;0.007050
aleatorios;a100000.txt;0.010182
aleatorios;a100000.txt;0.008817
aleatorios;a100000.txt;0.010750
aleatorios;a100000.txt;0.010898
aleatorios;a100000.txt;0.014051
aleatorios;a100000.txt;0.009496
aleatorios;a100000.txt;0.012066
aleatorios;a100000.txt;0.009617
aleatorios;a100000.txt;0.013229
aleatorios;a100000.txt;0.011171
aleatorios;a100000.txt;0.013559
aleatorios;a200000.txt;0.025934
aleatorios;a200000.txt;0.021866
aleatorios;a200000.txt;0.010975
aleatorios;a200000.txt;0.015297
aleatorios;a200000.txt;0.018270
aleatorios;a200000.txt;0.014608
aleatorios;a200000.txt;0.016957
aleatorios;a200000.txt;0.020348
aleatorios;a200000.txt;0.024905
aleatorios;a200000.txt;0.026022
aleatorios;a200000.txt;0.024994
aleatorios;a200000.txt;0.013458
aleatorios;a200000.txt;0.009213
aleatorios;a200000.txt;0.009428
aleatorios;a200000.txt;0.013926
aleatorios;a200000.txt;0.013147
aleatorios;a200000.txt;0.020865
aleatorios;a200000.txt;0.019968
aleatorios;a200000.txt;0.017507
aleatorios;a200000.txt;0.022255
aleatorios;a200000.txt;0.011020
aleatorios;a200000.txt;0.013407
aleatorios;a200000.txt;0.019220
aleatorios;a200000.txt;0.017122
aleatorios;a200000.txt;0.013221
aleatorios;a200000.txt;0.016195
aleatorios;a200000.txt;0.021899
aleatorios;a200000.txt;0.015691
aleatorios;a200000.txt;0.013075
aleatorios;a200000.txt;0.025239
aleatorios;a500000.txt;0.023890
aleatorios;a500000.txt;0.024613
aleatorios;a500000.txt;0.024139
aleatorios;a500000.txt;0.023797
aleatorios;a500000.txt;0.024928
aleatorios;a500000.txt;0.025453
aleatorios;a500000.txt;0.030499
aleatorios;a500000.txt;0.026163
aleatorios;a500000.txt;0.028451
aleatorios;a500000.txt;0.023703
aleatorios;a500000.txt;0.026340
aleatorios;a500000.txt;0.031123
aleatorios;a500000.txt;0.031692
aleatorios;a500000.txt;0.029309
aleatorios;a500000.txt;0.035484
aleatorios;a500000.txt;0.030421
aleatorios;a500000.txt;0.038809
aleatorios;a500000.txt;0.027218
aleatorios;a500000.txt;0.030703
aleatorios;a500000.txt;0.026178
aleatorios;a500000.txt;0.030727
aleatorios;a500000.txt;0.025724
aleatorios;a500000.txt;0.038117
aleatorios;a500000.txt;0.021982
aleatorios;a500000.txt;0.027439
aleatorios;a500000.txt;0.024640
aleatorios;a500000.txt;0.030073
aleatorios;a500000.txt;0.030338
aleatorios;a500000.txt;0.024969
aleatorios;a500000.txt;0.025600
aleatorios;a750000.txt;0.039878
aleatorios;a750000.txt;0.037253
aleatorios;a750000.txt;0.034352
aleatorios;a750000.txt;0.032906
aleatorios;a750000.txt;0.037218
aleatorios;a750000.txt;0.034675
aleatorios;a750000.txt;0.033651
aleatorios;a750000.txt;0.045835
aleatorios;a750000.txt;0.039905
aleatorios;a750000.txt;0.034104
aleatorios;a750000.txt;0.033876
aleatorios;a750000.txt;0.044592
aleatorios;a750000.txt;0.035908
aleatorios;a750000.txt;0.043991
aleatorios;a750000.txt;0.039609
aleatorios;a750000.txt;0.042322
aleatorios;a750000.txt;0.041203
aleatorios;a750000.txt;0.046950
aleatorios;a750000.txt;0.041537
aleatorios;a750000.txt;0.036902
aleatorios;a750000.txt;0.037344
aleatorios;a750000.txt;0.036162
aleatorios;a750000.txt;0.043124
aleatorios;a750000.txt;0.045880
aleatorios;a750000.txt;0.034763
aleatorios;a750000.txt;0.033919
aleatorios;a750000.txt;0.040772
aleatorios;a750000.txt;0.038611
aleatorios;a750000.txt;0.034380
aleatorios;a750000.txt;0.043768
aleatorios;a1000000.txt;0.044991
aleatorios;a1000000.txt;0.047073
aleatorios;a1000000.txt;0.043670
aleatorios;a1000000.txt;0.054409
aleatorios;a1000000.txt;0.044499
aleatorios;a1000000.txt;0.049370
aleatorios;a1000000.txt;0.045321
aleatorios;a1000000.txt;0.042641
aleatorios;a1000000.txt;0.044220
aleatorios;a1000000.txt;0.051535
aleatorios;a1000000.txt;0.044157
aleatorios;a1000000.txt;0.046030
aleatorios;a1000000.txt;0.045463
aleatorios;a1000000.txt;0.051961
aleatorios;a1000000.txt;0.045537
aleatorios;a1000000.txt;0.054257
aleatorios;a1000000.txt;0.048158
aleatorios;a1000000.txt;0.044849
aleatorios;a1000000.txt;0.045912
aleatorios;a1000000.txt;0.047696
aleatorios;a1000000.txt;0.046038
aleatorios;a1000000.txt;0.044342
aleatorios;a1000000.txt;0.046781
aleatorios;a1000000.txt;0.052674
aleatorios;a1000000.txt;0.043347
aleatorios;a1000000.txt;0.044282
aleatorios;a1000000.txt;0.045984
aleatorios;a1000000.txt;0.043979
aleatorios;a1000000.txt;0.043483
aleatorios;a1000000.txt;0.045897
aleatorios;a1250000.txt;0.053363
aleatorios;a1250000.txt;0.053859
aleatorios;a1250000.txt;0.053249
aleatorios;a1250000.txt;0.062045
aleatorios;a1250000.txt;0.053163
aleatorios;a1250000.txt;0.053568
aleatorios;a1250000.txt;0.057170
aleatorios;a1250000.txt;0.054737
aleatorios;a1250000.txt;0.057243
aleatorios;a1250000.txt;0.056510
aleatorios;a1250000.txt;0.054683
aleatorios;a1250000.txt;0.055039
aleatorios;a1250000.txt;0.058343
aleatorios;a1250000.txt;0.062106
aleatorios;a1250000.txt;0.062322
aleatorios;a1250000.txt;0.056998
aleatorios;a1250000.txt;0.057660
aleatorios;a1250000.txt;0.060015
aleatorios;a1250000.txt;0.055861
aleatorios;a1250000.txt;0.053206
aleatorios;a1250000.txt;0.056433
aleatorios;a1250000.txt;0.054510
aleatorios;a1250000.txt;0.054511
aleatorios;a1250000.txt;0.056174
aleatorios;a1250000.txt;0.062380
aleatorios;a1250000.txt;0.055016
aleatorios;a1250000.txt;0.062396
aleatorios;a1250000.txt;0.053279
aleatorios;a1250000.txt;0.055512
aleatorios;a1250000.txt;0.053291
aleatorios;a1500000.txt;0.065560
aleatorios;a1500000.txt;0.066912
aleatorios;a1500000.txt;0.066710
aleatorios;a1500000.txt;0.063972
aleatorios;a1500000.txt;0.071614
aleatorios;a1500000.txt;0.065468
aleatorios;a1500000.txt;0.067042
aleatorios;a1500000.txt;0.063979
aleatorios;a1500000.txt;0.076648
aleatorios;a1500000.txt;0.064263
aleatorios;a1500000.txt;0.065270
aleatorios;a1500000.txt;0.070983
aleatorios;a1500000.txt;0.067325
aleatorios;a1500000.txt;0.066015
aleatorios;a1500000.txt;0.064074
aleatorios;a1500000.txt;0.064014
aleatorios;a1500000.txt;0.072415
aleatorios;a1500000.txt;0.068179
aleatorios;a1500000.txt;0.064265
aleatorios;a1500000.txt;0.074287
aleatorios;a1500000.txt;0.065551
aleatorios;a1500000.txt;0.067352
aleatorios;a1500000.txt;0.065732
aleatorios;a1500000.txt;0.064895
aleatorios;a1500000.txt;0.071356
aleatorios;a1500000.txt;0.065343
aleatorios;a1500000.txt;0.065491
aleatorios;a1500000.txt;0.064512
aleatorios;a1500000.txt;0.066973
aleatorios;a1500000.txt;0.064855
aleatorios;a2000000.txt;0.084234
aleatorios;a2000000.txt;0.084940
aleatorios;a2000000.txt;0.084701
aleatorios;a2000000.txt;0.085184
aleatorios;a2000000.txt;0.084670
aleatorios;a2000000.txt;0.085772
aleatorios;a2000000.txt;0.084318
aleatorios;a2000000.txt;0.090175
aleatorios;a2000000.txt;0.086598
aleatorios;a2000000.txt;0.089504
aleatorios;a2000000.txt;0.089048
aleatorios;a2000000.txt;0.093014
aleatorios;a2000000.txt;0.085026
aleatorios;a2000000.txt;0.084667
aleatorios;a2000000.txt;0.084264
aleatorios;a2000000.txt;0.084379
aleatorios;a2000000.txt;0.087689
aleatorios;a2000000.txt;0.084289
aleatorios;a2000000.txt;0.084998
aleatorios;a2000000.txt;0.084877
aleatorios;a2000000.txt;0.084853
aleatorios;a2000000.txt;0.085800
aleatorios;a2000000.txt;0.084388
aleatorios;a2000000.txt;0.084711
aleatorios;a2000000.txt;0.084549
aleatorios;a2000000.txt;0.084416
aleatorios;a2000000.txt;0.084384
aleatorios;a2000000.txt;0.084242
aleatorios;a2000000.txt;0.084803
aleatorios;a2000000.txt;0.085801
