aleatorios;a100.txt;0.000016
aleatorios;a100.txt;0.000019
aleatorios;a100.txt;0.000016
aleatorios;a100.txt;0.000016
aleatorios;a100.txt;0.000015
aleatorios;a100.txt;0.000017
aleatorios;a100.txt;0.000015
aleatorios;a100.txt;0.000016
aleatorios;a100.txt;0.000016
aleatorios;a100.txt;0.000015
aleatorios;a100.txt;0.000016
aleatorios;a100.txt;0.000016
aleatorios;a100.txt;0.000015
aleatorios;a100.txt;0.000019
aleatorios;a100.txt;0.000016
aleatorios;a100.txt;0.000016
aleatorios;a100.txt;0.000018
aleatorios;a100.txt;0.000016
aleatorios;a100.txt;0.000014
aleatorios;a100.txt;0.000015
aleatorios;a100.txt;0.000015
aleatorios;a100.txt;0.000016
aleatorios;a100.txt;0.000015
aleatorios;a100.txt;0.000016
aleatorios;a100.txt;0.000016
aleatorios;a100.txt;0.000015
aleatorios;a100.txt;0.000026
aleatorios;a100.txt;0.000016
aleatorios;a100.txt;0.000016
aleatorios;a100.txt;0.000019
aleatorios;a200.txt;0.000033
aleatorios;a200.txt;0.000029
aleatorios;a200.txt;0.000034
aleatorios;a200.txt;0.000029
aleatorios;a200.txt;0.000029
aleatorios;a200.txt;0.000033
aleatorios;a200.txt;0.000032
aleatorios;a200.txt;0.000031
aleatorios;a200.txt;0.000032
aleatorios;a200.txt;0.000032
aleatorios;a200.txt;0.000032
aleatorios;a200.txt;0.000038
aleatorios;a200.txt;0.000042
aleatorios;a200.txt;0.000031
aleatorios;a200.txt;0.000032
aleatorios;a200.txt;0.000034
aleatorios;a200.txt;0.000032
aleatorios;a200.txt;0.000033
aleatorios;a200.txt;0.000037
aleatorios;a200.txt;0.000033
aleatorios;a200.txt;0.000029
aleatorios;a200.txt;0.000032
aleatorios;a200.txt;0.000031
aleatorios;a200.txt;0.000033
aleatorios;a200.txt;0.000053
aleatorios;a200.txt;0.000031
aleatorios;a200.txt;0.000032
aleatorios;a200.txt;0.000032
aleatorios;a200.txt;0.000033
aleatorios;a200.txt;0.000031
aleatorios;a500.txt;0.000077
aleatorios;a500.txt;0.000096
aleatorios;a500.txt;0.000082
aleatorios;a500.txt;0.000087
aleatorios;a500.txt;0.000079
aleatorios;a500.txt;0.000087
aleatorios;a500.txt;0.000075
aleatorios;a500.txt;0.000086
aleatorios;a500.txt;0.000087
aleatorios;a500.txt;0.000085
aleatorios;a500.txt;0.000087
aleatorios;a500.txt;0.000088
aleatorios;a500.txt;0.000085
aleatorios;a500.txt;0.000086
aleatorios;a500.txt;0.000087
aleatorios;a500.txt;0.000088
aleatorios;a500.txt;0.000074
aleatorios;a500.txt;0.000074
aleatorios;a500.txt;0.000107
aleatorios;a500.txt;0.000086
aleatorios;a500.txt;0.000088
aleatorios;a500.txt;0.000085
aleatorios;a500.txt;0.000081
aleatorios;a500.txt;0.000081
aleatorios;a500.txt;0.000086
aleatorios;a500.txt;0.000087
aleatorios;a500.txt;0.000084
aleatorios;a500.txt;0.000087
aleatorios;a500.txt;0.000085
aleatorios;a500.txt;0.000084
aleatorios;a1000.txt;0.000185
aleatorios;a1000.txt;0.000183
aleatorios;a1000.txt;0.000207
aleatorios;a1000.txt;0.000183
aleatorios;a1000.txt;0.000210
aleatorios;a1000.txt;0.000185
aleatorios;a1000.txt;0.000183
aleatorios;a1000.txt;0.000185
aleatorios;a1000.txt;0.000177
aleatorios;a1000.txt;0.000183
aleatorios;a1000.txt;0.000182
aleatorios;a1000.txt;0.000176
aleatorios;a1000.txt;0.000181
aleatorios;a1000.txt;0.000182
aleatorios;a1000.txt;0.000189
aleatorios;a1000.txt;0.000179
aleatorios;a1000.txt;0.000162
aleatorios;a1000.txt;0.000176
aleatorios;a1000.txt;0.000215
aleatorios;a1000.txt;0.000161
aleatorios;a1000.txt;0.000173
aleatorios;a1000.txt;0.000176
aleatorios;a1000.txt;0.000180
aleatorios;a1000.txt;0.000179
aleatorios;a1000.txt;0.000179
aleatorios;a1000.txt;0.000205
aleatorios;a1000.txt;0.000182
aleatorios;a1000.txt;0.000181
aleatorios;a1000.txt;0.000178
aleatorios;a1000.txt;0.000191
aleatorios;a2000.txt;0.000445
aleatorios;a2000.txt;0.000460
aleatorios;a2000.txt;0.000436
aleatorios;a2000.txt;0.000401
aleatorios;a2000.txt;0.000354
aleatorios;a2000.txt;0.000395
aleatorios;a2000.txt;0.000442
aleatorios;a2000.txt;0.000395
aleatorios;a2000.txt;0.000385
aleatorios;a2000.txt;0.000391
aleatorios;a2000.txt;0.000391
aleatorios;a2000.txt;0.000347
aleatorios;a2000.txt;0.000449
aleatorios;a2000.txt;0.000391
aleatorios;a2000.txt;0.000365
aleatorios;a2000.txt;0.000390
aleatorios;a2000.txt;0.000395
aleatorios;a2000.txt;0.000391
aleatorios;a2000.txt;0.000354
aleatorios;a2000.txt;0.000390
aleatorios;a2000.txt;0.000388
aleatorios;a2000.txt;0.000394
aleatorios;a2000.txt;0.000388
aleatorios;a2000.txt;0.000481
aleatorios;a2000.txt;0.000388
aleatorios;a2000.txt;0.000392
aleatorios;a2000.txt;0.000344
aleatorios;a2000.txt;0.000348
aleatorios;a2000.txt;0.000393
aleatorios;a2000.txt;0.000381
aleatorios;a5000.txt;0.001103
aleatorios;a5000.txt;0.001097
aleatorios;a5000.txt;0.000954
aleatorios;a5000.txt;0.001224
aleatorios;a5000.txt;0.000958
aleatorios;a5000.txt;0.000960
aleatorios;a5000.txt;0.001140
aleatorios;a5000.txt;0.001100
aleatorios;a5000.txt;0.001105
aleatorios;a5000.txt;0.000968
aleatorios;a5000.txt;0.001224
aleatorios;a5000.txt;0.000960
aleatorios;a5000.txt;0.000978
aleatorios;a5000.txt;0.001100
aleatorios;a5000.txt;0.000966
aleatorios;a5000.txt;0.001085
aleatorios;a5000.txt;0.001131
aleatorios;a5000.txt;0.001242
aleatorios;a5000.txt;0.001099
aleatorios;a5000.txt;0.001101
aleatorios;a5000.txt;0.001096
aleatorios;a5000.txt;0.000965
aleatorios;a5000.txt;0.000952
aleatorios;a5000.txt;0.001083
aleatorios;a5000.txt;0.001219
aleatorios;a5000.txt;0.001143
aleatorios;a5000.txt;0.000961
aleatorios;a5000.txt;0.000961
aleatorios;a5000.txt;0.000971
aleatorios;a5000.txt;0.001258
aleatorios;a7500.txt;0.001877
aleatorios;a7500.txt;0.001652
aleatorios;a7500.txt;0.001505
aleatorios;a7500.txt;0.001502
aleatorios;a7500.txt;0.001502
aleatorios;a7500.txt;0.001591
aleatorios;a7500.txt;0.001804
aleatorios;a7500.txt;0.001704
aleatorios;a7500.txt;0.001204
aleatorios;a7500.txt;0.001490
aleatorios;a7500.txt;0.002027
aleatorios;a7500.txt;0.001671
aleatorios;a7500.txt;0.001785
aleatorios;a7500.txt;0.001430
aleatorios;a7500.txt;0.001473
aleatorios;a7500.txt;0.001465
aleatorios;a7500.txt;0.001895
aleatorios;a7500.txt;0.001943
aleatorios;a7500.txt;0.001602
aleatorios;a7500.txt;0.001695
aleatorios;a7500.txt;0.001491
aleatorios;a7500.txt;0.001662
aleatorios;a7500.txt;0.001496
aleatorios;a7500.txt;0.001916
aleatorios;a7500.txt;0.001534
aleatorios;a7500.txt;0.001686
aleatorios;a7500.txt;0.001692
aleatorios;a7500.txt;0.001522
aleatorios;a7500.txt;0.001670
aleatorios;a7500.txt;0.001667
aleatorios;a10000.txt;0.002238
aleatorios;a10000.txt;0.002041
aleatorios;a10000.txt;0.002055
aleatorios;a10000.txt;0.002345
aleatorios;a10000.txt;0.002041
aleatorios;a10000.txt;0.002041
aleatorios;a10000.txt;0.002066
aleatorios;a10000.txt;0.002048
aleatorios;a10000.txt;0.002597
aleatorios;a10000.txt;0.002041
aleatorios;a10000.txt;0.002042
aleatorios;a10000.txt;0.002043
aleatorios;a10000.txt;0.002039
aleatorios;a10000.txt;0.002600
aleatorios;a10000.txt;0.002045
aleatorios;a10000.txt;0.002047
aleatorios;a10000.txt;0.002252
aleatorios;a10000.txt;0.002637
aleatorios;a10000.txt;0.002231
aleatorios;a10000.txt;0.002180
aleatorios;a10000.txt;0.002056
aleatorios;a10000.txt;0.002062
aleatorios;a10000.txt;0.002578
aleatorios;a10000.txt;0.002064
aleatorios;a10000.txt;0.002162
aleatorios;a10000.txt;0.002041
aleatorios;a10000.txt;0.002052
aleatorios;a10000.txt;0.002599
aleatorios;a10000.txt;0.002048
aleatorios;a10000.txt;0.002055
aleatorios;a15000.txt;0.003173
aleatorios;a15000.txt;0.004064
aleatorios;a15000.txt;0.004031
aleatorios;a15000.txt;0.003365
aleatorios;a15000.txt;0.003170
aleatorios;a15000.txt;0.004053
aleatorios;a15000.txt;0.003549
aleatorios;a15000.txt;0.003179
aleatorios;a15000.txt;0.003124
aleatorios;a15000.txt;0.003441
aleatorios;a15000.txt;0.003189
aleatorios;a15000.txt;0.003349
aleatorios;a15000.txt;0.003328
aleatorios;a15000.txt;0.003239
aleatorios;a15000.txt;0.004146
aleatorios;a15000.txt;0.003173
aleatorios;a15000.txt;0.003413
aleatorios;a15000.txt;0.004144
aleatorios;a15000.txt;0.004038
aleatorios;a15000.txt;0.002478
aleatorios;a15000.txt;0.003991
aleatorios;a15000.txt;0.003198
aleatorios;a15000.txt;0.003325
aleatorios;a15000.txt;0.003175
aleatorios;a15000.txt;0.002990
aleatorios;a15000.txt;0.003000
aleatorios;a15000.txt;0.002836
aleatorios;a15000.txt;0.002313
aleatorios;a15000.txt;0.003152
aleatorios;a15000.txt;0.002840
aleatorios;a30000.txt;0.006535
aleatorios;a30000.txt;0.003040
aleatorios;a30000.txt;0.003444
aleatorios;a30000.txt;0.003027
aleatorios;a30000.txt;0.003039
aleatorios;a30000.txt;0.003110
aleatorios;a30000.txt;0.003072
aleatorios;a30000.txt;0.004911
aleatorios;a30000.txt;0.005447
aleatorios;a30000.txt;0.004277
aleatorios;a30000.txt;0.008683
aleatorios;a30000.txt;0.006770
aleatorios;a30000.txt;0.004197
aleatorios;a30000.txt;0.006782
aleatorios;a30000.txt;0.008542
aleatorios;a30000.txt;0.006767
aleatorios;a30000.txt;0.007762
aleatorios;a30000.txt;0.006679
aleatorios;a30000.txt;0.007300
aleatorios;a30000.txt;0.006127
aleatorios;a30000.txt;0.006900
aleatorios;a30000.txt;0.006615
aleatorios;a30000.txt;0.006289
aleatorios;a30000.txt;0.006329
aleatorios;a30000.txt;0.005857
aleatorios;a30000.txt;0.006024
aleatorios;a30000.txt;0.005926
aleatorios;a30000.txt;0.006401
aleatorios;a30000.txt;0.008638
aleatorios;a30000.txt;0.006701
aleatorios;a50000.txt;0.007268
aleatorios;a50000.txt;0.007622
aleatorios;a50000.txt;0.009662
aleatorios;a50000.txt;0.006280
aleatorios;a50000.txt;0.004955
aleatorios;a50000.txt;0.004078
aleatorios;a50000.txt;0.004338
aleatorios;a50000.txt;0.004464
aleatorios;a50000.txt;0.004630
aleatorios;a50000.txt;0.004228
aleatorios;a50000.txt;0.005159
aleatorios;a50000.txt;0.004033
aleatorios;a50000.txt;0.004460
aleatorios;a50000.txt;0.005980
aleatorios;a50000.txt;0.011232
aleatorios;a50000.txt;0.005095
aleatorios;a50000.txt;0.009949
aleatorios;a50000.txt;0.014553
aleatorios;a50000.txt;0.012695
aleatorios;a50000.txt;0.007492
aleatorios;a50000.txt;0.011353
aleatorios;a50000.txt;0.012461
aleatorios;a50000.txt;0.010073
aleatorios;a50000.txt;0.007988
aleatorios;a50000.txt;0.010448
aleatorios;a50000.txt;0.007061
aleatorios;a50000.txt;0.007078
aleatorios;a50000.txt;0.014035
aleatorios;a50000.txt;0.005241
aleatorios;a50000.txt;0.004850
aleatorios;a75000.txt;0.018789
aleatorios;a75000.txt;0.008114
aleatorios;a75000.txt;0.009148
aleatorios;a75000.txt;0.010640
aleatorios;a75000.txt;0.012975
aleatorios;a75000.txt;0.008327
aleatorios;a75000.txt;0.007984
aleatorios;a75000.txt;0.008735
aleatorios;a75000.txt;0.008136
aleatorios;a75000.txt;0.007659
aleatorios;a75000.txt;0.008091
aleatorios;a75000.txt;0.006813
aleatorios;a75000.txt;0.011730
aleatorios;a75000.txt;0.010020
aleatorios;a75000.txt;0.008935
aleatorios;a75000.txt;0.007841
aleatorios;a75000.txt;0.010274
aleatorios;a75000.txt;0.009727
aleatorios;a75000.txt;0.020437
aleatorios;a75000.txt;0.015514
aleatorios;a75000.txt;0.009404
aleatorios;a75000.txt;0.018207
aleatorios;a75000.txt;0.011282
aleatorios;a75000.txt;0.012065
aleatorios;a75000.txt;0.009460
aleatorios;a75000.txt;0.012956
aleatorios;a75000.txt;0.006978
aleatorios;a75000.txt;0.008668
aleatorios;a75000.txt;0.007052
aleatorios;a75000.txt;0.009885
aleatorios;a100000.txt;0.027019
aleatorios;a100000.txt;0.010365
aleatorios;a100000.txt;0.010483
aleatorios;a100000.txt;0.012246
aleatorios;a100000.txt;0.011610
aleatorios;a100000.txt;0.008578
aleatorios;a100000.txt;0.019908
aleatorios;a100000.txt;0.010536
aleatorios;a100000.txt;0.010994
aleatorios;a100000.txt;0.011850
aleatorios;a100000.txt;0.010756
aleatorios;a100000.txt;0.014572
aleatorios;a100000.txt;0.008300
aleatorios;a100000.txt;0.010744
aleatorios;a100000.txt;0.012373
aleatorios;a100000.txt;0.011099
aleatorios;a100000.txt;0.010608
aleatorios;a100000.txt;0.016515
aleatorios;a100000.txt;0.008535
aleatorios;a100000.txt;0.010251
aleatorios;a100000.txt;0.014132
aleatorios;a100000.txt;0.009189
aleatorios;a100000.txt;0.011337
aleatorios;a100000.txt;0.014199
aleatorios;a100000.txt;0.017313
aleatorios;a100000.txt;0.008615
aleatorios;a100000.txt;0.011110
aleatorios;a100000.txt;0.008428
aleatorios;a100000.txt;0.011271
aleatorios;a100000.txt;0.010948
aleatorios;a200000.txt;0.020823
aleatorios;a200000.txt;0.022302
aleatorios;a200000.txt;0.020664
aleatorios;a200000.txt;0.020677
aleatorios;a200000.txt;0.021637
aleatorios;a200000.txt;0.025357
aleatorios;a200000.txt;0.020691
aleatorios;a200000.txt;0.017245
aleatorios;a200000.txt;0.022459
aleatorios;a200000.txt;0.018799
aleatorios;a200000.txt;0.022446
aleatorios;a200000.txt;0.020720
aleatorios;a200000.txt;0.017961
aleatorios;a200000.txt;0.018294
aleatorios;a200000.txt;0.017120
aleatorios;a200000.txt;0.017089
aleatorios;a200000.txt;0.017066
aleatorios;a200000.txt;0.021319
aleatorios;a200000.txt;0.017308
aleatorios;a200000.txt;0.017065
aleatorios;a200000.txt;0.017101
aleatorios;a200000.txt;0.017291
aleatorios;a200000.txt;0.017043
aleatorios;a200000.txt;0.017100
aleatorios;a200000.txt;0.020823
aleatorios;a200000.txt;0.017872
aleatorios;a200000.txt;0.020657
aleatorios;a200000.txt;0.020832
aleatorios;a200000.txt;0.020692
aleatorios;a200000.txt;0.017879
aleatorios;a500000.txt;0.053543
aleatorios;a500000.txt;0.054365
aleatorios;a500000.txt;0.044604
aleatorios;a500000.txt;0.044440
aleatorios;a500000.txt;0.053585
aleatorios;a500000.txt;0.053276
aleatorios;a500000.txt;0.044553
aleatorios;a500000.txt;0.044246
aleatorios;a500000.txt;0.044364
aleatorios;a500000.txt;0.044310
aleatorios;a500000.txt;0.053352
aleatorios;a500000.txt;0.053525
aleatorios;a500000.txt;0.056074
aleatorios;a500000.txt;0.053419
aleatorios;a500000.txt;0.053349
aleatorios;a500000.txt;0.053342
aleatorios;a500000.txt;0.044289
aleatorios;a500000.txt;0.044628
aleatorios;a500000.txt;0.053361
aleatorios;a500000.txt;0.055093
aleatorios;a500000.txt;0.044350
aleatorios;a500000.txt;0.055427
aleatorios;a500000.txt;0.053496
aleatorios;a500000.txt;0.053379
aleatorios;a500000.txt;0.044267
aleatorios;a500000.txt;0.053575
aleatorios;a500000.txt;0.044364
aleatorios;a500000.txt;0.044432
aleatorios;a500000.txt;0.053333
aleatorios;a500000.txt;0.044195
aleatorios;a750000.txt;0.081117
aleatorios;a750000.txt;0.080949
aleatorios;a750000.txt;0.081047
aleatorios;a750000.txt;0.081129
aleatorios;a750000.txt;0.080971
aleatorios;a750000.txt;0.080977
aleatorios;a750000.txt;0.081184
aleatorios;a750000.txt;0.081232
aleatorios;a750000.txt;0.080743
aleatorios;a750000.txt;0.081253
aleatorios;a750000.txt;0.081277
aleatorios;a750000.txt;0.081068
aleatorios;a750000.txt;0.081100
aleatorios;a750000.txt;0.081284
aleatorios;a750000.txt;0.067384
aleatorios;a750000.txt;0.080985
aleatorios;a750000.txt;0.081074
aleatorios;a750000.txt;0.081025
aleatorios;a750000.txt;0.080893
aleatorios;a750000.txt;0.080728
aleatorios;a750000.txt;0.081489
aleatorios;a750000.txt;0.080997
aleatorios;a750000.txt;0.080896
aleatorios;a750000.txt;0.080920
aleatorios;a750000.txt;0.080839
aleatorios;a750000.txt;0.067853
aleatorios;a750000.txt;0.067282
aleatorios;a750000.txt;0.067052
aleatorios;a750000.txt;0.067286
aleatorios;a750000.txt;0.081677
aleatorios;a1000000.txt;0.090607
aleatorios;a1000000.txt;0.090774
aleatorios;a1000000.txt;0.091362
aleatorios;a1000000.txt;0.109072
aleatorios;a1000000.txt;0.090560
aleatorios;a1000000.txt;0.090592
aleatorios;a1000000.txt;0.109674
aleatorios;a1000000.txt;0.109201
aleatorios;a1000000.txt;0.109020
aleatorios;a1000000.txt;0.109334
aleatorios;a1000000.txt;0.109609
aleatorios;a1000000.txt;0.090675
aleatorios;a1000000.txt;0.090533
aleatorios;a1000000.txt;0.109105
aleatorios;a1000000.txt;0.108840
aleatorios;a1000000.txt;0.109128
aleatorios;a1000000.txt;0.108962
aleatorios;a1000000.txt;0.109268
aleatorios;a1000000.txt;0.109225
aleatorios;a1000000.txt;0.108671
aleatorios;a1000000.txt;0.091256
aleatorios;a1000000.txt;0.109244
aleatorios;a1000000.txt;0.110096
aleatorios;a1000000.txt;0.108810
aleatorios;a1000000.txt;0.090580
aleatorios;a1000000.txt;0.090492
aleatorios;a1000000.txt;0.108877
aleatorios;a1000000.txt;0.109100
aleatorios;a1000000.txt;0.090776
aleatorios;a1000000.txt;0.090438
aleatorios;a1250000.txt;0.114107
aleatorios;a1250000.txt;0.113939
aleatorios;a1250000.txt;0.137066
aleatorios;a1250000.txt;0.114278
aleatorios;a1250000.txt;0.137255
aleatorios;a1250000.txt;0.114222
aleatorios;a1250000.txt;0.137127
aleatorios;a1250000.txt;0.136809
aleatorios;a1250000.txt;0.136835
aleatorios;a1250000.txt;0.114200
aleatorios;a1250000.txt;0.137430
aleatorios;a1250000.txt;0.114201
aleatorios;a1250000.txt;0.114001
aleatorios;a1250000.txt;0.113947
aleatorios;a1250000.txt;0.114175
aleatorios;a1250000.txt;0.137147
aleatorios;a1250000.txt;0.114390
aleatorios;a1250000.txt;0.137557
aleatorios;a1250000.txt;0.114145
aleatorios;a1250000.txt;0.137139
aleatorios;a1250000.txt;0.137029
aleatorios;a1250000.txt;0.137208
aleatorios;a1250000.txt;0.137733
aleatorios;a1250000.txt;0.137375
aleatorios;a1250000.txt;0.114224
aleatorios;a1250000.txt;0.114092
aleatorios;a1250000.txt;0.137298
aleatorios;a1250000.txt;0.137252
aleatorios;a1250000.txt;0.113802
aleatorios;a1250000.txt;0.113997
aleatorios;a1500000.txt;0.137962
aleatorios;a1500000.txt;0.137588
aleatorios;a1500000.txt;0.165765
aleatorios;a1500000.txt;0.165558
aleatorios;a1500000.txt;0.165685
aleatorios;a1500000.txt;0.138221
aleatorios;a1500000.txt;0.165974
aleatorios;a1500000.txt;0.137795
aleatorios;a1500000.txt;0.137792
aleatorios;a1500000.txt;0.165697
aleatorios;a1500000.txt;0.166037
aleatorios;a1500000.txt;0.165870
aleatorios;a1500000.txt;0.165502
aleatorios;a1500000.txt;0.165544
aleatorios;a1500000.txt;0.137962
aleatorios;a1500000.txt;0.138057
aleatorios;a1500000.txt;0.165819
aleatorios;a1500000.txt;0.165447
aleatorios;a1500000.txt;0.137828
aleatorios;a1500000.txt;0.165708
aleatorios;a1500000.txt;0.137633
aleatorios;a1500000.txt;0.165740
aleatorios;a1500000.txt;0.138053
aleatorios;a1500000.txt;0.166058
aleatorios;a1500000.txt;0.138024
aleatorios;a1500000.txt;0.165842
aleatorios;a1500000.txt;0.165851
aleatorios;a1500000.txt;0.165098
aleatorios;a1500000.txt;0.165205
aleatorios;a1500000.txt;0.164927
aleatorios;a2000000.txt;0.222833
aleatorios;a2000000.txt;0.185948
aleatorios;a2000000.txt;0.222874
aleatorios;a2000000.txt;0.222948
aleatorios;a2000000.txt;0.186129
aleatorios;a2000000.txt;0.186334
aleatorios;a2000000.txt;0.222863
aleatorios;a2000000.txt;0.222448
aleatorios;a2000000.txt;0.222645
aleatorios;a2000000.txt;0.222849
aleatorios;a2000000.txt;0.222692
aleatorios;a2000000.txt;0.222501
aleatorios;a2000000.txt;0.223183
aleatorios;a2000000.txt;0.222768
aleatorios;a2000000.txt;0.185685
aleatorios;a2000000.txt;0.185777
aleatorios;a2000000.txt;0.223371
aleatorios;a2000000.txt;0.222567
aleatorios;a2000000.txt;0.223128
aleatorios;a2000000.txt;0.222736
aleatorios;a2000000.txt;0.185799
aleatorios;a2000000.txt;0.223775
aleatorios;a2000000.txt;0.222920
aleatorios;a2000000.txt;0.186418
aleatorios;a2000000.txt;0.185594
aleatorios;a2000000.txt;0.185698
aleatorios;a2000000.txt;0.223483
aleatorios;a2000000.txt;0.186266
aleatorios;a2000000.txt;0.222931
aleatorios;a2000000.txt;0.222781
