parcialmenteOrdenados;po5000.txt;0.000104
parcialmenteOrdenados;po5000.txt;0.000105
parcialmenteOrdenados;po5000.txt;0.000107
parcialmenteOrdenados;po5000.txt;0.000132
parcialmenteOrdenados;po5000.txt;0.000104
parcialmenteOrdenados;po5000.txt;0.000104
parcialmenteOrdenados;po5000.txt;0.000113
parcialmenteOrdenados;po5000.txt;0.000105
parcialmenteOrdenados;po5000.txt;0.000104
parcialmenteOrdenados;po5000.txt;0.000103
parcialmenteOrdenados;po5000.txt;0.000103
parcialmenteOrdenados;po5000.txt;0.000103
parcialmenteOrdenados;po5000.txt;0.000108
parcialmenteOrdenados;po5000.txt;0.000101
parcialmenteOrdenados;po5000.txt;0.000136
parcialmenteOrdenados;po5000.txt;0.000103
parcialmenteOrdenados;po5000.txt;0.000108
parcialmenteOrdenados;po5000.txt;0.000106
parcialmenteOrdenados;po5000.txt;0.000101
parcialmenteOrdenados;po5000.txt;0.000102
parcialmenteOrdenados;po5000.txt;0.000100
parcialmenteOrdenados;po5000.txt;0.000105
parcialmenteOrdenados;po5000.txt;0.000102
parcialmenteOrdenados;po5000.txt;0.000102
parcialmenteOrdenados;po5000.txt;0.000103
parcialmenteOrdenados;po5000.txt;0.000101
parcialmenteOrdenados;po5000.txt;0.000106
parcialmenteOrdenados;po5000.txt;0.000101
parcialmenteOrdenados;po5000.txt;0.000099
parcialmenteOrdenados;po5000.txt;0.000101
parcialmenteOrdenados;po10000.txt;0.000200
parcialmenteOrdenados;po10000.txt;0.000203
parcialmenteOrdenados;po10000.txt;0.000201
parcialmenteOrdenados;po10000.txt;0.000199
parcialmenteOrdenados;po10000.txt;0.000200
parcialmenteOrdenados;po10000.txt;0.000203
parcialmenteOrdenados;po10000.txt;0.000214
parcialmenteOrdenados;po10000.txt;0.000200
parcialmenteOrdenados;po10000.txt;0.000205
parcialmenteOrdenados;po10000.txt;0.000203
parcialmenteOrdenados;po10000.txt;0.000208
parcialmenteOrdenados;po10000.txt;0.000203
parcialmenteOrdenados;po10000.txt;0.000199
parcialmenteOrdenados;po10000.txt;0.000202
parcialmenteOrdenados;po10000.txt;0.000200
parcialmenteOrdenados;po10000.txt;0.000203
parcialmenteOrdenados;po10000.txt;0.000206
parcialmenteOrdenados;po10000.txt;0.000206
parcialmenteOrdenados;po10000.txt;0.000199
parcialmenteOrdenados;po10000.txt;0.000218
parcialmenteOrdenados;po10000.txt;0.000214
parcialmenteOrdenados;po10000.txt;0.000203
parcialmenteOrdenados;po10000.txt;0.000207
parcialmenteOrdenados;po10000.txt;0.000207
parcialmenteOrdenados;po10000.txt;0.000214
parcialmenteOrdenados;po10000.txt;0.000205
parcialmenteOrdenados;po10000.txt;0.000225
parcialmenteOrdenados;po10000.txt;0.000200
parcialmenteOrdenados;po10000.txt;0.000209
parcialmenteOrdenados;po10000.txt;0.000205
parcialmenteOrdenados;po15000.txt;0.000312
parcialmenteOrdenados;po15000.txt;0.000313
parcialmenteOrdenados;po15000.txt;0.000312
parcialmenteOrdenados;po15000.txt;0.000325
parcialmenteOrdenados;po15000.txt;0.000316
parcialmenteOrdenados;po15000.txt;0.000315
parcialmenteOrdenados;po15000.txt;0.000304
parcialmenteOrdenados;po15000.txt;0.000305
parcialmenteOrdenados;po15000.txt;0.000311
parcialmenteOrdenados;po15000.txt;0.000314
parcialmenteOrdenados;po15000.txt;0.000313
parcialmenteOrdenados;po15000.txt;0.000311
parcialmenteOrdenados;po15000.txt;0.000308
parcialmenteOrdenados;po15000.txt;0.000324
parcialmenteOrdenados;po15000.txt;0.000312
parcialmenteOrdenados;po15000.txt;0.000312
parcialmenteOrdenados;po15000.txt;0.000345
parcialmenteOrdenados;po15000.txt;0.000316
parcialmenteOrdenados;po15000.txt;0.000309
parcialmenteOrdenados;po15000.txt;0.000314
parcialmenteOrdenados;po15000.txt;0.000311
parcialmenteOrdenados;po15000.txt;0.000322
parcialmenteOrdenados;po15000.txt;0.000311
parcialmenteOrdenados;po15000.txt;0.000313
parcialmenteOrdenados;po15000.txt;0.000308
parcialmenteOrdenados;po15000.txt;0.000309
parcialmenteOrdenados;po15000.txt;0.000312
parcialmenteOrdenados;po15000.txt;0.000327
parcialmenteOrdenados;po15000.txt;0.000312
parcialmenteOrdenados;po15000.txt;0.000314
parcialmenteOrdenados;po30000.txt;0.000545
parcialmenteOrdenados;po30000.txt;0.000553
parcialmenteOrdenados;po30000.txt;0.000553
parcialmenteOrdenados;po30000.txt;0.000575
parcialmenteOrdenados;po30000.txt;0.000545
parcialmenteOrdenados;po30000.txt;0.000975
parcialmenteOrdenados;po30000.txt;0.000586
parcialmenteOrdenados;po30000.txt;0.000536
parcialmenteOrdenados;po30000.txt;0.000537
parcialmenteOrdenados;po30000.txt;0.000737
parcialmenteOrdenados;po30000.txt;0.000554
parcialmenteOrdenados;po30000.txt;0.000574
parcialmenteOrdenados;po30000.txt;0.000535
parcialmenteOrdenados;po30000.txt;0.000567
parcialmenteOrdenados;po30000.txt;0.000570
parcialmenteOrdenados;po30000.txt;0.000548
parcialmenteOrdenados;po30000.txt;0.000545
parcialmenteOrdenados;po30000.txt;0.000551
parcialmenteOrdenados;po30000.txt;0.000549
parcialmenteOrdenados;po30000.txt;0.000543
parcialmenteOrdenados;po30000.txt;0.000548
parcialmenteOrdenados;po30000.txt;0.000541
parcialmenteOrdenados;po30000.txt;0.000526
parcialmenteOrdenados;po30000.txt;0.000552
parcialmenteOrdenados;po30000.txt;0.000531
parcialmenteOrdenados;po30000.txt;0.000549
parcialmenteOrdenados;po30000.txt;0.000564
parcialmenteOrdenados;po30000.txt;0.000551
parcialmenteOrdenados;po30000.txt;0.000549
parcialmenteOrdenados;po30000.txt;0.000533
parcialmenteOrdenados;po50000.txt;0.001974
parcialmenteOrdenados;po50000.txt;0.001935
parcialmenteOrdenados;po50000.txt;0.001776
parcialmenteOrdenados;po50000.txt;0.001918
parcialmenteOrdenados;po50000.txt;0.001933
parcialmenteOrdenados;po50000.txt;0.001832
parcialmenteOrdenados;po50000.txt;0.001877
parcialmenteOrdenados;po50000.txt;0.001731
parcialmenteOrdenados;po50000.txt;0.001844
parcialmenteOrdenados;po50000.txt;0.001813
parcialmenteOrdenados;po50000.txt;0.001816
parcialmenteOrdenados;po50000.txt;0.002000
parcialmenteOrdenados;po50000.txt;0.001885
parcialmenteOrdenados;po50000.txt;0.001812
parcialmenteOrdenados;po50000.txt;0.001994
parcialmenteOrdenados;po50000.txt;0.001836
parcialmenteOrdenados;po50000.txt;0.001979
parcialmenteOrdenados;po50000.txt;0.001738
parcialmenteOrdenados;po50000.txt;0.001808
parcialmenteOrdenados;po50000.txt;0.001923
parcialmenteOrdenados;po50000.txt;0.001918
parcialmenteOrdenados;po50000.txt;0.001919
parcialmenteOrdenados;po50000.txt;0.000767
parcialmenteOrdenados;po50000.txt;0.000758
parcialmenteOrdenados;po50000.txt;0.001848
parcialmenteOrdenados;po50000.txt;0.001991
parcialmenteOrdenados;po50000.txt;0.001804
parcialmenteOrdenados;po50000.txt;0.002006
parcialmenteOrdenados;po50000.txt;0.001912
parcialmenteOrdenados;po50000.txt;0.001830
parcialmenteOrdenados;po100000.txt;0.001258
parcialmenteOrdenados;po100000.txt;0.001276
parcialmenteOrdenados;po100000.txt;0.001340
parcialmenteOrdenados;po100000.txt;0.001272
parcialmenteOrdenados;po100000.txt;0.001272
parcialmenteOrdenados;po100000.txt;0.001271
parcialmenteOrdenados;po100000.txt;0.001253
parcialmenteOrdenados;po100000.txt;0.001290
parcialmenteOrdenados;po100000.txt;0.001333
parcialmenteOrdenados;po100000.txt;0.001307
parcialmenteOrdenados;po100000.txt;0.001285
parcialmenteOrdenados;po100000.txt;0.001288
parcialmenteOrdenados;po100000.txt;0.001279
parcialmenteOrdenados;po100000.txt;0.001324
parcialmenteOrdenados;po100000.txt;0.001323
parcialmenteOrdenados;po100000.txt;0.001279
parcialmenteOrdenados;po100000.txt;0.001283
parcialmenteOrdenados;po100000.txt;0.001354
parcialmenteOrdenados;po100000.txt;0.001286
parcialmenteOrdenados;po100000.txt;0.001279
parcialmenteOrdenados;po100000.txt;0.001252
parcialmenteOrdenados;po100000.txt;0.001242
parcialmenteOrdenados;po100000.txt;0.001350
parcialmenteOrdenados;po100000.txt;0.001283
parcialmenteOrdenados;po100000.txt;0.001292
parcialmenteOrdenados;po100000.txt;0.001278
parcialmenteOrdenados;po100000.txt;0.001288
parcialmenteOrdenados;po100000.txt;0.001263
parcialmenteOrdenados;po100000.txt;0.001246
parcialmenteOrdenados;po100000.txt;0.001261
parcialmenteOrdenados;po200000.txt;0.002676
parcialmenteOrdenados;po200000.txt;0.002125
parcialmenteOrdenados;po200000.txt;0.002074
parcialmenteOrdenados;po200000.txt;0.002035
parcialmenteOrdenados;po200000.txt;0.002182
parcialmenteOrdenados;po200000.txt;0.002171
parcialmenteOrdenados;po200000.txt;0.002230
parcialmenteOrdenados;po200000.txt;0.002233
parcialmenteOrdenados;po200000.txt;0.002083
parcialmenteOrdenados;po200000.txt;0.002202
parcialmenteOrdenados;po200000.txt;0.002089
parcialmenteOrdenados;po200000.txt;0.002222
parcialmenteOrdenados;po200000.txt;0.002219
parcialmenteOrdenados;po200000.txt;0.002046
parcialmenteOrdenados;po200000.txt;0.002180
parcialmenteOrdenados;po200000.txt;0.002229
parcialmenteOrdenados;po200000.txt;0.002095
parcialmenteOrdenados;po200000.txt;0.002199
parcialmenteOrdenados;po200000.txt;0.002190
parcialmenteOrdenados;po200000.txt;0.002130
parcialmenteOrdenados;po200000.txt;0.002059
parcialmenteOrdenados;po200000.txt;0.002145
parcialmenteOrdenados;po200000.txt;0.002240
parcialmenteOrdenados;po200000.txt;0.002087
parcialmenteOrdenados;po200000.txt;0.002173
parcialmenteOrdenados;po200000.txt;0.002264
parcialmenteOrdenados;po200000.txt;0.002173
parcialmenteOrdenados;po200000.txt;0.002193
parcialmenteOrdenados;po200000.txt;0.002281
parcialmenteOrdenados;po200000.txt;0.002359
parcialmenteOrdenados;po500000.txt;0.005284
parcialmenteOrdenados;po500000.txt;0.004918
parcialmenteOrdenados;po500000.txt;0.004983
parcialmenteOrdenados;po500000.txt;0.005171
parcialmenteOrdenados;po500000.txt;0.004738
parcialmenteOrdenados;po500000.txt;0.004853
parcialmenteOrdenados;po500000.txt;0.004896
parcialmenteOrdenados;po500000.txt;0.004610
parcialmenteOrdenados;po500000.txt;0.004622
parcialmenteOrdenados;po500000.txt;0.004428
parcialmenteOrdenados;po500000.txt;0.004814
parcialmenteOrdenados;po500000.txt;0.004911
parcialmenteOrdenados;po500000.txt;0.004943
parcialmenteOrdenados;po500000.txt;0.004988
parcialmenteOrdenados;po500000.txt;0.005009
parcialmenteOrdenados;po500000.txt;0.004865
parcialmenteOrdenados;po500000.txt;0.004874
parcialmenteOrdenados;po500000.txt;0.004752
parcialmenteOrdenados;po500000.txt;0.004863
parcialmenteOrdenados;po500000.txt;0.004828
parcialmenteOrdenados;po500000.txt;0.004820
parcialmenteOrdenados;po500000.txt;0.005035
parcialmenteOrdenados;po500000.txt;0.004872
parcialmenteOrdenados;po500000.txt;0.004891
parcialmenteOrdenados;po500000.txt;0.004902
parcialmenteOrdenados;po500000.txt;0.008461
parcialmenteOrdenados;po500000.txt;0.012943
parcialmenteOrdenados;po500000.txt;0.008388
parcialmenteOrdenados;po500000.txt;0.008160
parcialmenteOrdenados;po500000.txt;0.008479
parcialmenteOrdenados;po1000000.txt;0.009222
parcialmenteOrdenados;po1000000.txt;0.008866
parcialmenteOrdenados;po1000000.txt;0.009791
parcialmenteOrdenados;po1000000.txt;0.009541
parcialmenteOrdenados;po1000000.txt;0.008801
parcialmenteOrdenados;po1000000.txt;0.008642
parcialmenteOrdenados;po1000000.txt;0.009200
parcialmenteOrdenados;po1000000.txt;0.008975
parcialmenteOrdenados;po1000000.txt;0.009232
parcialmenteOrdenados;po1000000.txt;0.008621
parcialmenteOrdenados;po1000000.txt;0.009412
parcialmenteOrdenados;po1000000.txt;0.008968
parcialmenteOrdenados;po1000000.txt;0.009417
parcialmenteOrdenados;po1000000.txt;0.009328
parcialmenteOrdenados;po1000000.txt;0.009511
parcialmenteOrdenados;po1000000.txt;0.009478
parcialmenteOrdenados;po1000000.txt;0.009079
parcialmenteOrdenados;po1000000.txt;0.009332
parcialmenteOrdenados;po1000000.txt;0.009281
parcialmenteOrdenados;po1000000.txt;0.008494
parcialmenteOrdenados;po1000000.txt;0.008441
parcialmenteOrdenados;po1000000.txt;0.008569
parcialmenteOrdenados;po1000000.txt;0.009186
parcialmenteOrdenados;po1000000.txt;0.009377
parcialmenteOrdenados;po1000000.txt;0.008577
parcialmenteOrdenados;po1000000.txt;0.008918
parcialmenteOrdenados;po1000000.txt;0.009199
parcialmenteOrdenados;po1000000.txt;0.009125
parcialmenteOrdenados;po1000000.txt;0.009348
parcialmenteOrdenados;po1000000.txt;0.008811
parcialmenteOrdenados;po1500000.txt;0.013113
parcialmenteOrdenados;po1500000.txt;0.013607
parcialmenteOrdenados;po1500000.txt;0.013343
parcialmenteOrdenados;po1500000.txt;0.013695
parcialmenteOrdenados;po1500000.txt;0.013152
parcialmenteOrdenados;po1500000.txt;0.013542
parcialmenteOrdenados;po1500000.txt;0.013628
parcialmenteOrdenados;po1500000.txt;0.013671
parcialmenteOrdenados;po1500000.txt;0.013854
parcialmenteOrdenados;po1500000.txt;0.013188
parcialmenteOrdenados;po1500000.txt;0.013557
parcialmenteOrdenados;po1500000.txt;0.012582
parcialmenteOrdenados;po1500000.txt;0.014058
parcialmenteOrdenados;po1500000.txt;0.012913
parcialmenteOrdenados;po1500000.txt;0.013641
parcialmenteOrdenados;po1500000.txt;0.012942
parcialmenteOrdenados;po1500000.txt;0.013961
parcialmenteOrdenados;po1500000.txt;0.012525
parcialmenteOrdenados;po1500000.txt;0.014278
parcialmenteOrdenados;po1500000.txt;0.013310
parcialmenteOrdenados;po1500000.txt;0.012542
parcialmenteOrdenados;po1500000.txt;0.013092
parcialmenteOrdenados;po1500000.txt;0.024594
parcialmenteOrdenados;po1500000.txt;0.023086
parcialmenteOrdenados;po1500000.txt;0.023298
parcialmenteOrdenados;po1500000.txt;0.012649
parcialmenteOrdenados;po1500000.txt;0.013079
parcialmenteOrdenados;po1500000.txt;0.013123
parcialmenteOrdenados;po1500000.txt;0.013557
parcialmenteOrdenados;po1500000.txt;0.012573
parcialmenteOrdenados;po2000000.txt;0.017476
parcialmenteOrdenados;po2000000.txt;0.017056
parcialmenteOrdenados;po2000000.txt;0.016762
parcialmenteOrdenados;po2000000.txt;0.017274
parcialmenteOrdenados;po2000000.txt;0.018260
parcialmenteOrdenados;po2000000.txt;0.016813
parcialmenteOrdenados;po2000000.txt;0.016934
parcialmenteOrdenados;po2000000.txt;0.016947
parcialmenteOrdenados;po2000000.txt;0.017730
parcialmenteOrdenados;po2000000.txt;0.018050
parcialmenteOrdenados;po2000000.txt;0.017118
parcialmenteOrdenados;po2000000.txt;0.017808
parcialmenteOrdenados;po2000000.txt;0.016429
parcialmenteOrdenados;po2000000.txt;0.016812
parcialmenteOrdenados;po2000000.txt;0.016967
parcialmenteOrdenados;po2000000.txt;0.017530
parcialmenteOrdenados;po2000000.txt;0.017402
parcialmenteOrdenados;po2000000.txt;0.017454
parcialmenteOrdenados;po2000000.txt;0.016961
parcialmenteOrdenados;po2000000.txt;0.017388
parcialmenteOrdenados;po2000000.txt;0.017711
parcialmenteOrdenados;po2000000.txt;0.018310
parcialmenteOrdenados;po2000000.txt;0.017501
parcialmenteOrdenados;po2000000.txt;0.018403
parcialmenteOrdenados;po2000000.txt;0.018013
parcialmenteOrdenados;po2000000.txt;0.032198
parcialmenteOrdenados;po2000000.txt;0.030620
parcialmenteOrdenados;po2000000.txt;0.017240
parcialmenteOrdenados;po2000000.txt;0.018389
parcialmenteOrdenados;po2000000.txt;0.016307
