Pasta;Arquivo;Tempo_Segundos
parcialmenteOrdenados;po5000.txt;0.000222292
parcialmenteOrdenados;po5000.txt;0.000226332
parcialmenteOrdenados;po5000.txt;0.000228455
parcialmenteOrdenados;po5000.txt;0.00023343
parcialmenteOrdenados;po5000.txt;0.000223531
parcialmenteOrdenados;po5000.txt;0.00023686
parcialmenteOrdenados;po5000.txt;0.000231558
parcialmenteOrdenados;po5000.txt;0.00022286
parcialmenteOrdenados;po5000.txt;0.000225935
parcialmenteOrdenados;po5000.txt;0.000227396
parcialmenteOrdenados;po5000.txt;0.000223338
parcialmenteOrdenados;po5000.txt;0.000239541
parcialmenteOrdenados;po5000.txt;0.000229264
parcialmenteOrdenados;po5000.txt;0.000230009
parcialmenteOrdenados;po5000.txt;0.000231245
parcialmenteOrdenados;po5000.txt;0.000245343
parcialmenteOrdenados;po5000.txt;0.000229902
parcialmenteOrdenados;po5000.txt;0.000226773
parcialmenteOrdenados;po5000.txt;0.000230917
parcialmenteOrdenados;po5000.txt;0.000235047
parcialmenteOrdenados;po5000.txt;0.000237345
parcialmenteOrdenados;po5000.txt;0.000226635
parcialmenteOrdenados;po5000.txt;0.000233688
parcialmenteOrdenados;po5000.txt;0.000226994
parcialmenteOrdenados;po5000.txt;0.00023056
parcialmenteOrdenados;po5000.txt;0.000230931
parcialmenteOrdenados;po5000.txt;0.000232309
parcialmenteOrdenados;po5000.txt;0.000235826
parcialmenteOrdenados;po5000.txt;0.000236843
parcialmenteOrdenados;po5000.txt;0.000231102
parcialmenteOrdenados;po10000.txt;0.000475887
parcialmenteOrdenados;po10000.txt;0.000478905
parcialmenteOrdenados;po10000.txt;0.000469893
parcialmenteOrdenados;po10000.txt;0.000459747
parcialmenteOrdenados;po10000.txt;0.000479251
parcialmenteOrdenados;po10000.txt;0.000469514
parcialmenteOrdenados;po10000.txt;0.000479773
parcialmenteOrdenados;po10000.txt;0.000474161
parcialmenteOrdenados;po10000.txt;0.000476178
parcialmenteOrdenados;po10000.txt;0.000464367
parcialmenteOrdenados;po10000.txt;0.000495405
parcialmenteOrdenados;po10000.txt;0.000457614
parcialmenteOrdenados;po10000.txt;0.000472011
parcialmenteOrdenados;po10000.txt;0.000466193
parcialmenteOrdenados;po10000.txt;0.000473322
parcialmenteOrdenados;po10000.txt;0.000468924
parcialmenteOrdenados;po10000.txt;0.000469367
parcialmenteOrdenados;po10000.txt;0.000474383
parcialmenteOrdenados;po10000.txt;0.000457483
parcialmenteOrdenados;po10000.txt;0.000452481
parcialmenteOrdenados;po10000.txt;0.000464601
parcialmenteOrdenados;po10000.txt;0.00047837
parcialmenteOrdenados;po10000.txt;0.000468668
parcialmenteOrdenados;po10000.txt;0.000458984
parcialmenteOrdenados;po10000.txt;0.000464629
parcialmenteOrdenados;po10000.txt;0.000475215
parcialmenteOrdenados;po10000.txt;0.000470354
parcialmenteOrdenados;po10000.txt;0.000485125
parcialmenteOrdenados;po10000.txt;0.000458548
parcialmenteOrdenados;po10000.txt;0.000484609
parcialmenteOrdenados;po15000.txt;0.000721093
parcialmenteOrdenados;po15000.txt;0.000713202
parcialmenteOrdenados;po15000.txt;0.000722466
parcialmenteOrdenados;po15000.txt;0.000708551
parcialmenteOrdenados;po15000.txt;0.000709656
parcialmenteOrdenados;po15000.txt;0.000715844
parcialmenteOrdenados;po15000.txt;0.00072117
parcialmenteOrdenados;po15000.txt;0.000711185
parcialmenteOrdenados;po15000.txt;0.000688433
parcialmenteOrdenados;po15000.txt;0.000688068
parcialmenteOrdenados;po15000.txt;0.000696036
parcialmenteOrdenados;po15000.txt;0.000710327
parcialmenteOrdenados;po15000.txt;0.000740467
parcialmenteOrdenados;po15000.txt;0.000711217
parcialmenteOrdenados;po15000.txt;0.00072883
parcialmenteOrdenados;po15000.txt;0.000717087
parcialmenteOrdenados;po15000.txt;0.0006989
parcialmenteOrdenados;po15000.txt;0.000697616
parcialmenteOrdenados;po15000.txt;0.00069233
parcialmenteOrdenados;po15000.txt;0.000713939
parcialmenteOrdenados;po15000.txt;0.000707634
parcialmenteOrdenados;po15000.txt;0.000708498
parcialmenteOrdenados;po15000.txt;0.00071404
parcialmenteOrdenados;po15000.txt;0.000686785
parcialmenteOrdenados;po15000.txt;0.000711777
parcialmenteOrdenados;po15000.txt;0.000730983
parcialmenteOrdenados;po15000.txt;0.000718324
parcialmenteOrdenados;po15000.txt;0.000712459
parcialmenteOrdenados;po15000.txt;0.000708304
parcialmenteOrdenados;po15000.txt;0.000752337
parcialmenteOrdenados;po30000.txt;0.00153642
parcialmenteOrdenados;po30000.txt;0.00148667
parcialmenteOrdenados;po30000.txt;0.00147682
parcialmenteOrdenados;po30000.txt;0.00145858
parcialmenteOrdenados;po30000.txt;0.00148332
parcialmenteOrdenados;po30000.txt;0.00147064
parcialmenteOrdenados;po30000.txt;0.00144372
parcialmenteOrdenados;po30000.txt;0.00150432
parcialmenteOrdenados;po30000.txt;0.00148976
parcialmenteOrdenados;po30000.txt;0.00149717
parcialmenteOrdenados;po30000.txt;0.00148279
parcialmenteOrdenados;po30000.txt;0.00146516
parcialmenteOrdenados;po30000.txt;0.0014941
parcialmenteOrdenados;po30000.txt;0.00149587
parcialmenteOrdenados;po30000.txt;0.00151548
parcialmenteOrdenados;po30000.txt;0.00148204
parcialmenteOrdenados;po30000.txt;0.00148286
parcialmenteOrdenados;po30000.txt;0.00150676
parcialmenteOrdenados;po30000.txt;0.00147128
parcialmenteOrdenados;po30000.txt;0.00144943
parcialmenteOrdenados;po30000.txt;0.00147103
parcialmenteOrdenados;po30000.txt;0.00146867
parcialmenteOrdenados;po30000.txt;0.00145513
parcialmenteOrdenados;po30000.txt;0.00146984
parcialmenteOrdenados;po30000.txt;0.00149127
parcialmenteOrdenados;po30000.txt;0.00151114
parcialmenteOrdenados;po30000.txt;0.00149543
parcialmenteOrdenados;po30000.txt;0.00147168
parcialmenteOrdenados;po30000.txt;0.00148462
parcialmenteOrdenados;po30000.txt;0.00149218
parcialmenteOrdenados;po50000.txt;0.00249798
parcialmenteOrdenados;po50000.txt;0.00249427
parcialmenteOrdenados;po50000.txt;0.00254396
parcialmenteOrdenados;po50000.txt;0.00246128
parcialmenteOrdenados;po50000.txt;0.002512
parcialmenteOrdenados;po50000.txt;0.00249878
parcialmenteOrdenados;po50000.txt;0.0024824
parcialmenteOrdenados;po50000.txt;0.002563
parcialmenteOrdenados;po50000.txt;0.00245036
parcialmenteOrdenados;po50000.txt;0.00251808
parcialmenteOrdenados;po50000.txt;0.00248992
parcialmenteOrdenados;po50000.txt;0.00246952
parcialmenteOrdenados;po50000.txt;0.00249521
parcialmenteOrdenados;po50000.txt;0.00252293
parcialmenteOrdenados;po50000.txt;0.00247447
parcialmenteOrdenados;po50000.txt;0.00247987
parcialmenteOrdenados;po50000.txt;0.00251736
parcialmenteOrdenados;po50000.txt;0.00254891
parcialmenteOrdenados;po50000.txt;0.00254072
parcialmenteOrdenados;po50000.txt;0.00251217
parcialmenteOrdenados;po50000.txt;0.00253501
parcialmenteOrdenados;po50000.txt;0.00246701
parcialmenteOrdenados;po50000.txt;0.00251388
parcialmenteOrdenados;po50000.txt;0.00250391
parcialmenteOrdenados;po50000.txt;0.00249703
parcialmenteOrdenados;po50000.txt;0.00246376
parcialmenteOrdenados;po50000.txt;0.00255004
parcialmenteOrdenados;po50000.txt;0.0025074
parcialmenteOrdenados;po50000.txt;0.00250291
parcialmenteOrdenados;po50000.txt;0.00252864
parcialmenteOrdenados;po100000.txt;0.00515107
parcialmenteOrdenados;po100000.txt;0.00522145
parcialmenteOrdenados;po100000.txt;0.00517733
parcialmenteOrdenados;po100000.txt;0.00516105
parcialmenteOrdenados;po100000.txt;0.00514378
parcialmenteOrdenados;po100000.txt;0.00510966
parcialmenteOrdenados;po100000.txt;0.00518263
parcialmenteOrdenados;po100000.txt;0.00519763
parcialmenteOrdenados;po100000.txt;0.00511712
parcialmenteOrdenados;po100000.txt;0.00517842
parcialmenteOrdenados;po100000.txt;0.00515405
parcialmenteOrdenados;po100000.txt;0.00514904
parcialmenteOrdenados;po100000.txt;0.00519946
parcialmenteOrdenados;po100000.txt;0.00525296
parcialmenteOrdenados;po100000.txt;0.00516666
parcialmenteOrdenados;po100000.txt;0.00518769
parcialmenteOrdenados;po100000.txt;0.00518158
parcialmenteOrdenados;po100000.txt;0.00518453
parcialmenteOrdenados;po100000.txt;0.00519219
parcialmenteOrdenados;po100000.txt;0.00519348
parcialmenteOrdenados;po100000.txt;0.00513941
parcialmenteOrdenados;po100000.txt;0.00518634
parcialmenteOrdenados;po100000.txt;0.00547122
parcialmenteOrdenados;po100000.txt;0.00529444
parcialmenteOrdenados;po100000.txt;0.00511334
parcialmenteOrdenados;po100000.txt;0.00560834
parcialmenteOrdenados;po100000.txt;0.00523658
parcialmenteOrdenados;po100000.txt;0.00573437
parcialmenteOrdenados;po100000.txt;0.00525113
parcialmenteOrdenados;po100000.txt;0.00522412
parcialmenteOrdenados;po200000.txt;0.011333
parcialmenteOrdenados;po200000.txt;0.0115039
parcialmenteOrdenados;po200000.txt;0.0114148
parcialmenteOrdenados;po200000.txt;0.011119
parcialmenteOrdenados;po200000.txt;0.0110782
parcialmenteOrdenados;po200000.txt;0.0110838
parcialmenteOrdenados;po200000.txt;0.0113035
parcialmenteOrdenados;po200000.txt;0.0109802
parcialmenteOrdenados;po200000.txt;0.0111982
parcialmenteOrdenados;po200000.txt;0.0109234
parcialmenteOrdenados;po200000.txt;0.0104398
parcialmenteOrdenados;po200000.txt;0.0109192
parcialmenteOrdenados;po200000.txt;0.0108014
parcialmenteOrdenados;po200000.txt;0.0110701
parcialmenteOrdenados;po200000.txt;0.0109596
parcialmenteOrdenados;po200000.txt;0.0111275
parcialmenteOrdenados;po200000.txt;0.0110573
parcialmenteOrdenados;po200000.txt;0.0106281
parcialmenteOrdenados;po200000.txt;0.0106108
parcialmenteOrdenados;po200000.txt;0.0111527
parcialmenteOrdenados;po200000.txt;0.0106774
parcialmenteOrdenados;po200000.txt;0.0110831
parcialmenteOrdenados;po200000.txt;0.0107355
parcialmenteOrdenados;po200000.txt;0.0118271
parcialmenteOrdenados;po200000.txt;0.0163046
parcialmenteOrdenados;po200000.txt;0.0109916
parcialmenteOrdenados;po200000.txt;0.0159383
parcialmenteOrdenados;po200000.txt;0.0106242
parcialmenteOrdenados;po200000.txt;0.0110242
parcialmenteOrdenados;po200000.txt;0.0107491
parcialmenteOrdenados;po500000.txt;0.03034
parcialmenteOrdenados;po500000.txt;0.0301114
parcialmenteOrdenados;po500000.txt;0.0308855
parcialmenteOrdenados;po500000.txt;0.0317224
parcialmenteOrdenados;po500000.txt;0.0313679
parcialmenteOrdenados;po500000.txt;0.0305466
parcialmenteOrdenados;po500000.txt;0.0300936
parcialmenteOrdenados;po500000.txt;0.0296567
parcialmenteOrdenados;po500000.txt;0.0302444
parcialmenteOrdenados;po500000.txt;0.029365
parcialmenteOrdenados;po500000.txt;0.0280864
parcialmenteOrdenados;po500000.txt;0.0293795
parcialmenteOrdenados;po500000.txt;0.0282877
parcialmenteOrdenados;po500000.txt;0.0299118
parcialmenteOrdenados;po500000.txt;0.0301595
parcialmenteOrdenados;po500000.txt;0.0295876
parcialmenteOrdenados;po500000.txt;0.0292169
parcialmenteOrdenados;po500000.txt;0.0291601
parcialmenteOrdenados;po500000.txt;0.0285277
parcialmenteOrdenados;po500000.txt;0.0282072
parcialmenteOrdenados;po500000.txt;0.0296664
parcialmenteOrdenados;po500000.txt;0.0285412
parcialmenteOrdenados;po500000.txt;0.0284011
parcialmenteOrdenados;po500000.txt;0.0292626
parcialmenteOrdenados;po500000.txt;0.0290947
parcialmenteOrdenados;po500000.txt;0.0296276
parcialmenteOrdenados;po500000.txt;0.0288551
parcialmenteOrdenados;po500000.txt;0.028924
parcialmenteOrdenados;po500000.txt;0.0291446
parcialmenteOrdenados;po500000.txt;0.0292432
parcialmenteOrdenados;po1000000.txt;0.0633036
parcialmenteOrdenados;po1000000.txt;0.0635205
parcialmenteOrdenados;po1000000.txt;0.0628793
parcialmenteOrdenados;po1000000.txt;0.06277
parcialmenteOrdenados;po1000000.txt;0.111807
parcialmenteOrdenados;po1000000.txt;0.115814
parcialmenteOrdenados;po1000000.txt;0.115666
parcialmenteOrdenados;po1000000.txt;0.114975
parcialmenteOrdenados;po1000000.txt;0.115197
parcialmenteOrdenados;po1000000.txt;0.116491
parcialmenteOrdenados;po1000000.txt;0.0880033
parcialmenteOrdenados;po1000000.txt;0.0621473
parcialmenteOrdenados;po1000000.txt;0.0618712
parcialmenteOrdenados;po1000000.txt;0.0627773
parcialmenteOrdenados;po1000000.txt;0.0618816
parcialmenteOrdenados;po1000000.txt;0.0611395
parcialmenteOrdenados;po1000000.txt;0.0624359
parcialmenteOrdenados;po1000000.txt;0.0616714
parcialmenteOrdenados;po1000000.txt;0.062498
parcialmenteOrdenados;po1000000.txt;0.0626749
parcialmenteOrdenados;po1000000.txt;0.0633957
parcialmenteOrdenados;po1000000.txt;0.0613266
parcialmenteOrdenados;po1000000.txt;0.062751
parcialmenteOrdenados;po1000000.txt;0.0606708
parcialmenteOrdenados;po1000000.txt;0.0623935
parcialmenteOrdenados;po1000000.txt;0.0626298
parcialmenteOrdenados;po1000000.txt;0.0624124
parcialmenteOrdenados;po1000000.txt;0.0650611
parcialmenteOrdenados;po1000000.txt;0.0615313
parcialmenteOrdenados;po1000000.txt;0.0623781
parcialmenteOrdenados;po1500000.txt;0.10167
parcialmenteOrdenados;po1500000.txt;0.101797
parcialmenteOrdenados;po1500000.txt;0.109177
parcialmenteOrdenados;po1500000.txt;0.103999
parcialmenteOrdenados;po1500000.txt;0.102235
parcialmenteOrdenados;po1500000.txt;0.101655
parcialmenteOrdenados;po1500000.txt;0.103267
parcialmenteOrdenados;po1500000.txt;0.105283
parcialmenteOrdenados;po1500000.txt;0.104048
parcialmenteOrdenados;po1500000.txt;0.103214
parcialmenteOrdenados;po1500000.txt;0.103755
parcialmenteOrdenados;po1500000.txt;0.104264
parcialmenteOrdenados;po1500000.txt;0.101141
parcialmenteOrdenados;po1500000.txt;0.100959
parcialmenteOrdenados;po1500000.txt;0.101039
parcialmenteOrdenados;po1500000.txt;0.102933
parcialmenteOrdenados;po1500000.txt;0.142904
parcialmenteOrdenados;po1500000.txt;0.193235
parcialmenteOrdenados;po1500000.txt;0.185296
parcialmenteOrdenados;po1500000.txt;0.191372
parcialmenteOrdenados;po1500000.txt;0.143259
parcialmenteOrdenados;po1500000.txt;0.103166
parcialmenteOrdenados;po1500000.txt;0.100699
parcialmenteOrdenados;po1500000.txt;0.101942
parcialmenteOrdenados;po1500000.txt;0.10539
parcialmenteOrdenados;po1500000.txt;0.101124
parcialmenteOrdenados;po1500000.txt;0.103152
parcialmenteOrdenados;po1500000.txt;0.106286
parcialmenteOrdenados;po1500000.txt;0.101915
parcialmenteOrdenados;po1500000.txt;0.104193
parcialmenteOrdenados;po2000000.txt;0.135986
parcialmenteOrdenados;po2000000.txt;0.140327
parcialmenteOrdenados;po2000000.txt;0.137135
parcialmenteOrdenados;po2000000.txt;0.140421
parcialmenteOrdenados;po2000000.txt;0.141126
parcialmenteOrdenados;po2000000.txt;0.137934
parcialmenteOrdenados;po2000000.txt;0.138138
parcialmenteOrdenados;po2000000.txt;0.134265
parcialmenteOrdenados;po2000000.txt;0.135828
parcialmenteOrdenados;po2000000.txt;0.134372
parcialmenteOrdenados;po2000000.txt;0.136305
parcialmenteOrdenados;po2000000.txt;0.135102
parcialmenteOrdenados;po2000000.txt;0.135698
parcialmenteOrdenados;po2000000.txt;0.141026
parcialmenteOrdenados;po2000000.txt;0.200522
parcialmenteOrdenados;po2000000.txt;0.257324
parcialmenteOrdenados;po2000000.txt;0.253174
parcialmenteOrdenados;po2000000.txt;0.178624
parcialmenteOrdenados;po2000000.txt;0.137161
parcialmenteOrdenados;po2000000.txt;0.136213
parcialmenteOrdenados;po2000000.txt;0.136933
parcialmenteOrdenados;po2000000.txt;0.136616
parcialmenteOrdenados;po2000000.txt;0.140602
parcialmenteOrdenados;po2000000.txt;0.139462
parcialmenteOrdenados;po2000000.txt;0.137905
parcialmenteOrdenados;po2000000.txt;0.138155
parcialmenteOrdenados;po2000000.txt;0.135166
parcialmenteOrdenados;po2000000.txt;0.136661
parcialmenteOrdenados;po2000000.txt;0.135336
parcialmenteOrdenados;po2000000.txt;0.137138
