Pasta;Arquivo;Tempo_Segundos
parcialmenteOrdenados;po5000.txt;0,001079
parcialmenteOrdenados;po5000.txt;0,001108
parcialmenteOrdenados;po5000.txt;0,001094
parcialmenteOrdenados;po5000.txt;0,001085
parcialmenteOrdenados;po5000.txt;0,001085
parcialmenteOrdenados;po5000.txt;0,001098
parcialmenteOrdenados;po5000.txt;0,001108
parcialmenteOrdenados;po5000.txt;0,001105
parcialmenteOrdenados;po5000.txt;0,001099
parcialmenteOrdenados;po5000.txt;0,001123
parcialmenteOrdenados;po5000.txt;0,001154
parcialmenteOrdenados;po5000.txt;0,001090
parcialmenteOrdenados;po5000.txt;0,001092
parcialmenteOrdenados;po5000.txt;0,001100
parcialmenteOrdenados;po5000.txt;0,001106
parcialmenteOrdenados;po5000.txt;0,001115
parcialmenteOrdenados;po5000.txt;0,001187
parcialmenteOrdenados;po5000.txt;0,001093
parcialmenteOrdenados;po5000.txt;0,001091
parcialmenteOrdenados;po5000.txt;0,001094
parcialmenteOrdenados;po5000.txt;0,001098
parcialmenteOrdenados;po5000.txt;0,001099
parcialmenteOrdenados;po5000.txt;0,001134
parcialmenteOrdenados;po5000.txt;0,001129
parcialmenteOrdenados;po5000.txt;0,001083
parcialmenteOrdenados;po5000.txt;0,001108
parcialmenteOrdenados;po5000.txt;0,001962
parcialmenteOrdenados;po5000.txt;0,001127
parcialmenteOrdenados;po5000.txt;0,001170
parcialmenteOrdenados;po5000.txt;0,001134
parcialmenteOrdenados;po10000.txt;0,001955
parcialmenteOrdenados;po10000.txt;0,001924
parcialmenteOrdenados;po10000.txt;0,001950
parcialmenteOrdenados;po10000.txt;0,001932
parcialmenteOrdenados;po10000.txt;0,001948
parcialmenteOrdenados;po10000.txt;0,001937
parcialmenteOrdenados;po10000.txt;0,001974
parcialmenteOrdenados;po10000.txt;0,001960
parcialmenteOrdenados;po10000.txt;0,001961
parcialmenteOrdenados;po10000.txt;0,001951
parcialmenteOrdenados;po10000.txt;0,001922
parcialmenteOrdenados;po10000.txt;0,001973
parcialmenteOrdenados;po10000.txt;0,001961
parcialmenteOrdenados;po10000.txt;0,002005
parcialmenteOrdenados;po10000.txt;0,001932
parcialmenteOrdenados;po10000.txt;0,001997
parcialmenteOrdenados;po10000.txt;0,001987
parcialmenteOrdenados;po10000.txt;0,001955
parcialmenteOrdenados;po10000.txt;0,002005
parcialmenteOrdenados;po10000.txt;0,001938
parcialmenteOrdenados;po10000.txt;0,001975
parcialmenteOrdenados;po10000.txt;0,001967
parcialmenteOrdenados;po10000.txt;0,001950
parcialmenteOrdenados;po10000.txt;0,001951
parcialmenteOrdenados;po10000.txt;0,001959
parcialmenteOrdenados;po10000.txt;0,001981
parcialmenteOrdenados;po10000.txt;0,001965
parcialmenteOrdenados;po10000.txt;0,002005
parcialmenteOrdenados;po10000.txt;0,001951
parcialmenteOrdenados;po10000.txt;0,002015
parcialmenteOrdenados;po15000.txt;0,002268
parcialmenteOrdenados;po15000.txt;0,002228
parcialmenteOrdenados;po15000.txt;0,002242
parcialmenteOrdenados;po15000.txt;0,002300
parcialmenteOrdenados;po15000.txt;0,002286
parcialmenteOrdenados;po15000.txt;0,002257
parcialmenteOrdenados;po15000.txt;0,002246
parcialmenteOrdenados;po15000.txt;0,002229
parcialmenteOrdenados;po15000.txt;0,002246
parcialmenteOrdenados;po15000.txt;0,002407
parcialmenteOrdenados;po15000.txt;0,002240
parcialmenteOrdenados;po15000.txt;0,002234
parcialmenteOrdenados;po15000.txt;0,002254
parcialmenteOrdenados;po15000.txt;0,002291
parcialmenteOrdenados;po15000.txt;0,002286
parcialmenteOrdenados;po15000.txt;0,002291
parcialmenteOrdenados;po15000.txt;0,002282
parcialmenteOrdenados;po15000.txt;0,002281
parcialmenteOrdenados;po15000.txt;0,002202
parcialmenteOrdenados;po15000.txt;0,003938
parcialmenteOrdenados;po15000.txt;0,002356
parcialmenteOrdenados;po15000.txt;0,002269
parcialmenteOrdenados;po15000.txt;0,002270
parcialmenteOrdenados;po15000.txt;0,002280
parcialmenteOrdenados;po15000.txt;0,002264
parcialmenteOrdenados;po15000.txt;0,002315
parcialmenteOrdenados;po15000.txt;0,002271
parcialmenteOrdenados;po15000.txt;0,002230
parcialmenteOrdenados;po15000.txt;0,002254
parcialmenteOrdenados;po15000.txt;0,002244
parcialmenteOrdenados;po30000.txt;0,003170
parcialmenteOrdenados;po30000.txt;0,003289
parcialmenteOrdenados;po30000.txt;0,003177
parcialmenteOrdenados;po30000.txt;0,003237
parcialmenteOrdenados;po30000.txt;0,003272
parcialmenteOrdenados;po30000.txt;0,003279
parcialmenteOrdenados;po30000.txt;0,003268
parcialmenteOrdenados;po30000.txt;0,003238
parcialmenteOrdenados;po30000.txt;0,003207
parcialmenteOrdenados;po30000.txt;0,003285
parcialmenteOrdenados;po30000.txt;0,003259
parcialmenteOrdenados;po30000.txt;0,003260
parcialmenteOrdenados;po30000.txt;0,003184
parcialmenteOrdenados;po30000.txt;0,003361
parcialmenteOrdenados;po30000.txt;0,003242
parcialmenteOrdenados;po30000.txt;0,003200
parcialmenteOrdenados;po30000.txt;0,003368
parcialmenteOrdenados;po30000.txt;0,003181
parcialmenteOrdenados;po30000.txt;0,003189
parcialmenteOrdenados;po30000.txt;0,003253
parcialmenteOrdenados;po30000.txt;0,003227
parcialmenteOrdenados;po30000.txt;0,003182
parcialmenteOrdenados;po30000.txt;0,003254
parcialmenteOrdenados;po30000.txt;0,003204
parcialmenteOrdenados;po30000.txt;0,003202
parcialmenteOrdenados;po30000.txt;0,003200
parcialmenteOrdenados;po30000.txt;0,003272
parcialmenteOrdenados;po30000.txt;0,003241
parcialmenteOrdenados;po30000.txt;0,003261
parcialmenteOrdenados;po30000.txt;0,003225
parcialmenteOrdenados;po50000.txt;0,004345
parcialmenteOrdenados;po50000.txt;0,004388
parcialmenteOrdenados;po50000.txt;0,004433
parcialmenteOrdenados;po50000.txt;0,004381
parcialmenteOrdenados;po50000.txt;0,004270
parcialmenteOrdenados;po50000.txt;0,004258
parcialmenteOrdenados;po50000.txt;0,007783
parcialmenteOrdenados;po50000.txt;0,004260
parcialmenteOrdenados;po50000.txt;0,004256
parcialmenteOrdenados;po50000.txt;0,004831
parcialmenteOrdenados;po50000.txt;0,004444
parcialmenteOrdenados;po50000.txt;0,004300
parcialmenteOrdenados;po50000.txt;0,004372
parcialmenteOrdenados;po50000.txt;0,004443
parcialmenteOrdenados;po50000.txt;0,004427
parcialmenteOrdenados;po50000.txt;0,004256
parcialmenteOrdenados;po50000.txt;0,004490
parcialmenteOrdenados;po50000.txt;0,007809
parcialmenteOrdenados;po50000.txt;0,004457
parcialmenteOrdenados;po50000.txt;0,004301
parcialmenteOrdenados;po50000.txt;0,004374
parcialmenteOrdenados;po50000.txt;0,004439
parcialmenteOrdenados;po50000.txt;0,004361
parcialmenteOrdenados;po50000.txt;0,004437
parcialmenteOrdenados;po50000.txt;0,004369
parcialmenteOrdenados;po50000.txt;0,004301
parcialmenteOrdenados;po50000.txt;0,004285
parcialmenteOrdenados;po50000.txt;0,004541
parcialmenteOrdenados;po50000.txt;0,004436
parcialmenteOrdenados;po50000.txt;0,004448
parcialmenteOrdenados;po100000.txt;0,006596
parcialmenteOrdenados;po100000.txt;0,006608
parcialmenteOrdenados;po100000.txt;0,006613
parcialmenteOrdenados;po100000.txt;0,012302
parcialmenteOrdenados;po100000.txt;0,006757
parcialmenteOrdenados;po100000.txt;0,006831
parcialmenteOrdenados;po100000.txt;0,006885
parcialmenteOrdenados;po100000.txt;0,006851
parcialmenteOrdenados;po100000.txt;0,006697
parcialmenteOrdenados;po100000.txt;0,006603
parcialmenteOrdenados;po100000.txt;0,006729
parcialmenteOrdenados;po100000.txt;0,006917
parcialmenteOrdenados;po100000.txt;0,006635
parcialmenteOrdenados;po100000.txt;0,006874
parcialmenteOrdenados;po100000.txt;0,006908
parcialmenteOrdenados;po100000.txt;0,006574
parcialmenteOrdenados;po100000.txt;0,006566
parcialmenteOrdenados;po100000.txt;0,006572
parcialmenteOrdenados;po100000.txt;0,006685
parcialmenteOrdenados;po100000.txt;0,006804
parcialmenteOrdenados;po100000.txt;0,006903
parcialmenteOrdenados;po100000.txt;0,006844
parcialmenteOrdenados;po100000.txt;0,006904
parcialmenteOrdenados;po100000.txt;0,006787
parcialmenteOrdenados;po100000.txt;0,006927
parcialmenteOrdenados;po100000.txt;0,006868
parcialmenteOrdenados;po100000.txt;0,012208
parcialmenteOrdenados;po100000.txt;0,006630
parcialmenteOrdenados;po100000.txt;0,006670
parcialmenteOrdenados;po100000.txt;0,006989
parcialmenteOrdenados;po200000.txt;0,011595
parcialmenteOrdenados;po200000.txt;0,012111
parcialmenteOrdenados;po200000.txt;0,011522
parcialmenteOrdenados;po200000.txt;0,012117
parcialmenteOrdenados;po200000.txt;0,011615
parcialmenteOrdenados;po200000.txt;0,011689
parcialmenteOrdenados;po200000.txt;0,011903
parcialmenteOrdenados;po200000.txt;0,012115
parcialmenteOrdenados;po200000.txt;0,011583
parcialmenteOrdenados;po200000.txt;0,012207
parcialmenteOrdenados;po200000.txt;0,011519
parcialmenteOrdenados;po200000.txt;0,012104
parcialmenteOrdenados;po200000.txt;0,011603
parcialmenteOrdenados;po200000.txt;0,012022
parcialmenteOrdenados;po200000.txt;0,011534
parcialmenteOrdenados;po200000.txt;0,011684
parcialmenteOrdenados;po200000.txt;0,012041
parcialmenteOrdenados;po200000.txt;0,012059
parcialmenteOrdenados;po200000.txt;0,012139
parcialmenteOrdenados;po200000.txt;0,012094
parcialmenteOrdenados;po200000.txt;0,012089
parcialmenteOrdenados;po200000.txt;0,011626
parcialmenteOrdenados;po200000.txt;0,011530
parcialmenteOrdenados;po200000.txt;0,011954
parcialmenteOrdenados;po200000.txt;0,011482
parcialmenteOrdenados;po200000.txt;0,011689
parcialmenteOrdenados;po200000.txt;0,012152
parcialmenteOrdenados;po200000.txt;0,012102
parcialmenteOrdenados;po200000.txt;0,011498
parcialmenteOrdenados;po200000.txt;0,012071
parcialmenteOrdenados;po500000.txt;0,024766
parcialmenteOrdenados;po500000.txt;0,024489
parcialmenteOrdenados;po500000.txt;0,026063
parcialmenteOrdenados;po500000.txt;0,024773
parcialmenteOrdenados;po500000.txt;0,026216
parcialmenteOrdenados;po500000.txt;0,026404
parcialmenteOrdenados;po500000.txt;0,025859
parcialmenteOrdenados;po500000.txt;0,044726
parcialmenteOrdenados;po500000.txt;0,024750
parcialmenteOrdenados;po500000.txt;0,025712
parcialmenteOrdenados;po500000.txt;0,025402
parcialmenteOrdenados;po500000.txt;0,026255
parcialmenteOrdenados;po500000.txt;0,024711
parcialmenteOrdenados;po500000.txt;0,025323
parcialmenteOrdenados;po500000.txt;0,025725
parcialmenteOrdenados;po500000.txt;0,025141
parcialmenteOrdenados;po500000.txt;0,025685
parcialmenteOrdenados;po500000.txt;0,025504
parcialmenteOrdenados;po500000.txt;0,045141
parcialmenteOrdenados;po500000.txt;0,025751
parcialmenteOrdenados;po500000.txt;0,026000
parcialmenteOrdenados;po500000.txt;0,025018
parcialmenteOrdenados;po500000.txt;0,026051
parcialmenteOrdenados;po500000.txt;0,025282
parcialmenteOrdenados;po500000.txt;0,026290
parcialmenteOrdenados;po500000.txt;0,036555
parcialmenteOrdenados;po500000.txt;0,025708
parcialmenteOrdenados;po500000.txt;0,026642
parcialmenteOrdenados;po500000.txt;0,025233
parcialmenteOrdenados;po500000.txt;0,024964
parcialmenteOrdenados;po1000000.txt;0,046264
parcialmenteOrdenados;po1000000.txt;0,046348
parcialmenteOrdenados;po1000000.txt;0,048330
parcialmenteOrdenados;po1000000.txt;0,046000
parcialmenteOrdenados;po1000000.txt;0,046051
parcialmenteOrdenados;po1000000.txt;0,048365
parcialmenteOrdenados;po1000000.txt;0,048534
parcialmenteOrdenados;po1000000.txt;0,048354
parcialmenteOrdenados;po1000000.txt;0,046513
parcialmenteOrdenados;po1000000.txt;0,048380
parcialmenteOrdenados;po1000000.txt;0,046965
parcialmenteOrdenados;po1000000.txt;0,049076
parcialmenteOrdenados;po1000000.txt;0,046197
parcialmenteOrdenados;po1000000.txt;0,089078
parcialmenteOrdenados;po1000000.txt;0,046260
parcialmenteOrdenados;po1000000.txt;0,048818
parcialmenteOrdenados;po1000000.txt;0,046325
parcialmenteOrdenados;po1000000.txt;0,050174
parcialmenteOrdenados;po1000000.txt;0,046947
parcialmenteOrdenados;po1000000.txt;0,046366
parcialmenteOrdenados;po1000000.txt;0,048839
parcialmenteOrdenados;po1000000.txt;0,048777
parcialmenteOrdenados;po1000000.txt;0,046388
parcialmenteOrdenados;po1000000.txt;0,046617
parcialmenteOrdenados;po1000000.txt;0,048768
parcialmenteOrdenados;po1000000.txt;0,046764
parcialmenteOrdenados;po1000000.txt;0,048697
parcialmenteOrdenados;po1000000.txt;0,048108
parcialmenteOrdenados;po1000000.txt;0,046602
parcialmenteOrdenados;po1000000.txt;0,048893
parcialmenteOrdenados;po1500000.txt;0,079237
parcialmenteOrdenados;po1500000.txt;0,071491
parcialmenteOrdenados;po1500000.txt;0,073809
parcialmenteOrdenados;po1500000.txt;0,078290
parcialmenteOrdenados;po1500000.txt;0,072759
parcialmenteOrdenados;po1500000.txt;0,127221
parcialmenteOrdenados;po1500000.txt;0,079727
parcialmenteOrdenados;po1500000.txt;0,073355
parcialmenteOrdenados;po1500000.txt;0,069267
parcialmenteOrdenados;po1500000.txt;0,072681
parcialmenteOrdenados;po1500000.txt;0,072888
parcialmenteOrdenados;po1500000.txt;0,073269
parcialmenteOrdenados;po1500000.txt;0,069593
parcialmenteOrdenados;po1500000.txt;0,072621
parcialmenteOrdenados;po1500000.txt;0,073155
parcialmenteOrdenados;po1500000.txt;0,069671
parcialmenteOrdenados;po1500000.txt;0,072723
parcialmenteOrdenados;po1500000.txt;0,073732
parcialmenteOrdenados;po1500000.txt;0,072876
parcialmenteOrdenados;po1500000.txt;0,073400
parcialmenteOrdenados;po1500000.txt;0,072864
parcialmenteOrdenados;po1500000.txt;0,073575
parcialmenteOrdenados;po1500000.txt;0,073193
parcialmenteOrdenados;po1500000.txt;0,070264
parcialmenteOrdenados;po1500000.txt;0,073198
parcialmenteOrdenados;po1500000.txt;0,070021
parcialmenteOrdenados;po1500000.txt;0,070292
parcialmenteOrdenados;po1500000.txt;0,073013
parcialmenteOrdenados;po1500000.txt;0,073638
parcialmenteOrdenados;po1500000.txt;0,069601
parcialmenteOrdenados;po2000000.txt;0,090635
parcialmenteOrdenados;po2000000.txt;0,090848
parcialmenteOrdenados;po2000000.txt;0,095850
parcialmenteOrdenados;po2000000.txt;0,090940
parcialmenteOrdenados;po2000000.txt;0,094785
parcialmenteOrdenados;po2000000.txt;0,095000
parcialmenteOrdenados;po2000000.txt;0,090870
parcialmenteOrdenados;po2000000.txt;0,094802
parcialmenteOrdenados;po2000000.txt;0,091936
parcialmenteOrdenados;po2000000.txt;0,097311
parcialmenteOrdenados;po2000000.txt;0,167726
parcialmenteOrdenados;po2000000.txt;0,092023
parcialmenteOrdenados;po2000000.txt;0,090695
parcialmenteOrdenados;po2000000.txt;0,090856
parcialmenteOrdenados;po2000000.txt;0,095531
parcialmenteOrdenados;po2000000.txt;0,095209
parcialmenteOrdenados;po2000000.txt;0,094323
parcialmenteOrdenados;po2000000.txt;0,090812
parcialmenteOrdenados;po2000000.txt;0,091084
parcialmenteOrdenados;po2000000.txt;0,100637
parcialmenteOrdenados;po2000000.txt;0,090794
parcialmenteOrdenados;po2000000.txt;0,091143
parcialmenteOrdenados;po2000000.txt;0,091133
parcialmenteOrdenados;po2000000.txt;0,095215
parcialmenteOrdenados;po2000000.txt;0,094987
parcialmenteOrdenados;po2000000.txt;0,095838
parcialmenteOrdenados;po2000000.txt;0,094973
parcialmenteOrdenados;po2000000.txt;0,094622
parcialmenteOrdenados;po2000000.txt;0,095040
parcialmenteOrdenados;po2000000.txt;0,094696
