Pasta;Arquivo;Tempo_Segundos
parcialmenteOrdenados;po5000.txt;0.000107
parcialmenteOrdenados;po5000.txt;0.000109
parcialmenteOrdenados;po5000.txt;0.000113
parcialmenteOrdenados;po5000.txt;0.000107
parcialmenteOrdenados;po5000.txt;0.000104
parcialmenteOrdenados;po5000.txt;0.000113
parcialmenteOrdenados;po5000.txt;0.000101
parcialmenteOrdenados;po5000.txt;0.000109
parcialmenteOrdenados;po5000.txt;0.000108
parcialmenteOrdenados;po5000.txt;0.000104
parcialmenteOrdenados;po5000.txt;0.000107
parcialmenteOrdenados;po5000.txt;0.000109
parcialmenteOrdenados;po5000.txt;0.000100
parcialmenteOrdenados;po5000.txt;0.000111
parcialmenteOrdenados;po5000.txt;0.000119
parcialmenteOrdenados;po5000.txt;0.000116
parcialmenteOrdenados;po5000.txt;0.000109
parcialmenteOrdenados;po5000.txt;0.000104
parcialmenteOrdenados;po5000.txt;0.000105
parcialmenteOrdenados;po5000.txt;0.000100
parcialmenteOrdenados;po5000.txt;0.000100
parcialmenteOrdenados;po5000.txt;0.000099
parcialmenteOrdenados;po5000.txt;0.000104
parcialmenteOrdenados;po5000.txt;0.000101
parcialmenteOrdenados;po5000.txt;0.000113
parcialmenteOrdenados;po5000.txt;0.000111
parcialmenteOrdenados;po5000.txt;0.000114
parcialmenteOrdenados;po5000.txt;0.000110
parcialmenteOrdenados;po5000.txt;0.000100
parcialmenteOrdenados;po5000.txt;0.000118
parcialmenteOrdenados;po10000.txt;0.000195
parcialmenteOrdenados;po10000.txt;0.000188
parcialmenteOrdenados;po10000.txt;0.000191
parcialmenteOrdenados;po10000.txt;0.000192
parcialmenteOrdenados;po10000.txt;0.000231
parcialmenteOrdenados;po10000.txt;0.000191
parcialmenteOrdenados;po10000.txt;0.000191
parcialmenteOrdenados;po10000.txt;0.000207
parcialmenteOrdenados;po10000.txt;0.000213
parcialmenteOrdenados;po10000.txt;0.000190
parcialmenteOrdenados;po10000.txt;0.000188
parcialmenteOrdenados;po10000.txt;0.000224
parcialmenteOrdenados;po10000.txt;0.000216
parcialmenteOrdenados;po10000.txt;0.000192
parcialmenteOrdenados;po10000.txt;0.000216
parcialmenteOrdenados;po10000.txt;0.000231
parcialmenteOrdenados;po10000.txt;0.000212
parcialmenteOrdenados;po10000.txt;0.000196
parcialmenteOrdenados;po10000.txt;0.000230
parcialmenteOrdenados;po10000.txt;0.000205
parcialmenteOrdenados;po10000.txt;0.000213
parcialmenteOrdenados;po10000.txt;0.000212
parcialmenteOrdenados;po10000.txt;0.000217
parcialmenteOrdenados;po10000.txt;0.000215
parcialmenteOrdenados;po10000.txt;0.000194
parcialmenteOrdenados;po10000.txt;0.000195
parcialmenteOrdenados;po10000.txt;0.000217
parcialmenteOrdenados;po10000.txt;0.000215
parcialmenteOrdenados;po10000.txt;0.000221
parcialmenteOrdenados;po10000.txt;0.000231
parcialmenteOrdenados;po15000.txt;0.000292
parcialmenteOrdenados;po15000.txt;0.000326
parcialmenteOrdenados;po15000.txt;0.000301
parcialmenteOrdenados;po15000.txt;0.000295
parcialmenteOrdenados;po15000.txt;0.000331
parcialmenteOrdenados;po15000.txt;0.000286
parcialmenteOrdenados;po15000.txt;0.000299
parcialmenteOrdenados;po15000.txt;0.000293
parcialmenteOrdenados;po15000.txt;0.000329
parcialmenteOrdenados;po15000.txt;0.000309
parcialmenteOrdenados;po15000.txt;0.000303
parcialmenteOrdenados;po15000.txt;0.000294
parcialmenteOrdenados;po15000.txt;0.000326
parcialmenteOrdenados;po15000.txt;0.000306
parcialmenteOrdenados;po15000.txt;0.000300
parcialmenteOrdenados;po15000.txt;0.000338
parcialmenteOrdenados;po15000.txt;0.000324
parcialmenteOrdenados;po15000.txt;0.000303
parcialmenteOrdenados;po15000.txt;0.000326
parcialmenteOrdenados;po15000.txt;0.000296
parcialmenteOrdenados;po15000.txt;0.000294
parcialmenteOrdenados;po15000.txt;0.000293
parcialmenteOrdenados;po15000.txt;0.000319
parcialmenteOrdenados;po15000.txt;0.000291
parcialmenteOrdenados;po15000.txt;0.000295
parcialmenteOrdenados;po15000.txt;0.000306
parcialmenteOrdenados;po15000.txt;0.000327
parcialmenteOrdenados;po15000.txt;0.000295
parcialmenteOrdenados;po15000.txt;0.000294
parcialmenteOrdenados;po15000.txt;0.000335
parcialmenteOrdenados;po30000.txt;0.000618
parcialmenteOrdenados;po30000.txt;0.000546
parcialmenteOrdenados;po30000.txt;0.000621
parcialmenteOrdenados;po30000.txt;0.000592
parcialmenteOrdenados;po30000.txt;0.000645
parcialmenteOrdenados;po30000.txt;0.000604
parcialmenteOrdenados;po30000.txt;0.000615
parcialmenteOrdenados;po30000.txt;0.000553
parcialmenteOrdenados;po30000.txt;0.000590
parcialmenteOrdenados;po30000.txt;0.000618
parcialmenteOrdenados;po30000.txt;0.000569
parcialmenteOrdenados;po30000.txt;0.000566
parcialmenteOrdenados;po30000.txt;0.000619
parcialmenteOrdenados;po30000.txt;0.000636
parcialmenteOrdenados;po30000.txt;0.000564
parcialmenteOrdenados;po30000.txt;0.000548
parcialmenteOrdenados;po30000.txt;0.000629
parcialmenteOrdenados;po30000.txt;0.000570
parcialmenteOrdenados;po30000.txt;0.000553
parcialmenteOrdenados;po30000.txt;0.000620
parcialmenteOrdenados;po30000.txt;0.000617
parcialmenteOrdenados;po30000.txt;0.000614
parcialmenteOrdenados;po30000.txt;0.000545
parcialmenteOrdenados;po30000.txt;0.000557
parcialmenteOrdenados;po30000.txt;0.000635
parcialmenteOrdenados;po30000.txt;0.000564
parcialmenteOrdenados;po30000.txt;0.000574
parcialmenteOrdenados;po30000.txt;0.000574
parcialmenteOrdenados;po30000.txt;0.000615
parcialmenteOrdenados;po30000.txt;0.000557
parcialmenteOrdenados;po50000.txt;0.000722
parcialmenteOrdenados;po50000.txt;0.000692
parcialmenteOrdenados;po50000.txt;0.000723
parcialmenteOrdenados;po50000.txt;0.000711
parcialmenteOrdenados;po50000.txt;0.000724
parcialmenteOrdenados;po50000.txt;0.000673
parcialmenteOrdenados;po50000.txt;0.000670
parcialmenteOrdenados;po50000.txt;0.000677
parcialmenteOrdenados;po50000.txt;0.000712
parcialmenteOrdenados;po50000.txt;0.000715
parcialmenteOrdenados;po50000.txt;0.000712
parcialmenteOrdenados;po50000.txt;0.000678
parcialmenteOrdenados;po50000.txt;0.000690
parcialmenteOrdenados;po50000.txt;0.000707
parcialmenteOrdenados;po50000.txt;0.000722
parcialmenteOrdenados;po50000.txt;0.000723
parcialmenteOrdenados;po50000.txt;0.000699
parcialmenteOrdenados;po50000.txt;0.000726
parcialmenteOrdenados;po50000.txt;0.000667
parcialmenteOrdenados;po50000.txt;0.000687
parcialmenteOrdenados;po50000.txt;0.000674
parcialmenteOrdenados;po50000.txt;0.000672
parcialmenteOrdenados;po50000.txt;0.000664
parcialmenteOrdenados;po50000.txt;0.000724
parcialmenteOrdenados;po50000.txt;0.000681
parcialmenteOrdenados;po50000.txt;0.000674
parcialmenteOrdenados;po50000.txt;0.000708
parcialmenteOrdenados;po50000.txt;0.000723
parcialmenteOrdenados;po50000.txt;0.000719
parcialmenteOrdenados;po50000.txt;0.000686
parcialmenteOrdenados;po100000.txt;0.000853
parcialmenteOrdenados;po100000.txt;0.000851
parcialmenteOrdenados;po100000.txt;0.000823
parcialmenteOrdenados;po100000.txt;0.000884
parcialmenteOrdenados;po100000.txt;0.000894
parcialmenteOrdenados;po100000.txt;0.000821
parcialmenteOrdenados;po100000.txt;0.000814
parcialmenteOrdenados;po100000.txt;0.000841
parcialmenteOrdenados;po100000.txt;0.000824
parcialmenteOrdenados;po100000.txt;0.000845
parcialmenteOrdenados;po100000.txt;0.000814
parcialmenteOrdenados;po100000.txt;0.000827
parcialmenteOrdenados;po100000.txt;0.000870
parcialmenteOrdenados;po100000.txt;0.000852
parcialmenteOrdenados;po100000.txt;0.000823
parcialmenteOrdenados;po100000.txt;0.000829
parcialmenteOrdenados;po100000.txt;0.000843
parcialmenteOrdenados;po100000.txt;0.000833
parcialmenteOrdenados;po100000.txt;0.000827
parcialmenteOrdenados;po100000.txt;0.000817
parcialmenteOrdenados;po100000.txt;0.000841
parcialmenteOrdenados;po100000.txt;0.000821
parcialmenteOrdenados;po100000.txt;0.000782
parcialmenteOrdenados;po100000.txt;0.000781
parcialmenteOrdenados;po100000.txt;0.000809
parcialmenteOrdenados;po100000.txt;0.000882
parcialmenteOrdenados;po100000.txt;0.000804
parcialmenteOrdenados;po100000.txt;0.000843
parcialmenteOrdenados;po100000.txt;0.000832
parcialmenteOrdenados;po100000.txt;0.000822
parcialmenteOrdenados;po200000.txt;0.000940
parcialmenteOrdenados;po200000.txt;0.001037
parcialmenteOrdenados;po200000.txt;0.000937
parcialmenteOrdenados;po200000.txt;0.000939
parcialmenteOrdenados;po200000.txt;0.000964
parcialmenteOrdenados;po200000.txt;0.000917
parcialmenteOrdenados;po200000.txt;0.000945
parcialmenteOrdenados;po200000.txt;0.000948
parcialmenteOrdenados;po200000.txt;0.000925
parcialmenteOrdenados;po200000.txt;0.001016
parcialmenteOrdenados;po200000.txt;0.000958
parcialmenteOrdenados;po200000.txt;0.000887
parcialmenteOrdenados;po200000.txt;0.000949
parcialmenteOrdenados;po200000.txt;0.000908
parcialmenteOrdenados;po200000.txt;0.000891
parcialmenteOrdenados;po200000.txt;0.000976
parcialmenteOrdenados;po200000.txt;0.000974
parcialmenteOrdenados;po200000.txt;0.000879
parcialmenteOrdenados;po200000.txt;0.000947
parcialmenteOrdenados;po200000.txt;0.000970
parcialmenteOrdenados;po200000.txt;0.000892
parcialmenteOrdenados;po200000.txt;0.000915
parcialmenteOrdenados;po200000.txt;0.000976
parcialmenteOrdenados;po200000.txt;0.001004
parcialmenteOrdenados;po200000.txt;0.000964
parcialmenteOrdenados;po200000.txt;0.000968
parcialmenteOrdenados;po200000.txt;0.000943
parcialmenteOrdenados;po200000.txt;0.001525
parcialmenteOrdenados;po200000.txt;0.000971
parcialmenteOrdenados;po200000.txt;0.000963
parcialmenteOrdenados;po500000.txt;0.001264
parcialmenteOrdenados;po500000.txt;0.001261
parcialmenteOrdenados;po500000.txt;0.001229
parcialmenteOrdenados;po500000.txt;0.001311
parcialmenteOrdenados;po500000.txt;0.001263
parcialmenteOrdenados;po500000.txt;0.001191
parcialmenteOrdenados;po500000.txt;0.001191
parcialmenteOrdenados;po500000.txt;0.001327
parcialmenteOrdenados;po500000.txt;0.001200
parcialmenteOrdenados;po500000.txt;0.001206
parcialmenteOrdenados;po500000.txt;0.001198
parcialmenteOrdenados;po500000.txt;0.001192
parcialmenteOrdenados;po500000.txt;0.001217
parcialmenteOrdenados;po500000.txt;0.001195
parcialmenteOrdenados;po500000.txt;0.001237
parcialmenteOrdenados;po500000.txt;0.001298
parcialmenteOrdenados;po500000.txt;0.001205
parcialmenteOrdenados;po500000.txt;0.001297
parcialmenteOrdenados;po500000.txt;0.001259
parcialmenteOrdenados;po500000.txt;0.001256
parcialmenteOrdenados;po500000.txt;0.001208
parcialmenteOrdenados;po500000.txt;0.001181
parcialmenteOrdenados;po500000.txt;0.001183
parcialmenteOrdenados;po500000.txt;0.001244
parcialmenteOrdenados;po500000.txt;0.001195
parcialmenteOrdenados;po500000.txt;0.001180
parcialmenteOrdenados;po500000.txt;0.001324
parcialmenteOrdenados;po500000.txt;0.001195
parcialmenteOrdenados;po500000.txt;0.001337
parcialmenteOrdenados;po500000.txt;0.001288
parcialmenteOrdenados;po1000000.txt;0.003283
parcialmenteOrdenados;po1000000.txt;0.003367
parcialmenteOrdenados;po1000000.txt;0.003524
parcialmenteOrdenados;po1000000.txt;0.003293
parcialmenteOrdenados;po1000000.txt;0.001831
parcialmenteOrdenados;po1000000.txt;0.001761
parcialmenteOrdenados;po1000000.txt;0.001794
parcialmenteOrdenados;po1000000.txt;0.001786
parcialmenteOrdenados;po1000000.txt;0.001801
parcialmenteOrdenados;po1000000.txt;0.001829
parcialmenteOrdenados;po1000000.txt;0.001777
parcialmenteOrdenados;po1000000.txt;0.001769
parcialmenteOrdenados;po1000000.txt;0.001781
parcialmenteOrdenados;po1000000.txt;0.001923
parcialmenteOrdenados;po1000000.txt;0.002092
parcialmenteOrdenados;po1000000.txt;0.002019
parcialmenteOrdenados;po1000000.txt;0.001792
parcialmenteOrdenados;po1000000.txt;0.001790
parcialmenteOrdenados;po1000000.txt;0.002006
parcialmenteOrdenados;po1000000.txt;0.001806
parcialmenteOrdenados;po1000000.txt;0.001877
parcialmenteOrdenados;po1000000.txt;0.001894
parcialmenteOrdenados;po1000000.txt;0.001780
parcialmenteOrdenados;po1000000.txt;0.001796
parcialmenteOrdenados;po1000000.txt;0.001823
parcialmenteOrdenados;po1000000.txt;0.001885
parcialmenteOrdenados;po1000000.txt;0.001812
parcialmenteOrdenados;po1000000.txt;0.002012
parcialmenteOrdenados;po1000000.txt;0.001791
parcialmenteOrdenados;po1000000.txt;0.001923
parcialmenteOrdenados;po1500000.txt;0.002617
parcialmenteOrdenados;po1500000.txt;0.002323
parcialmenteOrdenados;po1500000.txt;0.002308
parcialmenteOrdenados;po1500000.txt;0.004190
parcialmenteOrdenados;po1500000.txt;0.004202
parcialmenteOrdenados;po1500000.txt;0.004179
parcialmenteOrdenados;po1500000.txt;0.002381
parcialmenteOrdenados;po1500000.txt;0.002262
parcialmenteOrdenados;po1500000.txt;0.002306
parcialmenteOrdenados;po1500000.txt;0.002409
parcialmenteOrdenados;po1500000.txt;0.002292
parcialmenteOrdenados;po1500000.txt;0.002282
parcialmenteOrdenados;po1500000.txt;0.002339
parcialmenteOrdenados;po1500000.txt;0.002275
parcialmenteOrdenados;po1500000.txt;0.002237
parcialmenteOrdenados;po1500000.txt;0.002445
parcialmenteOrdenados;po1500000.txt;0.002319
parcialmenteOrdenados;po1500000.txt;0.002335
parcialmenteOrdenados;po1500000.txt;0.002378
parcialmenteOrdenados;po1500000.txt;0.002244
parcialmenteOrdenados;po1500000.txt;0.002364
parcialmenteOrdenados;po1500000.txt;0.002284
parcialmenteOrdenados;po1500000.txt;0.002337
parcialmenteOrdenados;po1500000.txt;0.002279
parcialmenteOrdenados;po1500000.txt;0.002246
parcialmenteOrdenados;po1500000.txt;0.002393
parcialmenteOrdenados;po1500000.txt;0.004188
parcialmenteOrdenados;po1500000.txt;0.004435
parcialmenteOrdenados;po1500000.txt;0.002247
parcialmenteOrdenados;po1500000.txt;0.002376
parcialmenteOrdenados;po2000000.txt;0.002832
parcialmenteOrdenados;po2000000.txt;0.002830
parcialmenteOrdenados;po2000000.txt;0.003071
parcialmenteOrdenados;po2000000.txt;0.002791
parcialmenteOrdenados;po2000000.txt;0.003109
parcialmenteOrdenados;po2000000.txt;0.002791
parcialmenteOrdenados;po2000000.txt;0.003099
parcialmenteOrdenados;po2000000.txt;0.002849
parcialmenteOrdenados;po2000000.txt;0.002909
parcialmenteOrdenados;po2000000.txt;0.002806
parcialmenteOrdenados;po2000000.txt;0.002764
parcialmenteOrdenados;po2000000.txt;0.002791
parcialmenteOrdenados;po2000000.txt;0.002854
parcialmenteOrdenados;po2000000.txt;0.003300
parcialmenteOrdenados;po2000000.txt;0.005174
parcialmenteOrdenados;po2000000.txt;0.005166
parcialmenteOrdenados;po2000000.txt;0.002911
parcialmenteOrdenados;po2000000.txt;0.002744
parcialmenteOrdenados;po2000000.txt;0.002789
parcialmenteOrdenados;po2000000.txt;0.002812
parcialmenteOrdenados;po2000000.txt;0.002845
parcialmenteOrdenados;po2000000.txt;0.002798
parcialmenteOrdenados;po2000000.txt;0.002771
parcialmenteOrdenados;po2000000.txt;0.002779
parcialmenteOrdenados;po2000000.txt;0.002765
parcialmenteOrdenados;po2000000.txt;0.003221
parcialmenteOrdenados;po2000000.txt;0.002837
parcialmenteOrdenados;po2000000.txt;0.002766
parcialmenteOrdenados;po2000000.txt;0.002828
parcialmenteOrdenados;po2000000.txt;0.002784
