parcialmenteOrdenados;po5000.txt;0,000456
parcialmenteOrdenados;po5000.txt;0,000448
parcialmenteOrdenados;po5000.txt;0,000430
parcialmenteOrdenados;po5000.txt;0,000433
parcialmenteOrdenados;po5000.txt;0,000441
parcialmenteOrdenados;po5000.txt;0,000433
parcialmenteOrdenados;po5000.txt;0,000427
parcialmenteOrdenados;po5000.txt;0,000434
parcialmenteOrdenados;po5000.txt;0,000426
parcialmenteOrdenados;po5000.txt;0,000428
parcialmenteOrdenados;po5000.txt;0,000446
parcialmenteOrdenados;po5000.txt;0,000427
parcialmenteOrdenados;po5000.txt;0,000449
parcialmenteOrdenados;po5000.txt;0,000436
parcialmenteOrdenados;po5000.txt;0,000434
parcialmenteOrdenados;po5000.txt;0,000433
parcialmenteOrdenados;po5000.txt;0,000432
parcialmenteOrdenados;po5000.txt;0,000430
parcialmenteOrdenados;po5000.txt;0,000430
parcialmenteOrdenados;po5000.txt;0,000430
parcialmenteOrdenados;po5000.txt;0,000428
parcialmenteOrdenados;po5000.txt;0,000431
parcialmenteOrdenados;po5000.txt;0,000429
parcialmenteOrdenados;po5000.txt;0,000430
parcialmenteOrdenados;po5000.txt;0,000431
parcialmenteOrdenados;po5000.txt;0,000434
parcialmenteOrdenados;po5000.txt;0,000434
parcialmenteOrdenados;po5000.txt;0,000435
parcialmenteOrdenados;po5000.txt;0,000434
parcialmenteOrdenados;po5000.txt;0,000432
parcialmenteOrdenados;po10000.txt;0,000681
parcialmenteOrdenados;po10000.txt;0,000683
parcialmenteOrdenados;po10000.txt;0,000683
parcialmenteOrdenados;po10000.txt;0,000684
parcialmenteOrdenados;po10000.txt;0,000677
parcialmenteOrdenados;po10000.txt;0,000682
parcialmenteOrdenados;po10000.txt;0,000678
parcialmenteOrdenados;po10000.txt;0,000684
parcialmenteOrdenados;po10000.txt;0,000682
parcialmenteOrdenados;po10000.txt;0,000688
parcialmenteOrdenados;po10000.txt;0,000698
parcialmenteOrdenados;po10000.txt;0,000678
parcialmenteOrdenados;po10000.txt;0,000684
parcialmenteOrdenados;po10000.txt;0,000680
parcialmenteOrdenados;po10000.txt;0,000679
parcialmenteOrdenados;po10000.txt;0,000683
parcialmenteOrdenados;po10000.txt;0,000684
parcialmenteOrdenados;po10000.txt;0,000685
parcialmenteOrdenados;po10000.txt;0,000688
parcialmenteOrdenados;po10000.txt;0,000682
parcialmenteOrdenados;po10000.txt;0,000681
parcialmenteOrdenados;po10000.txt;0,000680
parcialmenteOrdenados;po10000.txt;0,000700
parcialmenteOrdenados;po10000.txt;0,000681
parcialmenteOrdenados;po10000.txt;0,000681
parcialmenteOrdenados;po10000.txt;0,000706
parcialmenteOrdenados;po10000.txt;0,000686
parcialmenteOrdenados;po10000.txt;0,000682
parcialmenteOrdenados;po10000.txt;0,000681
parcialmenteOrdenados;po10000.txt;0,000733
parcialmenteOrdenados;po15000.txt;0,001071
parcialmenteOrdenados;po15000.txt;0,001882
parcialmenteOrdenados;po15000.txt;0,001907
parcialmenteOrdenados;po15000.txt;0,001888
parcialmenteOrdenados;po15000.txt;0,001905
parcialmenteOrdenados;po15000.txt;0,001890
parcialmenteOrdenados;po15000.txt;0,001884
parcialmenteOrdenados;po15000.txt;0,001886
parcialmenteOrdenados;po15000.txt;0,001895
parcialmenteOrdenados;po15000.txt;0,001880
parcialmenteOrdenados;po15000.txt;0,001883
parcialmenteOrdenados;po15000.txt;0,001883
parcialmenteOrdenados;po15000.txt;0,001884
parcialmenteOrdenados;po15000.txt;0,001885
parcialmenteOrdenados;po15000.txt;0,001879
parcialmenteOrdenados;po15000.txt;0,001891
parcialmenteOrdenados;po15000.txt;0,001885
parcialmenteOrdenados;po15000.txt;0,001281
parcialmenteOrdenados;po15000.txt;0,001063
parcialmenteOrdenados;po15000.txt;0,001079
parcialmenteOrdenados;po15000.txt;0,001060
parcialmenteOrdenados;po15000.txt;0,001062
parcialmenteOrdenados;po15000.txt;0,001062
parcialmenteOrdenados;po15000.txt;0,001062
parcialmenteOrdenados;po15000.txt;0,001060
parcialmenteOrdenados;po15000.txt;0,001068
parcialmenteOrdenados;po15000.txt;0,001059
parcialmenteOrdenados;po15000.txt;0,001089
parcialmenteOrdenados;po15000.txt;0,001085
parcialmenteOrdenados;po15000.txt;0,001064
parcialmenteOrdenados;po30000.txt;0,001523
parcialmenteOrdenados;po30000.txt;0,001522
parcialmenteOrdenados;po30000.txt;0,001570
parcialmenteOrdenados;po30000.txt;0,001731
parcialmenteOrdenados;po30000.txt;0,001505
parcialmenteOrdenados;po30000.txt;0,001491
parcialmenteOrdenados;po30000.txt;0,001514
parcialmenteOrdenados;po30000.txt;0,001519
parcialmenteOrdenados;po30000.txt;0,001523
parcialmenteOrdenados;po30000.txt;0,001546
parcialmenteOrdenados;po30000.txt;0,001511
parcialmenteOrdenados;po30000.txt;0,001534
parcialmenteOrdenados;po30000.txt;0,001499
parcialmenteOrdenados;po30000.txt;0,001494
parcialmenteOrdenados;po30000.txt;0,001515
parcialmenteOrdenados;po30000.txt;0,001571
parcialmenteOrdenados;po30000.txt;0,001891
parcialmenteOrdenados;po30000.txt;0,001540
parcialmenteOrdenados;po30000.txt;0,001558
parcialmenteOrdenados;po30000.txt;0,001499
parcialmenteOrdenados;po30000.txt;0,001492
parcialmenteOrdenados;po30000.txt;0,001504
parcialmenteOrdenados;po30000.txt;0,001531
parcialmenteOrdenados;po30000.txt;0,001512
parcialmenteOrdenados;po30000.txt;0,001510
parcialmenteOrdenados;po30000.txt;0,001507
parcialmenteOrdenados;po30000.txt;0,001498
parcialmenteOrdenados;po30000.txt;0,001540
parcialmenteOrdenados;po30000.txt;0,001501
parcialmenteOrdenados;po30000.txt;0,001511
parcialmenteOrdenados;po50000.txt;0,001757
parcialmenteOrdenados;po50000.txt;0,001709
parcialmenteOrdenados;po50000.txt;0,001723
parcialmenteOrdenados;po50000.txt;0,001764
parcialmenteOrdenados;po50000.txt;0,001737
parcialmenteOrdenados;po50000.txt;0,001715
parcialmenteOrdenados;po50000.txt;0,001734
parcialmenteOrdenados;po50000.txt;0,001734
parcialmenteOrdenados;po50000.txt;0,001761
parcialmenteOrdenados;po50000.txt;0,001709
parcialmenteOrdenados;po50000.txt;0,001698
parcialmenteOrdenados;po50000.txt;0,001734
parcialmenteOrdenados;po50000.txt;0,001724
parcialmenteOrdenados;po50000.txt;0,001729
parcialmenteOrdenados;po50000.txt;0,001705
parcialmenteOrdenados;po50000.txt;0,001722
parcialmenteOrdenados;po50000.txt;0,001706
parcialmenteOrdenados;po50000.txt;0,001737
parcialmenteOrdenados;po50000.txt;0,001779
parcialmenteOrdenados;po50000.txt;0,001716
parcialmenteOrdenados;po50000.txt;0,001983
parcialmenteOrdenados;po50000.txt;0,001727
parcialmenteOrdenados;po50000.txt;0,001741
parcialmenteOrdenados;po50000.txt;0,001711
parcialmenteOrdenados;po50000.txt;0,001741
parcialmenteOrdenados;po50000.txt;0,001739
parcialmenteOrdenados;po50000.txt;0,001726
parcialmenteOrdenados;po50000.txt;0,001751
parcialmenteOrdenados;po50000.txt;0,001701
parcialmenteOrdenados;po50000.txt;0,001713
parcialmenteOrdenados;po100000.txt;0,002522
parcialmenteOrdenados;po100000.txt;0,002319
parcialmenteOrdenados;po100000.txt;0,002314
parcialmenteOrdenados;po100000.txt;0,002558
parcialmenteOrdenados;po100000.txt;0,002656
parcialmenteOrdenados;po100000.txt;0,002526
parcialmenteOrdenados;po100000.txt;0,002369
parcialmenteOrdenados;po100000.txt;0,002536
parcialmenteOrdenados;po100000.txt;0,002320
parcialmenteOrdenados;po100000.txt;0,002535
parcialmenteOrdenados;po100000.txt;0,002333
parcialmenteOrdenados;po100000.txt;0,002323
parcialmenteOrdenados;po100000.txt;0,002329
parcialmenteOrdenados;po100000.txt;0,002330
parcialmenteOrdenados;po100000.txt;0,002327
parcialmenteOrdenados;po100000.txt;0,002520
parcialmenteOrdenados;po100000.txt;0,002373
parcialmenteOrdenados;po100000.txt;0,002344
parcialmenteOrdenados;po100000.txt;0,002321
parcialmenteOrdenados;po100000.txt;0,002316
parcialmenteOrdenados;po100000.txt;0,002325
parcialmenteOrdenados;po100000.txt;0,002313
parcialmenteOrdenados;po100000.txt;0,002358
parcialmenteOrdenados;po100000.txt;0,002372
parcialmenteOrdenados;po100000.txt;0,002321
parcialmenteOrdenados;po100000.txt;0,002346
parcialmenteOrdenados;po100000.txt;0,002328
parcialmenteOrdenados;po100000.txt;0,002507
parcialmenteOrdenados;po100000.txt;0,002326
parcialmenteOrdenados;po100000.txt;0,002322
parcialmenteOrdenados;po200000.txt;0,002429
parcialmenteOrdenados;po200000.txt;0,002452
parcialmenteOrdenados;po200000.txt;0,002455
parcialmenteOrdenados;po200000.txt;0,002401
parcialmenteOrdenados;po200000.txt;0,002407
parcialmenteOrdenados;po200000.txt;0,002463
parcialmenteOrdenados;po200000.txt;0,002440
parcialmenteOrdenados;po200000.txt;0,002499
parcialmenteOrdenados;po200000.txt;0,002403
parcialmenteOrdenados;po200000.txt;0,002453
parcialmenteOrdenados;po200000.txt;0,002414
parcialmenteOrdenados;po200000.txt;0,002399
parcialmenteOrdenados;po200000.txt;0,002445
parcialmenteOrdenados;po200000.txt;0,002470
parcialmenteOrdenados;po200000.txt;0,002514
parcialmenteOrdenados;po200000.txt;0,002424
parcialmenteOrdenados;po200000.txt;0,002412
parcialmenteOrdenados;po200000.txt;0,002448
parcialmenteOrdenados;po200000.txt;0,002517
parcialmenteOrdenados;po200000.txt;0,002407
parcialmenteOrdenados;po200000.txt;0,002425
parcialmenteOrdenados;po200000.txt;0,002668
parcialmenteOrdenados;po200000.txt;0,002450
parcialmenteOrdenados;po200000.txt;0,002423
parcialmenteOrdenados;po200000.txt;0,002447
parcialmenteOrdenados;po200000.txt;0,002461
parcialmenteOrdenados;po200000.txt;0,002390
parcialmenteOrdenados;po200000.txt;0,002430
parcialmenteOrdenados;po200000.txt;0,002411
parcialmenteOrdenados;po200000.txt;0,002489
parcialmenteOrdenados;po500000.txt;0,003227
parcialmenteOrdenados;po500000.txt;0,003220
parcialmenteOrdenados;po500000.txt;0,003160
parcialmenteOrdenados;po500000.txt;0,003282
parcialmenteOrdenados;po500000.txt;0,003294
parcialmenteOrdenados;po500000.txt;0,003224
parcialmenteOrdenados;po500000.txt;0,003194
parcialmenteOrdenados;po500000.txt;0,003199
parcialmenteOrdenados;po500000.txt;0,003198
parcialmenteOrdenados;po500000.txt;0,003416
parcialmenteOrdenados;po500000.txt;0,003194
parcialmenteOrdenados;po500000.txt;0,003125
parcialmenteOrdenados;po500000.txt;0,003224
parcialmenteOrdenados;po500000.txt;0,003186
parcialmenteOrdenados;po500000.txt;0,003152
parcialmenteOrdenados;po500000.txt;0,003176
parcialmenteOrdenados;po500000.txt;0,005687
parcialmenteOrdenados;po500000.txt;0,005524
parcialmenteOrdenados;po500000.txt;0,005548
parcialmenteOrdenados;po500000.txt;0,005537
parcialmenteOrdenados;po500000.txt;0,005536
parcialmenteOrdenados;po500000.txt;0,005636
parcialmenteOrdenados;po500000.txt;0,005553
parcialmenteOrdenados;po500000.txt;0,005594
parcialmenteOrdenados;po500000.txt;0,003333
parcialmenteOrdenados;po500000.txt;0,003185
parcialmenteOrdenados;po500000.txt;0,003245
parcialmenteOrdenados;po500000.txt;0,003263
parcialmenteOrdenados;po500000.txt;0,003235
parcialmenteOrdenados;po500000.txt;0,003216
parcialmenteOrdenados;po1000000.txt;0,004183
parcialmenteOrdenados;po1000000.txt;0,004217
parcialmenteOrdenados;po1000000.txt;0,004438
parcialmenteOrdenados;po1000000.txt;0,004386
parcialmenteOrdenados;po1000000.txt;0,004218
parcialmenteOrdenados;po1000000.txt;0,004233
parcialmenteOrdenados;po1000000.txt;0,004417
parcialmenteOrdenados;po1000000.txt;0,004390
parcialmenteOrdenados;po1000000.txt;0,004279
parcialmenteOrdenados;po1000000.txt;0,004233
parcialmenteOrdenados;po1000000.txt;0,004270
parcialmenteOrdenados;po1000000.txt;0,004266
parcialmenteOrdenados;po1000000.txt;0,004150
parcialmenteOrdenados;po1000000.txt;0,004282
parcialmenteOrdenados;po1000000.txt;0,004230
parcialmenteOrdenados;po1000000.txt;0,004179
parcialmenteOrdenados;po1000000.txt;0,004253
parcialmenteOrdenados;po1000000.txt;0,004267
parcialmenteOrdenados;po1000000.txt;0,004360
parcialmenteOrdenados;po1000000.txt;0,004244
parcialmenteOrdenados;po1000000.txt;0,004262
parcialmenteOrdenados;po1000000.txt;0,004280
parcialmenteOrdenados;po1000000.txt;0,004279
parcialmenteOrdenados;po1000000.txt;0,004316
parcialmenteOrdenados;po1000000.txt;0,004156
parcialmenteOrdenados;po1000000.txt;0,004238
parcialmenteOrdenados;po1000000.txt;0,004242
parcialmenteOrdenados;po1000000.txt;0,004253
parcialmenteOrdenados;po1000000.txt;0,004782
parcialmenteOrdenados;po1000000.txt;0,004240
parcialmenteOrdenados;po1500000.txt;0,004003
parcialmenteOrdenados;po1500000.txt;0,004040
parcialmenteOrdenados;po1500000.txt;0,006988
parcialmenteOrdenados;po1500000.txt;0,006871
parcialmenteOrdenados;po1500000.txt;0,006792
parcialmenteOrdenados;po1500000.txt;0,006551
parcialmenteOrdenados;po1500000.txt;0,006570
parcialmenteOrdenados;po1500000.txt;0,003737
parcialmenteOrdenados;po1500000.txt;0,004001
parcialmenteOrdenados;po1500000.txt;0,003753
parcialmenteOrdenados;po1500000.txt;0,003957
parcialmenteOrdenados;po1500000.txt;0,003944
parcialmenteOrdenados;po1500000.txt;0,004339
parcialmenteOrdenados;po1500000.txt;0,003790
parcialmenteOrdenados;po1500000.txt;0,003775
parcialmenteOrdenados;po1500000.txt;0,003991
parcialmenteOrdenados;po1500000.txt;0,003772
parcialmenteOrdenados;po1500000.txt;0,003965
parcialmenteOrdenados;po1500000.txt;0,003806
parcialmenteOrdenados;po1500000.txt;0,003995
parcialmenteOrdenados;po1500000.txt;0,004013
parcialmenteOrdenados;po1500000.txt;0,003989
parcialmenteOrdenados;po1500000.txt;0,004065
parcialmenteOrdenados;po1500000.txt;0,003981
parcialmenteOrdenados;po1500000.txt;0,003761
parcialmenteOrdenados;po1500000.txt;0,004032
parcialmenteOrdenados;po1500000.txt;0,003997
parcialmenteOrdenados;po1500000.txt;0,004015
parcialmenteOrdenados;po1500000.txt;0,003936
parcialmenteOrdenados;po1500000.txt;0,004235
parcialmenteOrdenados;po2000000.txt;0,004409
parcialmenteOrdenados;po2000000.txt;0,004382
parcialmenteOrdenados;po2000000.txt;0,004402
parcialmenteOrdenados;po2000000.txt;0,004370
parcialmenteOrdenados;po2000000.txt;0,004381
parcialmenteOrdenados;po2000000.txt;0,004473
parcialmenteOrdenados;po2000000.txt;0,004257
parcialmenteOrdenados;po2000000.txt;0,004424
parcialmenteOrdenados;po2000000.txt;0,004241
parcialmenteOrdenados;po2000000.txt;0,004390
parcialmenteOrdenados;po2000000.txt;0,004315
parcialmenteOrdenados;po2000000.txt;0,004234
parcialmenteOrdenados;po2000000.txt;0,004453
parcialmenteOrdenados;po2000000.txt;0,004351
parcialmenteOrdenados;po2000000.txt;0,004350
parcialmenteOrdenados;po2000000.txt;0,004275
parcialmenteOrdenados;po2000000.txt;0,004447
parcialmenteOrdenados;po2000000.txt;0,004274
parcialmenteOrdenados;po2000000.txt;0,004361
parcialmenteOrdenados;po2000000.txt;0,004401
parcialmenteOrdenados;po2000000.txt;0,004395
parcialmenteOrdenados;po2000000.txt;0,004421
parcialmenteOrdenados;po2000000.txt;0,004384
parcialmenteOrdenados;po2000000.txt;0,004367
parcialmenteOrdenados;po2000000.txt;0,004348
parcialmenteOrdenados;po2000000.txt;0,004363
parcialmenteOrdenados;po2000000.txt;0,004448
parcialmenteOrdenados;po2000000.txt;0,004414
parcialmenteOrdenados;po2000000.txt;0,004104
parcialmenteOrdenados;po2000000.txt;0,004419
