parcialmenteOrdenados;po5000.txt;0.000104
parcialmenteOrdenados;po5000.txt;0.000107
parcialmenteOrdenados;po5000.txt;0.000109
parcialmenteOrdenados;po5000.txt;0.000101
parcialmenteOrdenados;po5000.txt;0.000103
parcialmenteOrdenados;po5000.txt;0.000106
parcialmenteOrdenados;po5000.txt;0.000101
parcialmenteOrdenados;po5000.txt;0.000099
parcialmenteOrdenados;po5000.txt;0.000110
parcialmenteOrdenados;po5000.txt;0.000106
parcialmenteOrdenados;po5000.txt;0.000100
parcialmenteOrdenados;po5000.txt;0.000108
parcialmenteOrdenados;po5000.txt;0.000105
parcialmenteOrdenados;po5000.txt;0.000107
parcialmenteOrdenados;po5000.txt;0.000101
parcialmenteOrdenados;po5000.txt;0.000098
parcialmenteOrdenados;po5000.txt;0.000105
parcialmenteOrdenados;po5000.txt;0.000096
parcialmenteOrdenados;po5000.txt;0.000101
parcialmenteOrdenados;po5000.txt;0.000101
parcialmenteOrdenados;po5000.txt;0.000103
parcialmenteOrdenados;po5000.txt;0.000102
parcialmenteOrdenados;po5000.txt;0.000107
parcialmenteOrdenados;po5000.txt;0.000111
parcialmenteOrdenados;po5000.txt;0.000105
parcialmenteOrdenados;po5000.txt;0.000108
parcialmenteOrdenados;po5000.txt;0.000104
parcialmenteOrdenados;po5000.txt;0.000100
parcialmenteOrdenados;po5000.txt;0.000106
parcialmenteOrdenados;po5000.txt;0.000107
parcialmenteOrdenados;po10000.txt;0.000205
parcialmenteOrdenados;po10000.txt;0.000197
parcialmenteOrdenados;po10000.txt;0.000202
parcialmenteOrdenados;po10000.txt;0.000203
parcialmenteOrdenados;po10000.txt;0.000200
parcialmenteOrdenados;po10000.txt;0.000207
parcialmenteOrdenados;po10000.txt;0.000211
parcialmenteOrdenados;po10000.txt;0.000206
parcialmenteOrdenados;po10000.txt;0.000205
parcialmenteOrdenados;po10000.txt;0.000209
parcialmenteOrdenados;po10000.txt;0.000195
parcialmenteOrdenados;po10000.txt;0.000207
parcialmenteOrdenados;po10000.txt;0.000197
parcialmenteOrdenados;po10000.txt;0.000208
parcialmenteOrdenados;po10000.txt;0.000214
parcialmenteOrdenados;po10000.txt;0.000233
parcialmenteOrdenados;po10000.txt;0.000197
parcialmenteOrdenados;po10000.txt;0.000202
parcialmenteOrdenados;po10000.txt;0.000197
parcialmenteOrdenados;po10000.txt;0.000209
parcialmenteOrdenados;po10000.txt;0.000209
parcialmenteOrdenados;po10000.txt;0.000229
parcialmenteOrdenados;po10000.txt;0.000205
parcialmenteOrdenados;po10000.txt;0.000207
parcialmenteOrdenados;po10000.txt;0.000200
parcialmenteOrdenados;po10000.txt;0.000204
parcialmenteOrdenados;po10000.txt;0.000216
parcialmenteOrdenados;po10000.txt;0.000196
parcialmenteOrdenados;po10000.txt;0.000205
parcialmenteOrdenados;po10000.txt;0.000201
parcialmenteOrdenados;po15000.txt;0.000320
parcialmenteOrdenados;po15000.txt;0.000315
parcialmenteOrdenados;po15000.txt;0.000317
parcialmenteOrdenados;po15000.txt;0.000324
parcialmenteOrdenados;po15000.txt;0.000317
parcialmenteOrdenados;po15000.txt;0.000313
parcialmenteOrdenados;po15000.txt;0.000310
parcialmenteOrdenados;po15000.txt;0.000314
parcialmenteOrdenados;po15000.txt;0.000312
parcialmenteOrdenados;po15000.txt;0.000312
parcialmenteOrdenados;po15000.txt;0.000311
parcialmenteOrdenados;po15000.txt;0.000312
parcialmenteOrdenados;po15000.txt;0.000312
parcialmenteOrdenados;po15000.txt;0.000310
parcialmenteOrdenados;po15000.txt;0.000305
parcialmenteOrdenados;po15000.txt;0.000311
parcialmenteOrdenados;po15000.txt;0.000311
parcialmenteOrdenados;po15000.txt;0.000318
parcialmenteOrdenados;po15000.txt;0.000327
parcialmenteOrdenados;po15000.txt;0.000311
parcialmenteOrdenados;po15000.txt;0.000313
parcialmenteOrdenados;po15000.txt;0.000313
parcialmenteOrdenados;po15000.txt;0.000316
parcialmenteOrdenados;po15000.txt;0.000314
parcialmenteOrdenados;po15000.txt;0.000318
parcialmenteOrdenados;po15000.txt;0.000324
parcialmenteOrdenados;po15000.txt;0.000307
parcialmenteOrdenados;po15000.txt;0.000315
parcialmenteOrdenados;po15000.txt;0.000304
parcialmenteOrdenados;po15000.txt;0.000317
parcialmenteOrdenados;po30000.txt;0.000535
parcialmenteOrdenados;po30000.txt;0.000546
parcialmenteOrdenados;po30000.txt;0.000538
parcialmenteOrdenados;po30000.txt;0.000538
parcialmenteOrdenados;po30000.txt;0.000551
parcialmenteOrdenados;po30000.txt;0.000565
parcialmenteOrdenados;po30000.txt;0.000569
parcialmenteOrdenados;po30000.txt;0.000542
parcialmenteOrdenados;po30000.txt;0.000548
parcialmenteOrdenados;po30000.txt;0.000547
parcialmenteOrdenados;po30000.txt;0.000545
parcialmenteOrdenados;po30000.txt;0.000551
parcialmenteOrdenados;po30000.txt;0.000541
parcialmenteOrdenados;po30000.txt;0.000535
parcialmenteOrdenados;po30000.txt;0.000573
parcialmenteOrdenados;po30000.txt;0.000541
parcialmenteOrdenados;po30000.txt;0.000548
parcialmenteOrdenados;po30000.txt;0.000539
parcialmenteOrdenados;po30000.txt;0.000548
parcialmenteOrdenados;po30000.txt;0.000547
parcialmenteOrdenados;po30000.txt;0.000540
parcialmenteOrdenados;po30000.txt;0.000567
parcialmenteOrdenados;po30000.txt;0.000544
parcialmenteOrdenados;po30000.txt;0.000544
parcialmenteOrdenados;po30000.txt;0.000554
parcialmenteOrdenados;po30000.txt;0.000535
parcialmenteOrdenados;po30000.txt;0.000540
parcialmenteOrdenados;po30000.txt;0.000546
parcialmenteOrdenados;po30000.txt;0.000550
parcialmenteOrdenados;po30000.txt;0.000539
parcialmenteOrdenados;po50000.txt;0.001923
parcialmenteOrdenados;po50000.txt;0.002133
parcialmenteOrdenados;po50000.txt;0.002018
parcialmenteOrdenados;po50000.txt;0.000726
parcialmenteOrdenados;po50000.txt;0.001878
parcialmenteOrdenados;po50000.txt;0.001843
parcialmenteOrdenados;po50000.txt;0.001934
parcialmenteOrdenados;po50000.txt;0.001934
parcialmenteOrdenados;po50000.txt;0.001969
parcialmenteOrdenados;po50000.txt;0.000770
parcialmenteOrdenados;po50000.txt;0.002277
parcialmenteOrdenados;po50000.txt;0.001925
parcialmenteOrdenados;po50000.txt;0.000768
parcialmenteOrdenados;po50000.txt;0.001852
parcialmenteOrdenados;po50000.txt;0.001882
parcialmenteOrdenados;po50000.txt;0.001797
parcialmenteOrdenados;po50000.txt;0.001876
parcialmenteOrdenados;po50000.txt;0.000790
parcialmenteOrdenados;po50000.txt;0.001773
parcialmenteOrdenados;po50000.txt;0.001851
parcialmenteOrdenados;po50000.txt;0.000763
parcialmenteOrdenados;po50000.txt;0.001873
parcialmenteOrdenados;po50000.txt;0.002080
parcialmenteOrdenados;po50000.txt;0.001923
parcialmenteOrdenados;po50000.txt;0.001831
parcialmenteOrdenados;po50000.txt;0.001926
parcialmenteOrdenados;po50000.txt;0.001917
parcialmenteOrdenados;po50000.txt;0.001881
parcialmenteOrdenados;po50000.txt;0.001793
parcialmenteOrdenados;po50000.txt;0.001902
parcialmenteOrdenados;po100000.txt;0.001250
parcialmenteOrdenados;po100000.txt;0.001285
parcialmenteOrdenados;po100000.txt;0.001282
parcialmenteOrdenados;po100000.txt;0.001253
parcialmenteOrdenados;po100000.txt;0.001325
parcialmenteOrdenados;po100000.txt;0.001265
parcialmenteOrdenados;po100000.txt;0.001244
parcialmenteOrdenados;po100000.txt;0.001254
parcialmenteOrdenados;po100000.txt;0.001247
parcialmenteOrdenados;po100000.txt;0.001253
parcialmenteOrdenados;po100000.txt;0.001334
parcialmenteOrdenados;po100000.txt;0.001294
parcialmenteOrdenados;po100000.txt;0.001236
parcialmenteOrdenados;po100000.txt;0.001241
parcialmenteOrdenados;po100000.txt;0.001237
parcialmenteOrdenados;po100000.txt;0.001227
parcialmenteOrdenados;po100000.txt;0.001336
parcialmenteOrdenados;po100000.txt;0.001238
parcialmenteOrdenados;po100000.txt;0.001286
parcialmenteOrdenados;po100000.txt;0.001228
parcialmenteOrdenados;po100000.txt;0.001239
parcialmenteOrdenados;po100000.txt;0.001355
parcialmenteOrdenados;po100000.txt;0.001308
parcialmenteOrdenados;po100000.txt;0.001299
parcialmenteOrdenados;po100000.txt;0.001242
parcialmenteOrdenados;po100000.txt;0.001270
parcialmenteOrdenados;po100000.txt;0.001238
parcialmenteOrdenados;po100000.txt;0.001297
parcialmenteOrdenados;po100000.txt;0.001289
parcialmenteOrdenados;po100000.txt;0.001298
parcialmenteOrdenados;po200000.txt;0.002325
parcialmenteOrdenados;po200000.txt;0.002113
parcialmenteOrdenados;po200000.txt;0.002114
parcialmenteOrdenados;po200000.txt;0.002165
parcialmenteOrdenados;po200000.txt;0.002142
parcialmenteOrdenados;po200000.txt;0.002143
parcialmenteOrdenados;po200000.txt;0.002045
parcialmenteOrdenados;po200000.txt;0.002129
parcialmenteOrdenados;po200000.txt;0.002127
parcialmenteOrdenados;po200000.txt;0.002169
parcialmenteOrdenados;po200000.txt;0.002113
parcialmenteOrdenados;po200000.txt;0.002040
parcialmenteOrdenados;po200000.txt;0.002066
parcialmenteOrdenados;po200000.txt;0.002081
parcialmenteOrdenados;po200000.txt;0.002152
parcialmenteOrdenados;po200000.txt;0.002130
parcialmenteOrdenados;po200000.txt;0.002076
parcialmenteOrdenados;po200000.txt;0.002157
parcialmenteOrdenados;po200000.txt;0.002050
parcialmenteOrdenados;po200000.txt;0.002099
parcialmenteOrdenados;po200000.txt;0.002055
parcialmenteOrdenados;po200000.txt;0.002238
parcialmenteOrdenados;po200000.txt;0.002157
parcialmenteOrdenados;po200000.txt;0.002154
parcialmenteOrdenados;po200000.txt;0.002262
parcialmenteOrdenados;po200000.txt;0.002054
parcialmenteOrdenados;po200000.txt;0.002167
parcialmenteOrdenados;po200000.txt;0.002143
parcialmenteOrdenados;po200000.txt;0.002083
parcialmenteOrdenados;po200000.txt;0.002128
parcialmenteOrdenados;po500000.txt;0.004864
parcialmenteOrdenados;po500000.txt;0.004684
parcialmenteOrdenados;po500000.txt;0.004924
parcialmenteOrdenados;po500000.txt;0.004529
parcialmenteOrdenados;po500000.txt;0.004795
parcialmenteOrdenados;po500000.txt;0.004799
parcialmenteOrdenados;po500000.txt;0.004887
parcialmenteOrdenados;po500000.txt;0.004729
parcialmenteOrdenados;po500000.txt;0.004745
parcialmenteOrdenados;po500000.txt;0.004625
parcialmenteOrdenados;po500000.txt;0.004773
parcialmenteOrdenados;po500000.txt;0.004836
parcialmenteOrdenados;po500000.txt;0.004663
parcialmenteOrdenados;po500000.txt;0.004816
parcialmenteOrdenados;po500000.txt;0.004885
parcialmenteOrdenados;po500000.txt;0.004636
parcialmenteOrdenados;po500000.txt;0.004497
parcialmenteOrdenados;po500000.txt;0.004656
parcialmenteOrdenados;po500000.txt;0.004436
parcialmenteOrdenados;po500000.txt;0.004702
parcialmenteOrdenados;po500000.txt;0.004377
parcialmenteOrdenados;po500000.txt;0.004532
parcialmenteOrdenados;po500000.txt;0.004702
parcialmenteOrdenados;po500000.txt;0.004878
parcialmenteOrdenados;po500000.txt;0.004802
parcialmenteOrdenados;po500000.txt;0.004967
parcialmenteOrdenados;po500000.txt;0.004695
parcialmenteOrdenados;po500000.txt;0.004709
parcialmenteOrdenados;po500000.txt;0.004490
parcialmenteOrdenados;po500000.txt;0.004722
parcialmenteOrdenados;po1000000.txt;0.009129
parcialmenteOrdenados;po1000000.txt;0.009194
parcialmenteOrdenados;po1000000.txt;0.008453
parcialmenteOrdenados;po1000000.txt;0.008703
parcialmenteOrdenados;po1000000.txt;0.015671
parcialmenteOrdenados;po1000000.txt;0.015982
parcialmenteOrdenados;po1000000.txt;0.015035
parcialmenteOrdenados;po1000000.txt;0.015278
parcialmenteOrdenados;po1000000.txt;0.009071
parcialmenteOrdenados;po1000000.txt;0.008432
parcialmenteOrdenados;po1000000.txt;0.008805
parcialmenteOrdenados;po1000000.txt;0.008661
parcialmenteOrdenados;po1000000.txt;0.009217
parcialmenteOrdenados;po1000000.txt;0.008916
parcialmenteOrdenados;po1000000.txt;0.008913
parcialmenteOrdenados;po1000000.txt;0.008625
parcialmenteOrdenados;po1000000.txt;0.008625
parcialmenteOrdenados;po1000000.txt;0.009020
parcialmenteOrdenados;po1000000.txt;0.008562
parcialmenteOrdenados;po1000000.txt;0.008645
parcialmenteOrdenados;po1000000.txt;0.008367
parcialmenteOrdenados;po1000000.txt;0.008890
parcialmenteOrdenados;po1000000.txt;0.009061
parcialmenteOrdenados;po1000000.txt;0.009222
parcialmenteOrdenados;po1000000.txt;0.008925
parcialmenteOrdenados;po1000000.txt;0.009335
parcialmenteOrdenados;po1000000.txt;0.009006
parcialmenteOrdenados;po1000000.txt;0.008785
parcialmenteOrdenados;po1000000.txt;0.009088
parcialmenteOrdenados;po1000000.txt;0.008416
parcialmenteOrdenados;po1500000.txt;0.023901
parcialmenteOrdenados;po1500000.txt;0.023781
parcialmenteOrdenados;po1500000.txt;0.022418
parcialmenteOrdenados;po1500000.txt;0.012846
parcialmenteOrdenados;po1500000.txt;0.012280
parcialmenteOrdenados;po1500000.txt;0.013633
parcialmenteOrdenados;po1500000.txt;0.013240
parcialmenteOrdenados;po1500000.txt;0.013218
parcialmenteOrdenados;po1500000.txt;0.012769
parcialmenteOrdenados;po1500000.txt;0.012903
parcialmenteOrdenados;po1500000.txt;0.013203
parcialmenteOrdenados;po1500000.txt;0.012378
parcialmenteOrdenados;po1500000.txt;0.012923
parcialmenteOrdenados;po1500000.txt;0.013960
parcialmenteOrdenados;po1500000.txt;0.013295
parcialmenteOrdenados;po1500000.txt;0.012382
parcialmenteOrdenados;po1500000.txt;0.013367
parcialmenteOrdenados;po1500000.txt;0.012496
parcialmenteOrdenados;po1500000.txt;0.012945
parcialmenteOrdenados;po1500000.txt;0.012998
parcialmenteOrdenados;po1500000.txt;0.013793
parcialmenteOrdenados;po1500000.txt;0.014669
parcialmenteOrdenados;po1500000.txt;0.022519
parcialmenteOrdenados;po1500000.txt;0.023485
parcialmenteOrdenados;po1500000.txt;0.012822
parcialmenteOrdenados;po1500000.txt;0.013129
parcialmenteOrdenados;po1500000.txt;0.012829
parcialmenteOrdenados;po1500000.txt;0.012160
parcialmenteOrdenados;po1500000.txt;0.012696
parcialmenteOrdenados;po1500000.txt;0.013599
parcialmenteOrdenados;po2000000.txt;0.018343
parcialmenteOrdenados;po2000000.txt;0.016846
parcialmenteOrdenados;po2000000.txt;0.016372
parcialmenteOrdenados;po2000000.txt;0.016483
parcialmenteOrdenados;po2000000.txt;0.017691
parcialmenteOrdenados;po2000000.txt;0.016555
parcialmenteOrdenados;po2000000.txt;0.018339
parcialmenteOrdenados;po2000000.txt;0.016900
parcialmenteOrdenados;po2000000.txt;0.016746
parcialmenteOrdenados;po2000000.txt;0.016847
parcialmenteOrdenados;po2000000.txt;0.016938
parcialmenteOrdenados;po2000000.txt;0.016317
parcialmenteOrdenados;po2000000.txt;0.016971
parcialmenteOrdenados;po2000000.txt;0.017672
parcialmenteOrdenados;po2000000.txt;0.017405
parcialmenteOrdenados;po2000000.txt;0.016969
parcialmenteOrdenados;po2000000.txt;0.017820
parcialmenteOrdenados;po2000000.txt;0.016820
parcialmenteOrdenados;po2000000.txt;0.017336
parcialmenteOrdenados;po2000000.txt;0.017207
parcialmenteOrdenados;po2000000.txt;0.017068
parcialmenteOrdenados;po2000000.txt;0.018434
parcialmenteOrdenados;po2000000.txt;0.017023
parcialmenteOrdenados;po2000000.txt;0.016515
parcialmenteOrdenados;po2000000.txt;0.016712
parcialmenteOrdenados;po2000000.txt;0.030544
parcialmenteOrdenados;po2000000.txt;0.030464
parcialmenteOrdenados;po2000000.txt;0.018704
parcialmenteOrdenados;po2000000.txt;0.017072
parcialmenteOrdenados;po2000000.txt;0.017178
