parcialmenteOrdenados;po5000.txt;0.000141
parcialmenteOrdenados;po5000.txt;0.000140
parcialmenteOrdenados;po5000.txt;0.000135
parcialmenteOrdenados;po5000.txt;0.000134
parcialmenteOrdenados;po5000.txt;0.000139
parcialmenteOrdenados;po5000.txt;0.000139
parcialmenteOrdenados;po5000.txt;0.000140
parcialmenteOrdenados;po5000.txt;0.000141
parcialmenteOrdenados;po5000.txt;0.000136
parcialmenteOrdenados;po5000.txt;0.000135
parcialmenteOrdenados;po5000.txt;0.000143
parcialmenteOrdenados;po5000.txt;0.000135
parcialmenteOrdenados;po5000.txt;0.000133
parcialmenteOrdenados;po5000.txt;0.000145
parcialmenteOrdenados;po5000.txt;0.000135
parcialmenteOrdenados;po5000.txt;0.000140
parcialmenteOrdenados;po5000.txt;0.000135
parcialmenteOrdenados;po5000.txt;0.000134
parcialmenteOrdenados;po5000.txt;0.000149
parcialmenteOrdenados;po5000.txt;0.000134
parcialmenteOrdenados;po5000.txt;0.000140
parcialmenteOrdenados;po5000.txt;0.000140
parcialmenteOrdenados;po5000.txt;0.000136
parcialmenteOrdenados;po5000.txt;0.000135
parcialmenteOrdenados;po5000.txt;0.000141
parcialmenteOrdenados;po5000.txt;0.000135
parcialmenteOrdenados;po5000.txt;0.000135
parcialmenteOrdenados;po5000.txt;0.000151
parcialmenteOrdenados;po5000.txt;0.000140
parcialmenteOrdenados;po5000.txt;0.000140
parcialmenteOrdenados;po10000.txt;0.000280
parcialmenteOrdenados;po10000.txt;0.000274
parcialmenteOrdenados;po10000.txt;0.000278
parcialmenteOrdenados;po10000.txt;0.000277
parcialmenteOrdenados;po10000.txt;0.000274
parcialmenteOrdenados;po10000.txt;0.000275
parcialmenteOrdenados;po10000.txt;0.000273
parcialmenteOrdenados;po10000.txt;0.000275
parcialmenteOrdenados;po10000.txt;0.000275
parcialmenteOrdenados;po10000.txt;0.000276
parcialmenteOrdenados;po10000.txt;0.000276
parcialmenteOrdenados;po10000.txt;0.000275
parcialmenteOrdenados;po10000.txt;0.000274
parcialmenteOrdenados;po10000.txt;0.000282
parcialmenteOrdenados;po10000.txt;0.000276
parcialmenteOrdenados;po10000.txt;0.000273
parcialmenteOrdenados;po10000.txt;0.000277
parcialmenteOrdenados;po10000.txt;0.000276
parcialmenteOrdenados;po10000.txt;0.000272
parcialmenteOrdenados;po10000.txt;0.000276
parcialmenteOrdenados;po10000.txt;0.000275
parcialmenteOrdenados;po10000.txt;0.000276
parcialmenteOrdenados;po10000.txt;0.000276
parcialmenteOrdenados;po10000.txt;0.000275
parcialmenteOrdenados;po10000.txt;0.000274
parcialmenteOrdenados;po10000.txt;0.000274
parcialmenteOrdenados;po10000.txt;0.000274
parcialmenteOrdenados;po10000.txt;0.000278
parcialmenteOrdenados;po10000.txt;0.000273
parcialmenteOrdenados;po10000.txt;0.000272
parcialmenteOrdenados;po15000.txt;0.000444
parcialmenteOrdenados;po15000.txt;0.000447
parcialmenteOrdenados;po15000.txt;0.000445
parcialmenteOrdenados;po15000.txt;0.000442
parcialmenteOrdenados;po15000.txt;0.000442
parcialmenteOrdenados;po15000.txt;0.000443
parcialmenteOrdenados;po15000.txt;0.000476
parcialmenteOrdenados;po15000.txt;0.000438
parcialmenteOrdenados;po15000.txt;0.000442
parcialmenteOrdenados;po15000.txt;0.000448
parcialmenteOrdenados;po15000.txt;0.000443
parcialmenteOrdenados;po15000.txt;0.000440
parcialmenteOrdenados;po15000.txt;0.000439
parcialmenteOrdenados;po15000.txt;0.000448
parcialmenteOrdenados;po15000.txt;0.000452
parcialmenteOrdenados;po15000.txt;0.000446
parcialmenteOrdenados;po15000.txt;0.000437
parcialmenteOrdenados;po15000.txt;0.000446
parcialmenteOrdenados;po15000.txt;0.000455
parcialmenteOrdenados;po15000.txt;0.000444
parcialmenteOrdenados;po15000.txt;0.000446
parcialmenteOrdenados;po15000.txt;0.000445
parcialmenteOrdenados;po15000.txt;0.000449
parcialmenteOrdenados;po15000.txt;0.000443
parcialmenteOrdenados;po15000.txt;0.000436
parcialmenteOrdenados;po15000.txt;0.000442
parcialmenteOrdenados;po15000.txt;0.000444
parcialmenteOrdenados;po15000.txt;0.000447
parcialmenteOrdenados;po15000.txt;0.000443
parcialmenteOrdenados;po15000.txt;0.000439
parcialmenteOrdenados;po30000.txt;0.000878
parcialmenteOrdenados;po30000.txt;0.000925
parcialmenteOrdenados;po30000.txt;0.000881
parcialmenteOrdenados;po30000.txt;0.000879
parcialmenteOrdenados;po30000.txt;0.000904
parcialmenteOrdenados;po30000.txt;0.000881
parcialmenteOrdenados;po30000.txt;0.000882
parcialmenteOrdenados;po30000.txt;0.000889
parcialmenteOrdenados;po30000.txt;0.000884
parcialmenteOrdenados;po30000.txt;0.000880
parcialmenteOrdenados;po30000.txt;0.000876
parcialmenteOrdenados;po30000.txt;0.000880
parcialmenteOrdenados;po30000.txt;0.000872
parcialmenteOrdenados;po30000.txt;0.000874
parcialmenteOrdenados;po30000.txt;0.000879
parcialmenteOrdenados;po30000.txt;0.000879
parcialmenteOrdenados;po30000.txt;0.000895
parcialmenteOrdenados;po30000.txt;0.000884
parcialmenteOrdenados;po30000.txt;0.000879
parcialmenteOrdenados;po30000.txt;0.000888
parcialmenteOrdenados;po30000.txt;0.000879
parcialmenteOrdenados;po30000.txt;0.000875
parcialmenteOrdenados;po30000.txt;0.000883
parcialmenteOrdenados;po30000.txt;0.000879
parcialmenteOrdenados;po30000.txt;0.000881
parcialmenteOrdenados;po30000.txt;0.000887
parcialmenteOrdenados;po30000.txt;0.000890
parcialmenteOrdenados;po30000.txt;0.000889
parcialmenteOrdenados;po30000.txt;0.000874
parcialmenteOrdenados;po30000.txt;0.000880
parcialmenteOrdenados;po50000.txt;0.001459
parcialmenteOrdenados;po50000.txt;0.001449
parcialmenteOrdenados;po50000.txt;0.001452
parcialmenteOrdenados;po50000.txt;0.001436
parcialmenteOrdenados;po50000.txt;0.001456
parcialmenteOrdenados;po50000.txt;0.001443
parcialmenteOrdenados;po50000.txt;0.001443
parcialmenteOrdenados;po50000.txt;0.001440
parcialmenteOrdenados;po50000.txt;0.001442
parcialmenteOrdenados;po50000.txt;0.001443
parcialmenteOrdenados;po50000.txt;0.001455
parcialmenteOrdenados;po50000.txt;0.001448
parcialmenteOrdenados;po50000.txt;0.001448
parcialmenteOrdenados;po50000.txt;0.001437
parcialmenteOrdenados;po50000.txt;0.001439
parcialmenteOrdenados;po50000.txt;0.001447
parcialmenteOrdenados;po50000.txt;0.001443
parcialmenteOrdenados;po50000.txt;0.001444
parcialmenteOrdenados;po50000.txt;0.001438
parcialmenteOrdenados;po50000.txt;0.001437
parcialmenteOrdenados;po50000.txt;0.001455
parcialmenteOrdenados;po50000.txt;0.001440
parcialmenteOrdenados;po50000.txt;0.001437
parcialmenteOrdenados;po50000.txt;0.001442
parcialmenteOrdenados;po50000.txt;0.001441
parcialmenteOrdenados;po50000.txt;0.001461
parcialmenteOrdenados;po50000.txt;0.001452
parcialmenteOrdenados;po50000.txt;0.001458
parcialmenteOrdenados;po50000.txt;0.001441
parcialmenteOrdenados;po50000.txt;0.001444
parcialmenteOrdenados;po100000.txt;0.002833
parcialmenteOrdenados;po100000.txt;0.002848
parcialmenteOrdenados;po100000.txt;0.002830
parcialmenteOrdenados;po100000.txt;0.002840
parcialmenteOrdenados;po100000.txt;0.002823
parcialmenteOrdenados;po100000.txt;0.002822
parcialmenteOrdenados;po100000.txt;0.002837
parcialmenteOrdenados;po100000.txt;0.002859
parcialmenteOrdenados;po100000.txt;0.002842
parcialmenteOrdenados;po100000.txt;0.002825
parcialmenteOrdenados;po100000.txt;0.002832
parcialmenteOrdenados;po100000.txt;0.002832
parcialmenteOrdenados;po100000.txt;0.002819
parcialmenteOrdenados;po100000.txt;0.002833
parcialmenteOrdenados;po100000.txt;0.002836
parcialmenteOrdenados;po100000.txt;0.002837
parcialmenteOrdenados;po100000.txt;0.002837
parcialmenteOrdenados;po100000.txt;0.002867
parcialmenteOrdenados;po100000.txt;0.002972
parcialmenteOrdenados;po100000.txt;0.002947
parcialmenteOrdenados;po100000.txt;0.002890
parcialmenteOrdenados;po100000.txt;0.002856
parcialmenteOrdenados;po100000.txt;0.002831
parcialmenteOrdenados;po100000.txt;0.002841
parcialmenteOrdenados;po100000.txt;0.002873
parcialmenteOrdenados;po100000.txt;0.002955
parcialmenteOrdenados;po100000.txt;0.002836
parcialmenteOrdenados;po100000.txt;0.002857
parcialmenteOrdenados;po100000.txt;0.002841
parcialmenteOrdenados;po100000.txt;0.002859
parcialmenteOrdenados;po200000.txt;0.005740
parcialmenteOrdenados;po200000.txt;0.005761
parcialmenteOrdenados;po200000.txt;0.005739
parcialmenteOrdenados;po200000.txt;0.005742
parcialmenteOrdenados;po200000.txt;0.005741
parcialmenteOrdenados;po200000.txt;0.005710
parcialmenteOrdenados;po200000.txt;0.005732
parcialmenteOrdenados;po200000.txt;0.005716
parcialmenteOrdenados;po200000.txt;0.004748
parcialmenteOrdenados;po200000.txt;0.003074
parcialmenteOrdenados;po200000.txt;0.003068
parcialmenteOrdenados;po200000.txt;0.003084
parcialmenteOrdenados;po200000.txt;0.003127
parcialmenteOrdenados;po200000.txt;0.003081
parcialmenteOrdenados;po200000.txt;0.003069
parcialmenteOrdenados;po200000.txt;0.003080
parcialmenteOrdenados;po200000.txt;0.003203
parcialmenteOrdenados;po200000.txt;0.003089
parcialmenteOrdenados;po200000.txt;0.003216
parcialmenteOrdenados;po200000.txt;0.003256
parcialmenteOrdenados;po200000.txt;0.003072
parcialmenteOrdenados;po200000.txt;0.003088
parcialmenteOrdenados;po200000.txt;0.003213
parcialmenteOrdenados;po200000.txt;0.003113
parcialmenteOrdenados;po200000.txt;0.003077
parcialmenteOrdenados;po200000.txt;0.003208
parcialmenteOrdenados;po200000.txt;0.003078
parcialmenteOrdenados;po200000.txt;0.003075
parcialmenteOrdenados;po200000.txt;0.003134
parcialmenteOrdenados;po200000.txt;0.003066
parcialmenteOrdenados;po500000.txt;0.008067
parcialmenteOrdenados;po500000.txt;0.008081
parcialmenteOrdenados;po500000.txt;0.008026
parcialmenteOrdenados;po500000.txt;0.008021
parcialmenteOrdenados;po500000.txt;0.008371
parcialmenteOrdenados;po500000.txt;0.008327
parcialmenteOrdenados;po500000.txt;0.008561
parcialmenteOrdenados;po500000.txt;0.008776
parcialmenteOrdenados;po500000.txt;0.008898
parcialmenteOrdenados;po500000.txt;0.008900
parcialmenteOrdenados;po500000.txt;0.008677
parcialmenteOrdenados;po500000.txt;0.008517
parcialmenteOrdenados;po500000.txt;0.008461
parcialmenteOrdenados;po500000.txt;0.008562
parcialmenteOrdenados;po500000.txt;0.008581
parcialmenteOrdenados;po500000.txt;0.008532
parcialmenteOrdenados;po500000.txt;0.008533
parcialmenteOrdenados;po500000.txt;0.008486
parcialmenteOrdenados;po500000.txt;0.008481
parcialmenteOrdenados;po500000.txt;0.008542
parcialmenteOrdenados;po500000.txt;0.008485
parcialmenteOrdenados;po500000.txt;0.008658
parcialmenteOrdenados;po500000.txt;0.008500
parcialmenteOrdenados;po500000.txt;0.008461
parcialmenteOrdenados;po500000.txt;0.008498
parcialmenteOrdenados;po500000.txt;0.008477
parcialmenteOrdenados;po500000.txt;0.008635
parcialmenteOrdenados;po500000.txt;0.008557
parcialmenteOrdenados;po500000.txt;0.008522
parcialmenteOrdenados;po500000.txt;0.008491
parcialmenteOrdenados;po1000000.txt;0.017563
parcialmenteOrdenados;po1000000.txt;0.016762
parcialmenteOrdenados;po1000000.txt;0.016843
parcialmenteOrdenados;po1000000.txt;0.017681
parcialmenteOrdenados;po1000000.txt;0.017349
parcialmenteOrdenados;po1000000.txt;0.017603
parcialmenteOrdenados;po1000000.txt;0.016782
parcialmenteOrdenados;po1000000.txt;0.016980
parcialmenteOrdenados;po1000000.txt;0.016996
parcialmenteOrdenados;po1000000.txt;0.016708
parcialmenteOrdenados;po1000000.txt;0.016607
parcialmenteOrdenados;po1000000.txt;0.016713
parcialmenteOrdenados;po1000000.txt;0.016774
parcialmenteOrdenados;po1000000.txt;0.016776
parcialmenteOrdenados;po1000000.txt;0.016796
parcialmenteOrdenados;po1000000.txt;0.016622
parcialmenteOrdenados;po1000000.txt;0.016784
parcialmenteOrdenados;po1000000.txt;0.016661
parcialmenteOrdenados;po1000000.txt;0.016652
parcialmenteOrdenados;po1000000.txt;0.016691
parcialmenteOrdenados;po1000000.txt;0.016651
parcialmenteOrdenados;po1000000.txt;0.016640
parcialmenteOrdenados;po1000000.txt;0.016728
parcialmenteOrdenados;po1000000.txt;0.016731
parcialmenteOrdenados;po1000000.txt;0.016795
parcialmenteOrdenados;po1000000.txt;0.016876
parcialmenteOrdenados;po1000000.txt;0.016754
parcialmenteOrdenados;po1000000.txt;0.017332
parcialmenteOrdenados;po1000000.txt;0.017544
parcialmenteOrdenados;po1000000.txt;0.017781
parcialmenteOrdenados;po1500000.txt;0.026143
parcialmenteOrdenados;po1500000.txt;0.025408
parcialmenteOrdenados;po1500000.txt;0.025602
parcialmenteOrdenados;po1500000.txt;0.025501
parcialmenteOrdenados;po1500000.txt;0.025436
parcialmenteOrdenados;po1500000.txt;0.027273
parcialmenteOrdenados;po1500000.txt;0.027140
parcialmenteOrdenados;po1500000.txt;0.026023
parcialmenteOrdenados;po1500000.txt;0.025829
parcialmenteOrdenados;po1500000.txt;0.025656
parcialmenteOrdenados;po1500000.txt;0.025354
parcialmenteOrdenados;po1500000.txt;0.025449
parcialmenteOrdenados;po1500000.txt;0.025365
parcialmenteOrdenados;po1500000.txt;0.025310
parcialmenteOrdenados;po1500000.txt;0.025363
parcialmenteOrdenados;po1500000.txt;0.025376
parcialmenteOrdenados;po1500000.txt;0.025408
parcialmenteOrdenados;po1500000.txt;0.025349
parcialmenteOrdenados;po1500000.txt;0.025375
parcialmenteOrdenados;po1500000.txt;0.025380
parcialmenteOrdenados;po1500000.txt;0.025300
parcialmenteOrdenados;po1500000.txt;0.025360
parcialmenteOrdenados;po1500000.txt;0.025645
parcialmenteOrdenados;po1500000.txt;0.026026
parcialmenteOrdenados;po1500000.txt;0.025873
parcialmenteOrdenados;po1500000.txt;0.026217
parcialmenteOrdenados;po1500000.txt;0.025509
parcialmenteOrdenados;po1500000.txt;0.025399
parcialmenteOrdenados;po1500000.txt;0.025396
parcialmenteOrdenados;po1500000.txt;0.025468
parcialmenteOrdenados;po2000000.txt;0.035156
parcialmenteOrdenados;po2000000.txt;0.034831
parcialmenteOrdenados;po2000000.txt;0.034910
parcialmenteOrdenados;po2000000.txt;0.034793
parcialmenteOrdenados;po2000000.txt;0.034773
parcialmenteOrdenados;po2000000.txt;0.035066
parcialmenteOrdenados;po2000000.txt;0.035284
parcialmenteOrdenados;po2000000.txt;0.038895
parcialmenteOrdenados;po2000000.txt;0.036303
parcialmenteOrdenados;po2000000.txt;0.064802
parcialmenteOrdenados;po2000000.txt;0.064750
parcialmenteOrdenados;po2000000.txt;0.065064
parcialmenteOrdenados;po2000000.txt;0.065231
parcialmenteOrdenados;po2000000.txt;0.065122
parcialmenteOrdenados;po2000000.txt;0.064903
parcialmenteOrdenados;po2000000.txt;0.035120
parcialmenteOrdenados;po2000000.txt;0.035352
parcialmenteOrdenados;po2000000.txt;0.034975
parcialmenteOrdenados;po2000000.txt;0.036762
parcialmenteOrdenados;po2000000.txt;0.035261
parcialmenteOrdenados;po2000000.txt;0.035452
parcialmenteOrdenados;po2000000.txt;0.035203
parcialmenteOrdenados;po2000000.txt;0.035269
parcialmenteOrdenados;po2000000.txt;0.035700
parcialmenteOrdenados;po2000000.txt;0.036511
parcialmenteOrdenados;po2000000.txt;0.036316
parcialmenteOrdenados;po2000000.txt;0.036032
parcialmenteOrdenados;po2000000.txt;0.038501
parcialmenteOrdenados;po2000000.txt;0.036254
parcialmenteOrdenados;po2000000.txt;0.035115
