Pasta;Arquivo;Tempo_Segundos
parcialmenteOrdenados;po5000.txt;0.000204
parcialmenteOrdenados;po5000.txt;0.000198
parcialmenteOrdenados;po5000.txt;0.000191
parcialmenteOrdenados;po5000.txt;0.000183
parcialmenteOrdenados;po5000.txt;0.000212
parcialmenteOrdenados;po5000.txt;0.000193
parcialmenteOrdenados;po5000.txt;0.000189
parcialmenteOrdenados;po5000.txt;0.000187
parcialmenteOrdenados;po5000.txt;0.000201
parcialmenteOrdenados;po5000.txt;0.000197
parcialmenteOrdenados;po5000.txt;0.000212
parcialmenteOrdenados;po5000.txt;0.000192
parcialmenteOrdenados;po5000.txt;0.000186
parcialmenteOrdenados;po5000.txt;0.000193
parcialmenteOrdenados;po5000.txt;0.000191
parcialmenteOrdenados;po5000.txt;0.000194
parcialmenteOrdenados;po5000.txt;0.000194
parcialmenteOrdenados;po5000.txt;0.000205
parcialmenteOrdenados;po5000.txt;0.000190
parcialmenteOrdenados;po5000.txt;0.000209
parcialmenteOrdenados;po5000.txt;0.000235
parcialmenteOrdenados;po5000.txt;0.000204
parcialmenteOrdenados;po5000.txt;0.000207
parcialmenteOrdenados;po5000.txt;0.000203
parcialmenteOrdenados;po5000.txt;0.000198
parcialmenteOrdenados;po5000.txt;0.000209
parcialmenteOrdenados;po5000.txt;0.000209
parcialmenteOrdenados;po5000.txt;0.000265
parcialmenteOrdenados;po5000.txt;0.000212
parcialmenteOrdenados;po5000.txt;0.000206
parcialmenteOrdenados;po10000.txt;0.000447
parcialmenteOrdenados;po10000.txt;0.000442
parcialmenteOrdenados;po10000.txt;0.000428
parcialmenteOrdenados;po10000.txt;0.000442
parcialmenteOrdenados;po10000.txt;0.000445
parcialmenteOrdenados;po10000.txt;0.000431
parcialmenteOrdenados;po10000.txt;0.000424
parcialmenteOrdenados;po10000.txt;0.000467
parcialmenteOrdenados;po10000.txt;0.000429
parcialmenteOrdenados;po10000.txt;0.000428
parcialmenteOrdenados;po10000.txt;0.000464
parcialmenteOrdenados;po10000.txt;0.000428
parcialmenteOrdenados;po10000.txt;0.000432
parcialmenteOrdenados;po10000.txt;0.000460
parcialmenteOrdenados;po10000.txt;0.000437
parcialmenteOrdenados;po10000.txt;0.000439
parcialmenteOrdenados;po10000.txt;0.000426
parcialmenteOrdenados;po10000.txt;0.000448
parcialmenteOrdenados;po10000.txt;0.000448
parcialmenteOrdenados;po10000.txt;0.000446
parcialmenteOrdenados;po10000.txt;0.000444
parcialmenteOrdenados;po10000.txt;0.000468
parcialmenteOrdenados;po10000.txt;0.000438
parcialmenteOrdenados;po10000.txt;0.000411
parcialmenteOrdenados;po10000.txt;0.000430
parcialmenteOrdenados;po10000.txt;0.000427
parcialmenteOrdenados;po10000.txt;0.000431
parcialmenteOrdenados;po10000.txt;0.000426
parcialmenteOrdenados;po10000.txt;0.000464
parcialmenteOrdenados;po10000.txt;0.000432
parcialmenteOrdenados;po15000.txt;0.000572
parcialmenteOrdenados;po15000.txt;0.000578
parcialmenteOrdenados;po15000.txt;0.000560
parcialmenteOrdenados;po15000.txt;0.000568
parcialmenteOrdenados;po15000.txt;0.000577
parcialmenteOrdenados;po15000.txt;0.000556
parcialmenteOrdenados;po15000.txt;0.000574
parcialmenteOrdenados;po15000.txt;0.000568
parcialmenteOrdenados;po15000.txt;0.000568
parcialmenteOrdenados;po15000.txt;0.000571
parcialmenteOrdenados;po15000.txt;0.000567
parcialmenteOrdenados;po15000.txt;0.000595
parcialmenteOrdenados;po15000.txt;0.000570
parcialmenteOrdenados;po15000.txt;0.000554
parcialmenteOrdenados;po15000.txt;0.000563
parcialmenteOrdenados;po15000.txt;0.000571
parcialmenteOrdenados;po15000.txt;0.000574
parcialmenteOrdenados;po15000.txt;0.000569
parcialmenteOrdenados;po15000.txt;0.000566
parcialmenteOrdenados;po15000.txt;0.000549
parcialmenteOrdenados;po15000.txt;0.000576
parcialmenteOrdenados;po15000.txt;0.000628
parcialmenteOrdenados;po15000.txt;0.000548
parcialmenteOrdenados;po15000.txt;0.000576
parcialmenteOrdenados;po15000.txt;0.000563
parcialmenteOrdenados;po15000.txt;0.000556
parcialmenteOrdenados;po15000.txt;0.000629
parcialmenteOrdenados;po15000.txt;0.000574
parcialmenteOrdenados;po15000.txt;0.000580
parcialmenteOrdenados;po15000.txt;0.000562
parcialmenteOrdenados;po30000.txt;0.001211
parcialmenteOrdenados;po30000.txt;0.001195
parcialmenteOrdenados;po30000.txt;0.001171
parcialmenteOrdenados;po30000.txt;0.001232
parcialmenteOrdenados;po30000.txt;0.001190
parcialmenteOrdenados;po30000.txt;0.001173
parcialmenteOrdenados;po30000.txt;0.001147
parcialmenteOrdenados;po30000.txt;0.001168
parcialmenteOrdenados;po30000.txt;0.001188
parcialmenteOrdenados;po30000.txt;0.001238
parcialmenteOrdenados;po30000.txt;0.001178
parcialmenteOrdenados;po30000.txt;0.001178
parcialmenteOrdenados;po30000.txt;0.001254
parcialmenteOrdenados;po30000.txt;0.001174
parcialmenteOrdenados;po30000.txt;0.001134
parcialmenteOrdenados;po30000.txt;0.001210
parcialmenteOrdenados;po30000.txt;0.001147
parcialmenteOrdenados;po30000.txt;0.001176
parcialmenteOrdenados;po30000.txt;0.001187
parcialmenteOrdenados;po30000.txt;0.001132
parcialmenteOrdenados;po30000.txt;0.001160
parcialmenteOrdenados;po30000.txt;0.001147
parcialmenteOrdenados;po30000.txt;0.001203
parcialmenteOrdenados;po30000.txt;0.001159
parcialmenteOrdenados;po30000.txt;0.001176
parcialmenteOrdenados;po30000.txt;0.001174
parcialmenteOrdenados;po30000.txt;0.001170
parcialmenteOrdenados;po30000.txt;0.001163
parcialmenteOrdenados;po30000.txt;0.001152
parcialmenteOrdenados;po30000.txt;0.001146
parcialmenteOrdenados;po50000.txt;0.002333
parcialmenteOrdenados;po50000.txt;0.002264
parcialmenteOrdenados;po50000.txt;0.002265
parcialmenteOrdenados;po50000.txt;0.002389
parcialmenteOrdenados;po50000.txt;0.002282
parcialmenteOrdenados;po50000.txt;0.002272
parcialmenteOrdenados;po50000.txt;0.002423
parcialmenteOrdenados;po50000.txt;0.002273
parcialmenteOrdenados;po50000.txt;0.002305
parcialmenteOrdenados;po50000.txt;0.002314
parcialmenteOrdenados;po50000.txt;0.002353
parcialmenteOrdenados;po50000.txt;0.002371
parcialmenteOrdenados;po50000.txt;0.002296
parcialmenteOrdenados;po50000.txt;0.002609
parcialmenteOrdenados;po50000.txt;0.002289
parcialmenteOrdenados;po50000.txt;0.002399
parcialmenteOrdenados;po50000.txt;0.002391
parcialmenteOrdenados;po50000.txt;0.002347
parcialmenteOrdenados;po50000.txt;0.002275
parcialmenteOrdenados;po50000.txt;0.002359
parcialmenteOrdenados;po50000.txt;0.002369
parcialmenteOrdenados;po50000.txt;0.002378
parcialmenteOrdenados;po50000.txt;0.002579
parcialmenteOrdenados;po50000.txt;0.002325
parcialmenteOrdenados;po50000.txt;0.002405
parcialmenteOrdenados;po50000.txt;0.002287
parcialmenteOrdenados;po50000.txt;0.002218
parcialmenteOrdenados;po50000.txt;0.002355
parcialmenteOrdenados;po50000.txt;0.002331
parcialmenteOrdenados;po50000.txt;0.002311
parcialmenteOrdenados;po100000.txt;0.005191
parcialmenteOrdenados;po100000.txt;0.004954
parcialmenteOrdenados;po100000.txt;0.004864
parcialmenteOrdenados;po100000.txt;0.004889
parcialmenteOrdenados;po100000.txt;0.004948
parcialmenteOrdenados;po100000.txt;0.005040
parcialmenteOrdenados;po100000.txt;0.004935
parcialmenteOrdenados;po100000.txt;0.004901
parcialmenteOrdenados;po100000.txt;0.005070
parcialmenteOrdenados;po100000.txt;0.005021
parcialmenteOrdenados;po100000.txt;0.005134
parcialmenteOrdenados;po100000.txt;0.004836
parcialmenteOrdenados;po100000.txt;0.004894
parcialmenteOrdenados;po100000.txt;0.005078
parcialmenteOrdenados;po100000.txt;0.004842
parcialmenteOrdenados;po100000.txt;0.004974
parcialmenteOrdenados;po100000.txt;0.004762
parcialmenteOrdenados;po100000.txt;0.004826
parcialmenteOrdenados;po100000.txt;0.004794
parcialmenteOrdenados;po100000.txt;0.005057
parcialmenteOrdenados;po100000.txt;0.005029
parcialmenteOrdenados;po100000.txt;0.005030
parcialmenteOrdenados;po100000.txt;0.005032
parcialmenteOrdenados;po100000.txt;0.004908
parcialmenteOrdenados;po100000.txt;0.004897
parcialmenteOrdenados;po100000.txt;0.004787
parcialmenteOrdenados;po100000.txt;0.004937
parcialmenteOrdenados;po100000.txt;0.004750
parcialmenteOrdenados;po100000.txt;0.004984
parcialmenteOrdenados;po100000.txt;0.004931
parcialmenteOrdenados;po200000.txt;0.010150
parcialmenteOrdenados;po200000.txt;0.009911
parcialmenteOrdenados;po200000.txt;0.010598
parcialmenteOrdenados;po200000.txt;0.010422
parcialmenteOrdenados;po200000.txt;0.010151
parcialmenteOrdenados;po200000.txt;0.010105
parcialmenteOrdenados;po200000.txt;0.010106
parcialmenteOrdenados;po200000.txt;0.010244
parcialmenteOrdenados;po200000.txt;0.010149
parcialmenteOrdenados;po200000.txt;0.010147
parcialmenteOrdenados;po200000.txt;0.010017
parcialmenteOrdenados;po200000.txt;0.010105
parcialmenteOrdenados;po200000.txt;0.009944
parcialmenteOrdenados;po200000.txt;0.010423
parcialmenteOrdenados;po200000.txt;0.010169
parcialmenteOrdenados;po200000.txt;0.010611
parcialmenteOrdenados;po200000.txt;0.010036
parcialmenteOrdenados;po200000.txt;0.010351
parcialmenteOrdenados;po200000.txt;0.010134
parcialmenteOrdenados;po200000.txt;0.010720
parcialmenteOrdenados;po200000.txt;0.010421
parcialmenteOrdenados;po200000.txt;0.010743
parcialmenteOrdenados;po200000.txt;0.010266
parcialmenteOrdenados;po200000.txt;0.010181
parcialmenteOrdenados;po200000.txt;0.010245
parcialmenteOrdenados;po200000.txt;0.010219
parcialmenteOrdenados;po200000.txt;0.010272
parcialmenteOrdenados;po200000.txt;0.010611
parcialmenteOrdenados;po200000.txt;0.010182
parcialmenteOrdenados;po200000.txt;0.010813
parcialmenteOrdenados;po500000.txt;0.027189
parcialmenteOrdenados;po500000.txt;0.027011
parcialmenteOrdenados;po500000.txt;0.029589
parcialmenteOrdenados;po500000.txt;0.028677
parcialmenteOrdenados;po500000.txt;0.028013
parcialmenteOrdenados;po500000.txt;0.027298
parcialmenteOrdenados;po500000.txt;0.027420
parcialmenteOrdenados;po500000.txt;0.027181
parcialmenteOrdenados;po500000.txt;0.027981
parcialmenteOrdenados;po500000.txt;0.027570
parcialmenteOrdenados;po500000.txt;0.027305
parcialmenteOrdenados;po500000.txt;0.027524
parcialmenteOrdenados;po500000.txt;0.027328
parcialmenteOrdenados;po500000.txt;0.027437
parcialmenteOrdenados;po500000.txt;0.026559
parcialmenteOrdenados;po500000.txt;0.026607
parcialmenteOrdenados;po500000.txt;0.026738
parcialmenteOrdenados;po500000.txt;0.026847
parcialmenteOrdenados;po500000.txt;0.026735
parcialmenteOrdenados;po500000.txt;0.026913
parcialmenteOrdenados;po500000.txt;0.026822
parcialmenteOrdenados;po500000.txt;0.026770
parcialmenteOrdenados;po500000.txt;0.026653
parcialmenteOrdenados;po500000.txt;0.026556
parcialmenteOrdenados;po500000.txt;0.027888
parcialmenteOrdenados;po500000.txt;0.026624
parcialmenteOrdenados;po500000.txt;0.026522
parcialmenteOrdenados;po500000.txt;0.026471
parcialmenteOrdenados;po500000.txt;0.027067
parcialmenteOrdenados;po500000.txt;0.026360
parcialmenteOrdenados;po1000000.txt;0.058925
parcialmenteOrdenados;po1000000.txt;0.060216
parcialmenteOrdenados;po1000000.txt;0.059495
parcialmenteOrdenados;po1000000.txt;0.059396
parcialmenteOrdenados;po1000000.txt;0.059876
parcialmenteOrdenados;po1000000.txt;0.059543
parcialmenteOrdenados;po1000000.txt;0.062886
parcialmenteOrdenados;po1000000.txt;0.062949
parcialmenteOrdenados;po1000000.txt;0.060218
parcialmenteOrdenados;po1000000.txt;0.059154
parcialmenteOrdenados;po1000000.txt;0.058753
parcialmenteOrdenados;po1000000.txt;0.059150
parcialmenteOrdenados;po1000000.txt;0.058664
parcialmenteOrdenados;po1000000.txt;0.058870
parcialmenteOrdenados;po1000000.txt;0.059653
parcialmenteOrdenados;po1000000.txt;0.059350
parcialmenteOrdenados;po1000000.txt;0.059161
parcialmenteOrdenados;po1000000.txt;0.058620
parcialmenteOrdenados;po1000000.txt;0.058864
parcialmenteOrdenados;po1000000.txt;0.059321
parcialmenteOrdenados;po1000000.txt;0.059701
parcialmenteOrdenados;po1000000.txt;0.059660
parcialmenteOrdenados;po1000000.txt;0.060569
parcialmenteOrdenados;po1000000.txt;0.059770
parcialmenteOrdenados;po1000000.txt;0.059219
parcialmenteOrdenados;po1000000.txt;0.059602
parcialmenteOrdenados;po1000000.txt;0.059737
parcialmenteOrdenados;po1000000.txt;0.062875
parcialmenteOrdenados;po1000000.txt;0.071759
parcialmenteOrdenados;po1000000.txt;0.099766
parcialmenteOrdenados;po1500000.txt;0.167414
parcialmenteOrdenados;po1500000.txt;0.165795
parcialmenteOrdenados;po1500000.txt;0.141638
parcialmenteOrdenados;po1500000.txt;0.098587
parcialmenteOrdenados;po1500000.txt;0.098619
parcialmenteOrdenados;po1500000.txt;0.099273
parcialmenteOrdenados;po1500000.txt;0.098740
parcialmenteOrdenados;po1500000.txt;0.098740
parcialmenteOrdenados;po1500000.txt;0.098316
parcialmenteOrdenados;po1500000.txt;0.106665
parcialmenteOrdenados;po1500000.txt;0.099770
parcialmenteOrdenados;po1500000.txt;0.099053
parcialmenteOrdenados;po1500000.txt;0.098958
parcialmenteOrdenados;po1500000.txt;0.099006
parcialmenteOrdenados;po1500000.txt;0.098890
parcialmenteOrdenados;po1500000.txt;0.098377
parcialmenteOrdenados;po1500000.txt;0.098824
parcialmenteOrdenados;po1500000.txt;0.098918
parcialmenteOrdenados;po1500000.txt;0.099107
parcialmenteOrdenados;po1500000.txt;0.099121
parcialmenteOrdenados;po1500000.txt;0.099025
parcialmenteOrdenados;po1500000.txt;0.099309
parcialmenteOrdenados;po1500000.txt;0.102307
parcialmenteOrdenados;po1500000.txt;0.101028
parcialmenteOrdenados;po1500000.txt;0.099046
parcialmenteOrdenados;po1500000.txt;0.098333
parcialmenteOrdenados;po1500000.txt;0.099258
parcialmenteOrdenados;po1500000.txt;0.099561
parcialmenteOrdenados;po1500000.txt;0.099683
parcialmenteOrdenados;po1500000.txt;0.099325
parcialmenteOrdenados;po2000000.txt;0.126332
parcialmenteOrdenados;po2000000.txt;0.127706
parcialmenteOrdenados;po2000000.txt;0.127410
parcialmenteOrdenados;po2000000.txt;0.127156
parcialmenteOrdenados;po2000000.txt;0.129659
parcialmenteOrdenados;po2000000.txt;0.128940
parcialmenteOrdenados;po2000000.txt;0.126805
parcialmenteOrdenados;po2000000.txt;0.127023
parcialmenteOrdenados;po2000000.txt;0.127231
parcialmenteOrdenados;po2000000.txt;0.127654
parcialmenteOrdenados;po2000000.txt;0.127024
parcialmenteOrdenados;po2000000.txt;0.127127
parcialmenteOrdenados;po2000000.txt;0.128092
parcialmenteOrdenados;po2000000.txt;0.127704
parcialmenteOrdenados;po2000000.txt;0.127330
parcialmenteOrdenados;po2000000.txt;0.144113
parcialmenteOrdenados;po2000000.txt;0.209682
parcialmenteOrdenados;po2000000.txt;0.211870
parcialmenteOrdenados;po2000000.txt;0.169164
parcialmenteOrdenados;po2000000.txt;0.126343
parcialmenteOrdenados;po2000000.txt;0.126398
parcialmenteOrdenados;po2000000.txt;0.126736
parcialmenteOrdenados;po2000000.txt;0.126360
parcialmenteOrdenados;po2000000.txt;0.128677
parcialmenteOrdenados;po2000000.txt;0.129440
parcialmenteOrdenados;po2000000.txt;0.126252
parcialmenteOrdenados;po2000000.txt;0.126708
parcialmenteOrdenados;po2000000.txt;0.127055
parcialmenteOrdenados;po2000000.txt;0.126569
parcialmenteOrdenados;po2000000.txt;0.127732
