Pasta;Arquivo;Tempo_Segundos
parcialmenteOrdenados;po5000.txt;0.000025
parcialmenteOrdenados;po5000.txt;0.000025
parcialmenteOrdenados;po5000.txt;0.000023
parcialmenteOrdenados;po5000.txt;0.000024
parcialmenteOrdenados;po5000.txt;0.000023
parcialmenteOrdenados;po5000.txt;0.000023
parcialmenteOrdenados;po5000.txt;0.000023
parcialmenteOrdenados;po5000.txt;0.000023
parcialmenteOrdenados;po5000.txt;0.000022
parcialmenteOrdenados;po5000.txt;0.000023
parcialmenteOrdenados;po5000.txt;0.000023
parcialmenteOrdenados;po5000.txt;0.000024
parcialmenteOrdenados;po5000.txt;0.000024
parcialmenteOrdenados;po5000.txt;0.000023
parcialmenteOrdenados;po5000.txt;0.000023
parcialmenteOrdenados;po5000.txt;0.000024
parcialmenteOrdenados;po5000.txt;0.000023
parcialmenteOrdenados;po5000.txt;0.000023
parcialmenteOrdenados;po5000.txt;0.000023
parcialmenteOrdenados;po5000.txt;0.000022
parcialmenteOrdenados;po5000.txt;0.000023
parcialmenteOrdenados;po5000.txt;0.000023
parcialmenteOrdenados;po5000.txt;0.000024
parcialmenteOrdenados;po5000.txt;0.000023
parcialmenteOrdenados;po5000.txt;0.000024
parcialmenteOrdenados;po5000.txt;0.000023
parcialmenteOrdenados;po5000.txt;0.000022
parcialmenteOrdenados;po5000.txt;0.000024
parcialmenteOrdenados;po5000.txt;0.000023
parcialmenteOrdenados;po5000.txt;0.000022
parcialmenteOrdenados;po10000.txt;0.000043
parcialmenteOrdenados;po10000.txt;0.000043
parcialmenteOrdenados;po10000.txt;0.000042
parcialmenteOrdenados;po10000.txt;0.000041
parcialmenteOrdenados;po10000.txt;0.000040
parcialmenteOrdenados;po10000.txt;0.000041
parcialmenteOrdenados;po10000.txt;0.000041
parcialmenteOrdenados;po10000.txt;0.000039
parcialmenteOrdenados;po10000.txt;0.000043
parcialmenteOrdenados;po10000.txt;0.000040
parcialmenteOrdenados;po10000.txt;0.000040
parcialmenteOrdenados;po10000.txt;0.000040
parcialmenteOrdenados;po10000.txt;0.000040
parcialmenteOrdenados;po10000.txt;0.000039
parcialmenteOrdenados;po10000.txt;0.000040
parcialmenteOrdenados;po10000.txt;0.000052
parcialmenteOrdenados;po10000.txt;0.000042
parcialmenteOrdenados;po10000.txt;0.000040
parcialmenteOrdenados;po10000.txt;0.000041
parcialmenteOrdenados;po10000.txt;0.000040
parcialmenteOrdenados;po10000.txt;0.000041
parcialmenteOrdenados;po10000.txt;0.000042
parcialmenteOrdenados;po10000.txt;0.000040
parcialmenteOrdenados;po10000.txt;0.000043
parcialmenteOrdenados;po10000.txt;0.000044
parcialmenteOrdenados;po10000.txt;0.000043
parcialmenteOrdenados;po10000.txt;0.000041
parcialmenteOrdenados;po10000.txt;0.000041
parcialmenteOrdenados;po10000.txt;0.000039
parcialmenteOrdenados;po10000.txt;0.000042
parcialmenteOrdenados;po15000.txt;0.000049
parcialmenteOrdenados;po15000.txt;0.000045
parcialmenteOrdenados;po15000.txt;0.000047
parcialmenteOrdenados;po15000.txt;0.000046
parcialmenteOrdenados;po15000.txt;0.000046
parcialmenteOrdenados;po15000.txt;0.000045
parcialmenteOrdenados;po15000.txt;0.000045
parcialmenteOrdenados;po15000.txt;0.000046
parcialmenteOrdenados;po15000.txt;0.000046
parcialmenteOrdenados;po15000.txt;0.000050
parcialmenteOrdenados;po15000.txt;0.000047
parcialmenteOrdenados;po15000.txt;0.000046
parcialmenteOrdenados;po15000.txt;0.000049
parcialmenteOrdenados;po15000.txt;0.000047
parcialmenteOrdenados;po15000.txt;0.000048
parcialmenteOrdenados;po15000.txt;0.000049
parcialmenteOrdenados;po15000.txt;0.000048
parcialmenteOrdenados;po15000.txt;0.000047
parcialmenteOrdenados;po15000.txt;0.000050
parcialmenteOrdenados;po15000.txt;0.000045
parcialmenteOrdenados;po15000.txt;0.000046
parcialmenteOrdenados;po15000.txt;0.000045
parcialmenteOrdenados;po15000.txt;0.000049
parcialmenteOrdenados;po15000.txt;0.000049
parcialmenteOrdenados;po15000.txt;0.000047
parcialmenteOrdenados;po15000.txt;0.000047
parcialmenteOrdenados;po15000.txt;0.000045
parcialmenteOrdenados;po15000.txt;0.000046
parcialmenteOrdenados;po15000.txt;0.000047
parcialmenteOrdenados;po15000.txt;0.000045
parcialmenteOrdenados;po30000.txt;0.000057
parcialmenteOrdenados;po30000.txt;0.000056
parcialmenteOrdenados;po30000.txt;0.000060
parcialmenteOrdenados;po30000.txt;0.000059
parcialmenteOrdenados;po30000.txt;0.000066
parcialmenteOrdenados;po30000.txt;0.000058
parcialmenteOrdenados;po30000.txt;0.000058
parcialmenteOrdenados;po30000.txt;0.000058
parcialmenteOrdenados;po30000.txt;0.000055
parcialmenteOrdenados;po30000.txt;0.000057
parcialmenteOrdenados;po30000.txt;0.000067
parcialmenteOrdenados;po30000.txt;0.000057
parcialmenteOrdenados;po30000.txt;0.000056
parcialmenteOrdenados;po30000.txt;0.000058
parcialmenteOrdenados;po30000.txt;0.000075
parcialmenteOrdenados;po30000.txt;0.000084
parcialmenteOrdenados;po30000.txt;0.000072
parcialmenteOrdenados;po30000.txt;0.000081
parcialmenteOrdenados;po30000.txt;0.000071
parcialmenteOrdenados;po30000.txt;0.000071
parcialmenteOrdenados;po30000.txt;0.000063
parcialmenteOrdenados;po30000.txt;0.000059
parcialmenteOrdenados;po30000.txt;0.000058
parcialmenteOrdenados;po30000.txt;0.000059
parcialmenteOrdenados;po30000.txt;0.000064
parcialmenteOrdenados;po30000.txt;0.000061
parcialmenteOrdenados;po30000.txt;0.000059
parcialmenteOrdenados;po30000.txt;0.000084
parcialmenteOrdenados;po30000.txt;0.000079
parcialmenteOrdenados;po30000.txt;0.000064
parcialmenteOrdenados;po50000.txt;0.000113
parcialmenteOrdenados;po50000.txt;0.000087
parcialmenteOrdenados;po50000.txt;0.000118
parcialmenteOrdenados;po50000.txt;0.000100
parcialmenteOrdenados;po50000.txt;0.000124
parcialmenteOrdenados;po50000.txt;0.000094
parcialmenteOrdenados;po50000.txt;0.000129
parcialmenteOrdenados;po50000.txt;0.000103
parcialmenteOrdenados;po50000.txt;0.000116
parcialmenteOrdenados;po50000.txt;0.000108
parcialmenteOrdenados;po50000.txt;0.000087
parcialmenteOrdenados;po50000.txt;0.000114
parcialmenteOrdenados;po50000.txt;0.000091
parcialmenteOrdenados;po50000.txt;0.000112
parcialmenteOrdenados;po50000.txt;0.000086
parcialmenteOrdenados;po50000.txt;0.000110
parcialmenteOrdenados;po50000.txt;0.000110
parcialmenteOrdenados;po50000.txt;0.000107
parcialmenteOrdenados;po50000.txt;0.000122
parcialmenteOrdenados;po50000.txt;0.000131
parcialmenteOrdenados;po50000.txt;0.000128
parcialmenteOrdenados;po50000.txt;0.000100
parcialmenteOrdenados;po50000.txt;0.000095
parcialmenteOrdenados;po50000.txt;0.000121
parcialmenteOrdenados;po50000.txt;0.000095
parcialmenteOrdenados;po50000.txt;0.000128
parcialmenteOrdenados;po50000.txt;0.000098
parcialmenteOrdenados;po50000.txt;0.000108
parcialmenteOrdenados;po50000.txt;0.000114
parcialmenteOrdenados;po50000.txt;0.000090
parcialmenteOrdenados;po100000.txt;0.000214
parcialmenteOrdenados;po100000.txt;0.000171
parcialmenteOrdenados;po100000.txt;0.000189
parcialmenteOrdenados;po100000.txt;0.000181
parcialmenteOrdenados;po100000.txt;0.000198
parcialmenteOrdenados;po100000.txt;0.000290
parcialmenteOrdenados;po100000.txt;0.000280
parcialmenteOrdenados;po100000.txt;0.000268
parcialmenteOrdenados;po100000.txt;0.000196
parcialmenteOrdenados;po100000.txt;0.000262
parcialmenteOrdenados;po100000.txt;0.000193
parcialmenteOrdenados;po100000.txt;0.000207
parcialmenteOrdenados;po100000.txt;0.000302
parcialmenteOrdenados;po100000.txt;0.000288
parcialmenteOrdenados;po100000.txt;0.000266
parcialmenteOrdenados;po100000.txt;0.000180
parcialmenteOrdenados;po100000.txt;0.000295
parcialmenteOrdenados;po100000.txt;0.000293
parcialmenteOrdenados;po100000.txt;0.000283
parcialmenteOrdenados;po100000.txt;0.000289
parcialmenteOrdenados;po100000.txt;0.000210
parcialmenteOrdenados;po100000.txt;0.000234
parcialmenteOrdenados;po100000.txt;0.000291
parcialmenteOrdenados;po100000.txt;0.000295
parcialmenteOrdenados;po100000.txt;0.000201
parcialmenteOrdenados;po100000.txt;0.000299
parcialmenteOrdenados;po100000.txt;0.000252
parcialmenteOrdenados;po100000.txt;0.000316
parcialmenteOrdenados;po100000.txt;0.000187
parcialmenteOrdenados;po100000.txt;0.000329
parcialmenteOrdenados;po200000.txt;0.000490
parcialmenteOrdenados;po200000.txt;0.000623
parcialmenteOrdenados;po200000.txt;0.000641
parcialmenteOrdenados;po200000.txt;0.000633
parcialmenteOrdenados;po200000.txt;0.000467
parcialmenteOrdenados;po200000.txt;0.000516
parcialmenteOrdenados;po200000.txt;0.000509
parcialmenteOrdenados;po200000.txt;0.000399
parcialmenteOrdenados;po200000.txt;0.000662
parcialmenteOrdenados;po200000.txt;0.000624
parcialmenteOrdenados;po200000.txt;0.000765
parcialmenteOrdenados;po200000.txt;0.000480
parcialmenteOrdenados;po200000.txt;0.000416
parcialmenteOrdenados;po200000.txt;0.000442
parcialmenteOrdenados;po200000.txt;0.000647
parcialmenteOrdenados;po200000.txt;0.000408
parcialmenteOrdenados;po200000.txt;0.000632
parcialmenteOrdenados;po200000.txt;0.000403
parcialmenteOrdenados;po200000.txt;0.000472
parcialmenteOrdenados;po200000.txt;0.000425
parcialmenteOrdenados;po200000.txt;0.000637
parcialmenteOrdenados;po200000.txt;0.000575
parcialmenteOrdenados;po200000.txt;0.000570
parcialmenteOrdenados;po200000.txt;0.000438
parcialmenteOrdenados;po200000.txt;0.000408
parcialmenteOrdenados;po200000.txt;0.000608
parcialmenteOrdenados;po200000.txt;0.000637
parcialmenteOrdenados;po200000.txt;0.000399
parcialmenteOrdenados;po200000.txt;0.000592
parcialmenteOrdenados;po200000.txt;0.000440
parcialmenteOrdenados;po500000.txt;0.001711
parcialmenteOrdenados;po500000.txt;0.001584
parcialmenteOrdenados;po500000.txt;0.001587
parcialmenteOrdenados;po500000.txt;0.001395
parcialmenteOrdenados;po500000.txt;0.001393
parcialmenteOrdenados;po500000.txt;0.001458
parcialmenteOrdenados;po500000.txt;0.001633
parcialmenteOrdenados;po500000.txt;0.001813
parcialmenteOrdenados;po500000.txt;0.001672
parcialmenteOrdenados;po500000.txt;0.001477
parcialmenteOrdenados;po500000.txt;0.001343
parcialmenteOrdenados;po500000.txt;0.001415
parcialmenteOrdenados;po500000.txt;0.001431
parcialmenteOrdenados;po500000.txt;0.001471
parcialmenteOrdenados;po500000.txt;0.001428
parcialmenteOrdenados;po500000.txt;0.001463
parcialmenteOrdenados;po500000.txt;0.001529
parcialmenteOrdenados;po500000.txt;0.001505
parcialmenteOrdenados;po500000.txt;0.001668
parcialmenteOrdenados;po500000.txt;0.001438
parcialmenteOrdenados;po500000.txt;0.001546
parcialmenteOrdenados;po500000.txt;0.001406
parcialmenteOrdenados;po500000.txt;0.001602
parcialmenteOrdenados;po500000.txt;0.001533
parcialmenteOrdenados;po500000.txt;0.001807
parcialmenteOrdenados;po500000.txt;0.002008
parcialmenteOrdenados;po500000.txt;0.002098
parcialmenteOrdenados;po500000.txt;0.001847
parcialmenteOrdenados;po500000.txt;0.002065
parcialmenteOrdenados;po500000.txt;0.002058
parcialmenteOrdenados;po1000000.txt;0.004030
parcialmenteOrdenados;po1000000.txt;0.004008
parcialmenteOrdenados;po1000000.txt;0.004360
parcialmenteOrdenados;po1000000.txt;0.003323
parcialmenteOrdenados;po1000000.txt;0.003224
parcialmenteOrdenados;po1000000.txt;0.003227
parcialmenteOrdenados;po1000000.txt;0.003566
parcialmenteOrdenados;po1000000.txt;0.004154
parcialmenteOrdenados;po1000000.txt;0.003682
parcialmenteOrdenados;po1000000.txt;0.003600
parcialmenteOrdenados;po1000000.txt;0.003657
parcialmenteOrdenados;po1000000.txt;0.003570
parcialmenteOrdenados;po1000000.txt;0.003559
parcialmenteOrdenados;po1000000.txt;0.003232
parcialmenteOrdenados;po1000000.txt;0.003235
parcialmenteOrdenados;po1000000.txt;0.003580
parcialmenteOrdenados;po1000000.txt;0.003225
parcialmenteOrdenados;po1000000.txt;0.003614
parcialmenteOrdenados;po1000000.txt;0.003220
parcialmenteOrdenados;po1000000.txt;0.003559
parcialmenteOrdenados;po1000000.txt;0.003291
parcialmenteOrdenados;po1000000.txt;0.003212
parcialmenteOrdenados;po1000000.txt;0.003235
parcialmenteOrdenados;po1000000.txt;0.003585
parcialmenteOrdenados;po1000000.txt;0.003634
parcialmenteOrdenados;po1000000.txt;0.003241
parcialmenteOrdenados;po1000000.txt;0.003608
parcialmenteOrdenados;po1000000.txt;0.003713
parcialmenteOrdenados;po1000000.txt;0.003217
parcialmenteOrdenados;po1000000.txt;0.003567
parcialmenteOrdenados;po1500000.txt;0.005403
parcialmenteOrdenados;po1500000.txt;0.005378
parcialmenteOrdenados;po1500000.txt;0.005782
parcialmenteOrdenados;po1500000.txt;0.005223
parcialmenteOrdenados;po1500000.txt;0.005434
parcialmenteOrdenados;po1500000.txt;0.005410
parcialmenteOrdenados;po1500000.txt;0.005232
parcialmenteOrdenados;po1500000.txt;0.005192
parcialmenteOrdenados;po1500000.txt;0.005113
parcialmenteOrdenados;po1500000.txt;0.005417
parcialmenteOrdenados;po1500000.txt;0.005410
parcialmenteOrdenados;po1500000.txt;0.005105
parcialmenteOrdenados;po1500000.txt;0.005093
parcialmenteOrdenados;po1500000.txt;0.006271
parcialmenteOrdenados;po1500000.txt;0.006294
parcialmenteOrdenados;po1500000.txt;0.006352
parcialmenteOrdenados;po1500000.txt;0.006649
parcialmenteOrdenados;po1500000.txt;0.005602
parcialmenteOrdenados;po1500000.txt;0.005155
parcialmenteOrdenados;po1500000.txt;0.005532
parcialmenteOrdenados;po1500000.txt;0.005189
parcialmenteOrdenados;po1500000.txt;0.005096
parcialmenteOrdenados;po1500000.txt;0.005162
parcialmenteOrdenados;po1500000.txt;0.005116
parcialmenteOrdenados;po1500000.txt;0.005145
parcialmenteOrdenados;po1500000.txt;0.005436
parcialmenteOrdenados;po1500000.txt;0.005222
parcialmenteOrdenados;po1500000.txt;0.005252
parcialmenteOrdenados;po1500000.txt;0.005233
parcialmenteOrdenados;po1500000.txt;0.005218
parcialmenteOrdenados;po2000000.txt;0.007084
parcialmenteOrdenados;po2000000.txt;0.007137
parcialmenteOrdenados;po2000000.txt;0.007159
parcialmenteOrdenados;po2000000.txt;0.007446
parcialmenteOrdenados;po2000000.txt;0.007142
parcialmenteOrdenados;po2000000.txt;0.007168
parcialmenteOrdenados;po2000000.txt;0.007185
parcialmenteOrdenados;po2000000.txt;0.007025
parcialmenteOrdenados;po2000000.txt;0.007073
parcialmenteOrdenados;po2000000.txt;0.007237
parcialmenteOrdenados;po2000000.txt;0.007280
parcialmenteOrdenados;po2000000.txt;0.007236
parcialmenteOrdenados;po2000000.txt;0.007195
parcialmenteOrdenados;po2000000.txt;0.007195
parcialmenteOrdenados;po2000000.txt;0.007305
parcialmenteOrdenados;po2000000.txt;0.008745
parcialmenteOrdenados;po2000000.txt;0.008826
parcialmenteOrdenados;po2000000.txt;0.008817
parcialmenteOrdenados;po2000000.txt;0.007204
parcialmenteOrdenados;po2000000.txt;0.007071
parcialmenteOrdenados;po2000000.txt;0.007238
parcialmenteOrdenados;po2000000.txt;0.007260
parcialmenteOrdenados;po2000000.txt;0.007265
parcialmenteOrdenados;po2000000.txt;0.007115
parcialmenteOrdenados;po2000000.txt;0.007244
parcialmenteOrdenados;po2000000.txt;0.007142
parcialmenteOrdenados;po2000000.txt;0.007261
parcialmenteOrdenados;po2000000.txt;0.007105
parcialmenteOrdenados;po2000000.txt;0.007377
parcialmenteOrdenados;po2000000.txt;0.007161
