ordenados;o100.txt;0.000011
ordenados;o100.txt;0.000011
ordenados;o100.txt;0.000012
ordenados;o100.txt;0.000011
ordenados;o100.txt;0.000011
ordenados;o100.txt;0.000011
ordenados;o100.txt;0.000014
ordenados;o100.txt;0.000012
ordenados;o100.txt;0.000012
ordenados;o100.txt;0.000011
ordenados;o100.txt;0.000011
ordenados;o100.txt;0.000016
ordenados;o100.txt;0.000011
ordenados;o100.txt;0.000014
ordenados;o100.txt;0.000012
ordenados;o100.txt;0.000012
ordenados;o100.txt;0.000012
ordenados;o100.txt;0.000011
ordenados;o100.txt;0.000013
ordenados;o100.txt;0.000012
ordenados;o100.txt;0.000012
ordenados;o100.txt;0.000016
ordenados;o100.txt;0.000014
ordenados;o100.txt;0.000014
ordenados;o100.txt;0.000012
ordenados;o100.txt;0.000015
ordenados;o100.txt;0.000014
ordenados;o100.txt;0.000012
ordenados;o100.txt;0.000012
ordenados;o100.txt;0.000015
ordenados;o200.txt;0.000013
ordenados;o200.txt;0.000013
ordenados;o200.txt;0.000019
ordenados;o200.txt;0.000013
ordenados;o200.txt;0.000016
ordenados;o200.txt;0.000013
ordenados;o200.txt;0.000013
ordenados;o200.txt;0.000013
ordenados;o200.txt;0.000012
ordenados;o200.txt;0.000017
ordenados;o200.txt;0.000013
ordenados;o200.txt;0.000013
ordenados;o200.txt;0.000016
ordenados;o200.txt;0.000013
ordenados;o200.txt;0.000013
ordenados;o200.txt;0.000014
ordenados;o200.txt;0.000016
ordenados;o200.txt;0.000015
ordenados;o200.txt;0.000013
ordenados;o200.txt;0.000013
ordenados;o200.txt;0.000016
ordenados;o200.txt;0.000013
ordenados;o200.txt;0.000015
ordenados;o200.txt;0.000013
ordenados;o200.txt;0.000013
ordenados;o200.txt;0.000014
ordenados;o200.txt;0.000013
ordenados;o200.txt;0.000013
ordenados;o200.txt;0.000015
ordenados;o200.txt;0.000016
ordenados;o500.txt;0.000020
ordenados;o500.txt;0.000018
ordenados;o500.txt;0.000018
ordenados;o500.txt;0.000020
ordenados;o500.txt;0.000022
ordenados;o500.txt;0.000021
ordenados;o500.txt;0.000017
ordenados;o500.txt;0.000018
ordenados;o500.txt;0.000020
ordenados;o500.txt;0.000020
ordenados;o500.txt;0.000017
ordenados;o500.txt;0.000018
ordenados;o500.txt;0.000023
ordenados;o500.txt;0.000018
ordenados;o500.txt;0.000024
ordenados;o500.txt;0.000017
ordenados;o500.txt;0.000018
ordenados;o500.txt;0.000020
ordenados;o500.txt;0.000022
ordenados;o500.txt;0.000020
ordenados;o500.txt;0.000020
ordenados;o500.txt;0.000018
ordenados;o500.txt;0.000020
ordenados;o500.txt;0.000017
ordenados;o500.txt;0.000018
ordenados;o500.txt;0.000018
ordenados;o500.txt;0.000018
ordenados;o500.txt;0.000020
ordenados;o500.txt;0.000021
ordenados;o500.txt;0.000020
ordenados;o1000.txt;0.000025
ordenados;o1000.txt;0.000024
ordenados;o1000.txt;0.000027
ordenados;o1000.txt;0.000028
ordenados;o1000.txt;0.000026
ordenados;o1000.txt;0.000024
ordenados;o1000.txt;0.000029
ordenados;o1000.txt;0.000027
ordenados;o1000.txt;0.000030
ordenados;o1000.txt;0.000025
ordenados;o1000.txt;0.000025
ordenados;o1000.txt;0.000027
ordenados;o1000.txt;0.000028
ordenados;o1000.txt;0.000028
ordenados;o1000.txt;0.000025
ordenados;o1000.txt;0.000027
ordenados;o1000.txt;0.000026
ordenados;o1000.txt;0.000027
ordenados;o1000.txt;0.000027
ordenados;o1000.txt;0.000026
ordenados;o1000.txt;0.000026
ordenados;o1000.txt;0.000025
ordenados;o1000.txt;0.000026
ordenados;o1000.txt;0.000025
ordenados;o1000.txt;0.000025
ordenados;o1000.txt;0.000027
ordenados;o1000.txt;0.000027
ordenados;o1000.txt;0.000029
ordenados;o1000.txt;0.000027
ordenados;o1000.txt;0.000026
ordenados;o2000.txt;0.000049
ordenados;o2000.txt;0.000624
ordenados;o2000.txt;0.000051
ordenados;o2000.txt;0.000586
ordenados;o2000.txt;0.000629
ordenados;o2000.txt;0.000045
ordenados;o2000.txt;0.000047
ordenados;o2000.txt;0.000052
ordenados;o2000.txt;0.000047
ordenados;o2000.txt;0.000048
ordenados;o2000.txt;0.000050
ordenados;o2000.txt;0.000050
ordenados;o2000.txt;0.000711
ordenados;o2000.txt;0.000050
ordenados;o2000.txt;0.000041
ordenados;o2000.txt;0.000046
ordenados;o2000.txt;0.000045
ordenados;o2000.txt;0.000044
ordenados;o2000.txt;0.000051
ordenados;o2000.txt;0.000046
ordenados;o2000.txt;0.000721
ordenados;o2000.txt;0.000044
ordenados;o2000.txt;0.000550
ordenados;o2000.txt;0.000589
ordenados;o2000.txt;0.000052
ordenados;o2000.txt;0.000040
ordenados;o2000.txt;0.000877
ordenados;o2000.txt;0.000056
ordenados;o2000.txt;0.000661
ordenados;o2000.txt;0.000050
ordenados;o5000.txt;0.000088
ordenados;o5000.txt;0.000086
ordenados;o5000.txt;0.000089
ordenados;o5000.txt;0.000085
ordenados;o5000.txt;0.000093
ordenados;o5000.txt;0.000089
ordenados;o5000.txt;0.000087
ordenados;o5000.txt;0.000109
ordenados;o5000.txt;0.000095
ordenados;o5000.txt;0.000087
ordenados;o5000.txt;0.000088
ordenados;o5000.txt;0.000094
ordenados;o5000.txt;0.000089
ordenados;o5000.txt;0.000088
ordenados;o5000.txt;0.000095
ordenados;o5000.txt;0.000090
ordenados;o5000.txt;0.000090
ordenados;o5000.txt;0.000090
ordenados;o5000.txt;0.000090
ordenados;o5000.txt;0.000086
ordenados;o5000.txt;0.000094
ordenados;o5000.txt;0.000087
ordenados;o5000.txt;0.000088
ordenados;o5000.txt;0.000096
ordenados;o5000.txt;0.000087
ordenados;o5000.txt;0.000090
ordenados;o5000.txt;0.000088
ordenados;o5000.txt;0.000084
ordenados;o5000.txt;0.000082
ordenados;o5000.txt;0.000092
ordenados;o7500.txt;0.000130
ordenados;o7500.txt;0.000138
ordenados;o7500.txt;0.000124
ordenados;o7500.txt;0.000128
ordenados;o7500.txt;0.000125
ordenados;o7500.txt;0.000126
ordenados;o7500.txt;0.000128
ordenados;o7500.txt;0.000130
ordenados;o7500.txt;0.000129
ordenados;o7500.txt;0.000130
ordenados;o7500.txt;0.000123
ordenados;o7500.txt;0.000126
ordenados;o7500.txt;0.000124
ordenados;o7500.txt;0.000124
ordenados;o7500.txt;0.000138
ordenados;o7500.txt;0.000127
ordenados;o7500.txt;0.000126
ordenados;o7500.txt;0.000127
ordenados;o7500.txt;0.000125
ordenados;o7500.txt;0.000128
ordenados;o7500.txt;0.000125
ordenados;o7500.txt;0.000123
ordenados;o7500.txt;0.000129
ordenados;o7500.txt;0.000128
ordenados;o7500.txt;0.000130
ordenados;o7500.txt;0.000127
ordenados;o7500.txt;0.000135
ordenados;o7500.txt;0.000131
ordenados;o7500.txt;0.000127
ordenados;o7500.txt;0.000128
ordenados;o10000.txt;0.000189
ordenados;o10000.txt;0.000179
ordenados;o10000.txt;0.000218
ordenados;o10000.txt;0.000199
ordenados;o10000.txt;0.000190
ordenados;o10000.txt;0.000198
ordenados;o10000.txt;0.000183
ordenados;o10000.txt;0.000174
ordenados;o10000.txt;0.000188
ordenados;o10000.txt;0.000184
ordenados;o10000.txt;0.000186
ordenados;o10000.txt;0.000193
ordenados;o10000.txt;0.000187
ordenados;o10000.txt;0.000188
ordenados;o10000.txt;0.000188
ordenados;o10000.txt;0.000180
ordenados;o10000.txt;0.000174
ordenados;o10000.txt;0.000194
ordenados;o10000.txt;0.000183
ordenados;o10000.txt;0.000195
ordenados;o10000.txt;0.000195
ordenados;o10000.txt;0.000188
ordenados;o10000.txt;0.000190
ordenados;o10000.txt;0.000174
ordenados;o10000.txt;0.000196
ordenados;o10000.txt;0.000190
ordenados;o10000.txt;0.000186
ordenados;o10000.txt;0.000187
ordenados;o10000.txt;0.000192
ordenados;o10000.txt;0.000183
ordenados;o15000.txt;0.000287
ordenados;o15000.txt;0.000281
ordenados;o15000.txt;0.000278
ordenados;o15000.txt;0.000278
ordenados;o15000.txt;0.000254
ordenados;o15000.txt;0.000266
ordenados;o15000.txt;0.000268
ordenados;o15000.txt;0.000275
ordenados;o15000.txt;0.000272
ordenados;o15000.txt;0.000277
ordenados;o15000.txt;0.000286
ordenados;o15000.txt;0.000301
ordenados;o15000.txt;0.000292
ordenados;o15000.txt;0.000265
ordenados;o15000.txt;0.000293
ordenados;o15000.txt;0.000281
ordenados;o15000.txt;0.000273
ordenados;o15000.txt;0.000288
ordenados;o15000.txt;0.000294
ordenados;o15000.txt;0.000276
ordenados;o15000.txt;0.000284
ordenados;o15000.txt;0.000264
ordenados;o15000.txt;0.000273
ordenados;o15000.txt;0.000273
ordenados;o15000.txt;0.000288
ordenados;o15000.txt;0.000266
ordenados;o15000.txt;0.000258
ordenados;o15000.txt;0.000276
ordenados;o15000.txt;0.000271
ordenados;o15000.txt;0.000277
ordenados;o30000.txt;0.000561
ordenados;o30000.txt;0.000549
ordenados;o30000.txt;0.000556
ordenados;o30000.txt;0.000565
ordenados;o30000.txt;0.000587
ordenados;o30000.txt;0.000551
ordenados;o30000.txt;0.000553
ordenados;o30000.txt;0.000555
ordenados;o30000.txt;0.000569
ordenados;o30000.txt;0.000629
ordenados;o30000.txt;0.000552
ordenados;o30000.txt;0.000526
ordenados;o30000.txt;0.000568
ordenados;o30000.txt;0.000574
ordenados;o30000.txt;0.000583
ordenados;o30000.txt;0.000574
ordenados;o30000.txt;0.000564
ordenados;o30000.txt;0.000555
ordenados;o30000.txt;0.000567
ordenados;o30000.txt;0.000535
ordenados;o30000.txt;0.000549
ordenados;o30000.txt;0.000548
ordenados;o30000.txt;0.000562
ordenados;o30000.txt;0.000584
ordenados;o30000.txt;0.000559
ordenados;o30000.txt;0.000559
ordenados;o30000.txt;0.000581
ordenados;o30000.txt;0.000540
ordenados;o30000.txt;0.000563
ordenados;o30000.txt;0.000548
ordenados;o50000.txt;0.000926
ordenados;o50000.txt;0.000901
ordenados;o50000.txt;0.001047
ordenados;o50000.txt;0.000891
ordenados;o50000.txt;0.000907
ordenados;o50000.txt;0.000886
ordenados;o50000.txt;0.001000
ordenados;o50000.txt;0.001067
ordenados;o50000.txt;0.001033
ordenados;o50000.txt;0.000979
ordenados;o50000.txt;0.000882
ordenados;o50000.txt;0.000902
ordenados;o50000.txt;0.000928
ordenados;o50000.txt;0.000888
ordenados;o50000.txt;0.000931
ordenados;o50000.txt;0.000924
ordenados;o50000.txt;0.001136
ordenados;o50000.txt;0.000923
ordenados;o50000.txt;0.000888
ordenados;o50000.txt;0.000949
ordenados;o50000.txt;0.000915
ordenados;o50000.txt;0.000899
ordenados;o50000.txt;0.000900
ordenados;o50000.txt;0.000956
ordenados;o50000.txt;0.000887
ordenados;o50000.txt;0.000937
ordenados;o50000.txt;0.001003
ordenados;o50000.txt;0.000899
ordenados;o50000.txt;0.000904
ordenados;o50000.txt;0.000982
ordenados;o75000.txt;0.001318
ordenados;o75000.txt;0.001328
ordenados;o75000.txt;0.001342
ordenados;o75000.txt;0.001315
ordenados;o75000.txt;0.001357
ordenados;o75000.txt;0.001304
ordenados;o75000.txt;0.001313
ordenados;o75000.txt;0.001280
ordenados;o75000.txt;0.001358
ordenados;o75000.txt;0.001343
ordenados;o75000.txt;0.001320
ordenados;o75000.txt;0.001379
ordenados;o75000.txt;0.001305
ordenados;o75000.txt;0.001399
ordenados;o75000.txt;0.001296
ordenados;o75000.txt;0.001310
ordenados;o75000.txt;0.001393
ordenados;o75000.txt;0.001417
ordenados;o75000.txt;0.001313
ordenados;o75000.txt;0.001363
ordenados;o75000.txt;0.001405
ordenados;o75000.txt;0.001344
ordenados;o75000.txt;0.001300
ordenados;o75000.txt;0.001505
ordenados;o75000.txt;0.001290
ordenados;o75000.txt;0.001271
ordenados;o75000.txt;0.001344
ordenados;o75000.txt;0.001321
ordenados;o75000.txt;0.001299
ordenados;o75000.txt;0.001299
ordenados;o100000.txt;0.001663
ordenados;o100000.txt;0.001612
ordenados;o100000.txt;0.001678
ordenados;o100000.txt;0.001650
ordenados;o100000.txt;0.001560
ordenados;o100000.txt;0.001719
ordenados;o100000.txt;0.001744
ordenados;o100000.txt;0.001813
ordenados;o100000.txt;0.001641
ordenados;o100000.txt;0.001644
ordenados;o100000.txt;0.001577
ordenados;o100000.txt;0.001581
ordenados;o100000.txt;0.001600
ordenados;o100000.txt;0.001584
ordenados;o100000.txt;0.001768
ordenados;o100000.txt;0.001813
ordenados;o100000.txt;0.001613
ordenados;o100000.txt;0.001554
ordenados;o100000.txt;0.001568
ordenados;o100000.txt;0.001574
ordenados;o100000.txt;0.002505
ordenados;o100000.txt;0.001664
ordenados;o100000.txt;0.001602
ordenados;o100000.txt;0.001686
ordenados;o100000.txt;0.001581
ordenados;o100000.txt;0.001588
ordenados;o100000.txt;0.001648
ordenados;o100000.txt;0.001598
ordenados;o100000.txt;0.001591
ordenados;o100000.txt;0.001576
ordenados;o200000.txt;0.002990
ordenados;o200000.txt;0.002971
ordenados;o200000.txt;0.002864
ordenados;o200000.txt;0.003043
ordenados;o200000.txt;0.003058
ordenados;o200000.txt;0.002823
ordenados;o200000.txt;0.002967
ordenados;o200000.txt;0.002913
ordenados;o200000.txt;0.002873
ordenados;o200000.txt;0.003007
ordenados;o200000.txt;0.002872
ordenados;o200000.txt;0.003056
ordenados;o200000.txt;0.002953
ordenados;o200000.txt;0.002834
ordenados;o200000.txt;0.002829
ordenados;o200000.txt;0.002912
ordenados;o200000.txt;0.003183
ordenados;o200000.txt;0.003039
ordenados;o200000.txt;0.002960
ordenados;o200000.txt;0.002988
ordenados;o200000.txt;0.003043
ordenados;o200000.txt;0.003166
ordenados;o200000.txt;0.003285
ordenados;o200000.txt;0.003022
ordenados;o200000.txt;0.003052
ordenados;o200000.txt;0.003036
ordenados;o200000.txt;0.003035
ordenados;o200000.txt;0.003048
ordenados;o200000.txt;0.003031
ordenados;o200000.txt;0.002900
ordenados;o500000.txt;0.006397
ordenados;o500000.txt;0.006542
ordenados;o500000.txt;0.006366
ordenados;o500000.txt;0.006437
ordenados;o500000.txt;0.006900
ordenados;o500000.txt;0.006476
ordenados;o500000.txt;0.006452
ordenados;o500000.txt;0.006815
ordenados;o500000.txt;0.006727
ordenados;o500000.txt;0.006866
ordenados;o500000.txt;0.006793
ordenados;o500000.txt;0.006619
ordenados;o500000.txt;0.006577
ordenados;o500000.txt;0.006532
ordenados;o500000.txt;0.006634
ordenados;o500000.txt;0.006131
ordenados;o500000.txt;0.006820
ordenados;o500000.txt;0.006751
ordenados;o500000.txt;0.006366
ordenados;o500000.txt;0.006846
ordenados;o500000.txt;0.006841
ordenados;o500000.txt;0.006466
ordenados;o500000.txt;0.006931
ordenados;o500000.txt;0.006564
ordenados;o500000.txt;0.006825
ordenados;o500000.txt;0.007433
ordenados;o500000.txt;0.006820
ordenados;o500000.txt;0.007458
ordenados;o500000.txt;0.006766
ordenados;o500000.txt;0.006888
ordenados;o750000.txt;0.010309
ordenados;o750000.txt;0.009462
ordenados;o750000.txt;0.009570
ordenados;o750000.txt;0.009882
ordenados;o750000.txt;0.009582
ordenados;o750000.txt;0.009300
ordenados;o750000.txt;0.009424
ordenados;o750000.txt;0.009851
ordenados;o750000.txt;0.009507
ordenados;o750000.txt;0.009173
ordenados;o750000.txt;0.009439
ordenados;o750000.txt;0.009631
ordenados;o750000.txt;0.008895
ordenados;o750000.txt;0.009250
ordenados;o750000.txt;0.009176
ordenados;o750000.txt;0.009803
ordenados;o750000.txt;0.009599
ordenados;o750000.txt;0.009667
ordenados;o750000.txt;0.009522
ordenados;o750000.txt;0.009556
ordenados;o750000.txt;0.009759
ordenados;o750000.txt;0.009305
ordenados;o750000.txt;0.009362
ordenados;o750000.txt;0.012605
ordenados;o750000.txt;0.009850
ordenados;o750000.txt;0.010226
ordenados;o750000.txt;0.009361
ordenados;o750000.txt;0.009486
ordenados;o750000.txt;0.009710
ordenados;o750000.txt;0.010143
ordenados;o1000000.txt;0.012629
ordenados;o1000000.txt;0.012421
ordenados;o1000000.txt;0.013027
ordenados;o1000000.txt;0.013276
ordenados;o1000000.txt;0.013100
ordenados;o1000000.txt;0.012496
ordenados;o1000000.txt;0.012912
ordenados;o1000000.txt;0.012717
ordenados;o1000000.txt;0.012973
ordenados;o1000000.txt;0.012355
ordenados;o1000000.txt;0.012829
ordenados;o1000000.txt;0.012581
ordenados;o1000000.txt;0.012553
ordenados;o1000000.txt;0.012407
ordenados;o1000000.txt;0.012399
ordenados;o1000000.txt;0.012899
ordenados;o1000000.txt;0.012532
ordenados;o1000000.txt;0.013057
ordenados;o1000000.txt;0.012084
ordenados;o1000000.txt;0.012729
ordenados;o1000000.txt;0.013238
ordenados;o1000000.txt;0.012034
ordenados;o1000000.txt;0.012744
ordenados;o1000000.txt;0.011961
ordenados;o1000000.txt;0.012917
ordenados;o1000000.txt;0.012559
ordenados;o1000000.txt;0.012701
ordenados;o1000000.txt;0.012883
ordenados;o1000000.txt;0.011898
ordenados;o1000000.txt;0.012214
ordenados;o1250000.txt;0.015811
ordenados;o1250000.txt;0.015891
ordenados;o1250000.txt;0.015902
ordenados;o1250000.txt;0.015190
ordenados;o1250000.txt;0.015347
ordenados;o1250000.txt;0.016258
ordenados;o1250000.txt;0.015426
ordenados;o1250000.txt;0.015906
ordenados;o1250000.txt;0.014971
ordenados;o1250000.txt;0.016511
ordenados;o1250000.txt;0.015606
ordenados;o1250000.txt;0.016399
ordenados;o1250000.txt;0.015809
ordenados;o1250000.txt;0.015870
ordenados;o1250000.txt;0.014772
ordenados;o1250000.txt;0.016094
ordenados;o1250000.txt;0.015680
ordenados;o1250000.txt;0.016787
ordenados;o1250000.txt;0.015206
ordenados;o1250000.txt;0.015662
ordenados;o1250000.txt;0.014814
ordenados;o1250000.txt;0.014898
ordenados;o1250000.txt;0.016789
ordenados;o1250000.txt;0.016564
ordenados;o1250000.txt;0.015512
ordenados;o1250000.txt;0.015456
ordenados;o1250000.txt;0.016850
ordenados;o1250000.txt;0.015270
ordenados;o1250000.txt;0.016047
ordenados;o1250000.txt;0.015482
ordenados;o1500000.txt;0.018930
ordenados;o1500000.txt;0.018964
ordenados;o1500000.txt;0.018549
ordenados;o1500000.txt;0.018814
ordenados;o1500000.txt;0.018738
ordenados;o1500000.txt;0.018134
ordenados;o1500000.txt;0.018429
ordenados;o1500000.txt;0.019552
ordenados;o1500000.txt;0.019249
ordenados;o1500000.txt;0.018045
ordenados;o1500000.txt;0.018713
ordenados;o1500000.txt;0.018100
ordenados;o1500000.txt;0.019050
ordenados;o1500000.txt;0.018232
ordenados;o1500000.txt;0.018874
ordenados;o1500000.txt;0.018328
ordenados;o1500000.txt;0.018379
ordenados;o1500000.txt;0.018338
ordenados;o1500000.txt;0.018400
ordenados;o1500000.txt;0.018664
ordenados;o1500000.txt;0.018673
ordenados;o1500000.txt;0.018060
ordenados;o1500000.txt;0.017887
ordenados;o1500000.txt;0.018415
ordenados;o1500000.txt;0.018610
ordenados;o1500000.txt;0.018346
ordenados;o1500000.txt;0.017964
ordenados;o1500000.txt;0.018975
ordenados;o1500000.txt;0.018122
ordenados;o1500000.txt;0.017687
ordenados;o2000000.txt;0.024085
ordenados;o2000000.txt;0.024893
ordenados;o2000000.txt;0.025070
ordenados;o2000000.txt;0.026045
ordenados;o2000000.txt;0.024963
ordenados;o2000000.txt;0.024751
ordenados;o2000000.txt;0.025537
ordenados;o2000000.txt;0.024955
ordenados;o2000000.txt;0.024219
ordenados;o2000000.txt;0.024283
ordenados;o2000000.txt;0.025114
ordenados;o2000000.txt;0.025824
ordenados;o2000000.txt;0.023685
ordenados;o2000000.txt;0.023987
ordenados;o2000000.txt;0.024082
ordenados;o2000000.txt;0.025135
ordenados;o2000000.txt;0.023982
ordenados;o2000000.txt;0.025354
ordenados;o2000000.txt;0.025251
ordenados;o2000000.txt;0.024198
ordenados;o2000000.txt;0.024404
ordenados;o2000000.txt;0.022893
ordenados;o2000000.txt;0.025506
ordenados;o2000000.txt;0.023265
ordenados;o2000000.txt;0.024719
ordenados;o2000000.txt;0.023940
ordenados;o2000000.txt;0.024709
ordenados;o2000000.txt;0.025333
ordenados;o2000000.txt;0.023673
ordenados;o2000000.txt;0.024035
