ordenados;o100.txt;0.000003
ordenados;o100.txt;0.000003
ordenados;o100.txt;0.000003
ordenados;o100.txt;0.000003
ordenados;o100.txt;0.000003
ordenados;o100.txt;0.000003
ordenados;o100.txt;0.000003
ordenados;o100.txt;0.000003
ordenados;o100.txt;0.000003
ordenados;o100.txt;0.000002
ordenados;o100.txt;0.000003
ordenados;o100.txt;0.000003
ordenados;o100.txt;0.000002
ordenados;o100.txt;0.000002
ordenados;o100.txt;0.000004
ordenados;o100.txt;0.000004
ordenados;o100.txt;0.000003
ordenados;o100.txt;0.000004
ordenados;o100.txt;0.000004
ordenados;o100.txt;0.000004
ordenados;o100.txt;0.000004
ordenados;o100.txt;0.000004
ordenados;o100.txt;0.000005
ordenados;o100.txt;0.000006
ordenados;o100.txt;0.000007
ordenados;o100.txt;0.000007
ordenados;o100.txt;0.000006
ordenados;o100.txt;0.000007
ordenados;o100.txt;0.000008
ordenados;o100.txt;0.000007
ordenados;o200.txt;0.000012
ordenados;o200.txt;0.000011
ordenados;o200.txt;0.000012
ordenados;o200.txt;0.000011
ordenados;o200.txt;0.000012
ordenados;o200.txt;0.000012
ordenados;o200.txt;0.000012
ordenados;o200.txt;0.000012
ordenados;o200.txt;0.000012
ordenados;o200.txt;0.000012
ordenados;o200.txt;0.000040
ordenados;o200.txt;0.000012
ordenados;o200.txt;0.000023
ordenados;o200.txt;0.000011
ordenados;o200.txt;0.000012
ordenados;o200.txt;0.000011
ordenados;o200.txt;0.000013
ordenados;o200.txt;0.000013
ordenados;o200.txt;0.000011
ordenados;o200.txt;0.000011
ordenados;o200.txt;0.000012
ordenados;o200.txt;0.000012
ordenados;o200.txt;0.000012
ordenados;o200.txt;0.000012
ordenados;o200.txt;0.000012
ordenados;o200.txt;0.000011
ordenados;o200.txt;0.000011
ordenados;o200.txt;0.000012
ordenados;o200.txt;0.000011
ordenados;o200.txt;0.000011
ordenados;o500.txt;0.000023
ordenados;o500.txt;0.000029
ordenados;o500.txt;0.000029
ordenados;o500.txt;0.000029
ordenados;o500.txt;0.000029
ordenados;o500.txt;0.000029
ordenados;o500.txt;0.000029
ordenados;o500.txt;0.000029
ordenados;o500.txt;0.000028
ordenados;o500.txt;0.000029
ordenados;o500.txt;0.000030
ordenados;o500.txt;0.000023
ordenados;o500.txt;0.000029
ordenados;o500.txt;0.000028
ordenados;o500.txt;0.000029
ordenados;o500.txt;0.000023
ordenados;o500.txt;0.000029
ordenados;o500.txt;0.000029
ordenados;o500.txt;0.000029
ordenados;o500.txt;0.000029
ordenados;o500.txt;0.000030
ordenados;o500.txt;0.000029
ordenados;o500.txt;0.000029
ordenados;o500.txt;0.000023
ordenados;o500.txt;0.000029
ordenados;o500.txt;0.000029
ordenados;o500.txt;0.000028
ordenados;o500.txt;0.000038
ordenados;o500.txt;0.000023
ordenados;o500.txt;0.000029
ordenados;o1000.txt;0.000059
ordenados;o1000.txt;0.000057
ordenados;o1000.txt;0.000058
ordenados;o1000.txt;0.000054
ordenados;o1000.txt;0.000058
ordenados;o1000.txt;0.000092
ordenados;o1000.txt;0.000058
ordenados;o1000.txt;0.000044
ordenados;o1000.txt;0.000058
ordenados;o1000.txt;0.000059
ordenados;o1000.txt;0.000045
ordenados;o1000.txt;0.000058
ordenados;o1000.txt;0.000056
ordenados;o1000.txt;0.000057
ordenados;o1000.txt;0.000044
ordenados;o1000.txt;0.000058
ordenados;o1000.txt;0.000056
ordenados;o1000.txt;0.000058
ordenados;o1000.txt;0.000058
ordenados;o1000.txt;0.000054
ordenados;o1000.txt;0.000058
ordenados;o1000.txt;0.000058
ordenados;o1000.txt;0.000042
ordenados;o1000.txt;0.000065
ordenados;o1000.txt;0.000058
ordenados;o1000.txt;0.000045
ordenados;o1000.txt;0.000057
ordenados;o1000.txt;0.000057
ordenados;o1000.txt;0.000060
ordenados;o1000.txt;0.000045
ordenados;o2000.txt;0.000118
ordenados;o2000.txt;0.000097
ordenados;o2000.txt;0.000124
ordenados;o2000.txt;0.000124
ordenados;o2000.txt;0.000123
ordenados;o2000.txt;0.000092
ordenados;o2000.txt;0.000140
ordenados;o2000.txt;0.000124
ordenados;o2000.txt;0.000122
ordenados;o2000.txt;0.000093
ordenados;o2000.txt;0.000098
ordenados;o2000.txt;0.000116
ordenados;o2000.txt;0.000086
ordenados;o2000.txt;0.000115
ordenados;o2000.txt;0.000091
ordenados;o2000.txt;0.000122
ordenados;o2000.txt;0.000125
ordenados;o2000.txt;0.000124
ordenados;o2000.txt;0.000115
ordenados;o2000.txt;0.000108
ordenados;o2000.txt;0.000124
ordenados;o2000.txt;0.000123
ordenados;o2000.txt;0.000117
ordenados;o2000.txt;0.000092
ordenados;o2000.txt;0.000108
ordenados;o2000.txt;0.000101
ordenados;o2000.txt;0.000086
ordenados;o2000.txt;0.000116
ordenados;o2000.txt;0.000125
ordenados;o2000.txt;0.000124
ordenados;o5000.txt;0.000322
ordenados;o5000.txt;0.000316
ordenados;o5000.txt;0.000274
ordenados;o5000.txt;0.000316
ordenados;o5000.txt;0.000221
ordenados;o5000.txt;0.000305
ordenados;o5000.txt;0.000236
ordenados;o5000.txt;0.000236
ordenados;o5000.txt;0.000301
ordenados;o5000.txt;0.000297
ordenados;o5000.txt;0.000295
ordenados;o5000.txt;0.000296
ordenados;o5000.txt;0.000295
ordenados;o5000.txt;0.000304
ordenados;o5000.txt;0.000294
ordenados;o5000.txt;0.000246
ordenados;o5000.txt;0.000303
ordenados;o5000.txt;0.000244
ordenados;o5000.txt;0.000296
ordenados;o5000.txt;0.000273
ordenados;o5000.txt;0.000295
ordenados;o5000.txt;0.000305
ordenados;o5000.txt;0.000274
ordenados;o5000.txt;0.000279
ordenados;o5000.txt;0.000223
ordenados;o5000.txt;0.000277
ordenados;o5000.txt;0.000287
ordenados;o5000.txt;0.000317
ordenados;o5000.txt;0.000238
ordenados;o5000.txt;0.000312
ordenados;o7500.txt;0.000502
ordenados;o7500.txt;0.000510
ordenados;o7500.txt;0.000462
ordenados;o7500.txt;0.000371
ordenados;o7500.txt;0.000376
ordenados;o7500.txt;0.000469
ordenados;o7500.txt;0.000344
ordenados;o7500.txt;0.000372
ordenados;o7500.txt;0.000489
ordenados;o7500.txt;0.000499
ordenados;o7500.txt;0.000521
ordenados;o7500.txt;0.000468
ordenados;o7500.txt;0.000351
ordenados;o7500.txt;0.000445
ordenados;o7500.txt;0.000464
ordenados;o7500.txt;0.000500
ordenados;o7500.txt;0.000479
ordenados;o7500.txt;0.000470
ordenados;o7500.txt;0.000501
ordenados;o7500.txt;0.000472
ordenados;o7500.txt;0.000451
ordenados;o7500.txt;0.000479
ordenados;o7500.txt;0.000512
ordenados;o7500.txt;0.000369
ordenados;o7500.txt;0.000504
ordenados;o7500.txt;0.000530
ordenados;o7500.txt;0.000503
ordenados;o7500.txt;0.000475
ordenados;o7500.txt;0.000380
ordenados;o7500.txt;0.000404
ordenados;o10000.txt;0.000448
ordenados;o10000.txt;0.000670
ordenados;o10000.txt;0.000677
ordenados;o10000.txt;0.000663
ordenados;o10000.txt;0.000681
ordenados;o10000.txt;0.000698
ordenados;o10000.txt;0.000505
ordenados;o10000.txt;0.000680
ordenados;o10000.txt;0.000638
ordenados;o10000.txt;0.000680
ordenados;o10000.txt;0.000674
ordenados;o10000.txt;0.000514
ordenados;o10000.txt;0.000506
ordenados;o10000.txt;0.000504
ordenados;o10000.txt;0.000633
ordenados;o10000.txt;0.000675
ordenados;o10000.txt;0.000597
ordenados;o10000.txt;0.000674
ordenados;o10000.txt;0.000638
ordenados;o10000.txt;0.000505
ordenados;o10000.txt;0.000504
ordenados;o10000.txt;0.000645
ordenados;o10000.txt;0.000681
ordenados;o10000.txt;0.000635
ordenados;o10000.txt;0.000673
ordenados;o10000.txt;0.000637
ordenados;o10000.txt;0.000505
ordenados;o10000.txt;0.000504
ordenados;o10000.txt;0.000642
ordenados;o10000.txt;0.000676
ordenados;o15000.txt;0.000999
ordenados;o15000.txt;0.000998
ordenados;o15000.txt;0.000785
ordenados;o15000.txt;0.000996
ordenados;o15000.txt;0.001102
ordenados;o15000.txt;0.001030
ordenados;o15000.txt;0.000771
ordenados;o15000.txt;0.000798
ordenados;o15000.txt;0.000783
ordenados;o15000.txt;0.001057
ordenados;o15000.txt;0.001005
ordenados;o15000.txt;0.000858
ordenados;o15000.txt;0.000789
ordenados;o15000.txt;0.000789
ordenados;o15000.txt;0.001058
ordenados;o15000.txt;0.001068
ordenados;o15000.txt;0.000781
ordenados;o15000.txt;0.000784
ordenados;o15000.txt;0.001000
ordenados;o15000.txt;0.001051
ordenados;o15000.txt;0.000991
ordenados;o15000.txt;0.000781
ordenados;o15000.txt;0.000783
ordenados;o15000.txt;0.000776
ordenados;o15000.txt;0.001063
ordenados;o15000.txt;0.001003
ordenados;o15000.txt;0.000793
ordenados;o15000.txt;0.000786
ordenados;o15000.txt;0.000783
ordenados;o15000.txt;0.001050
ordenados;o30000.txt;0.002102
ordenados;o30000.txt;0.001650
ordenados;o30000.txt;0.002108
ordenados;o30000.txt;0.002100
ordenados;o30000.txt;0.001661
ordenados;o30000.txt;0.001609
ordenados;o30000.txt;0.002101
ordenados;o30000.txt;0.001543
ordenados;o30000.txt;0.001944
ordenados;o30000.txt;0.002082
ordenados;o30000.txt;0.001891
ordenados;o30000.txt;0.001938
ordenados;o30000.txt;0.002043
ordenados;o30000.txt;0.002086
ordenados;o30000.txt;0.002140
ordenados;o30000.txt;0.001960
ordenados;o30000.txt;0.001518
ordenados;o30000.txt;0.001706
ordenados;o30000.txt;0.001559
ordenados;o30000.txt;0.002041
ordenados;o30000.txt;0.001577
ordenados;o30000.txt;0.002134
ordenados;o30000.txt;0.002106
ordenados;o30000.txt;0.001198
ordenados;o30000.txt;0.002103
ordenados;o30000.txt;0.002150
ordenados;o30000.txt;0.002106
ordenados;o30000.txt;0.002095
ordenados;o30000.txt;0.002199
ordenados;o30000.txt;0.002136
ordenados;o50000.txt;0.003691
ordenados;o50000.txt;0.003696
ordenados;o50000.txt;0.003691
ordenados;o50000.txt;0.002800
ordenados;o50000.txt;0.003435
ordenados;o50000.txt;0.003373
ordenados;o50000.txt;0.003498
ordenados;o50000.txt;0.003225
ordenados;o50000.txt;0.003187
ordenados;o50000.txt;0.002717
ordenados;o50000.txt;0.003133
ordenados;o50000.txt;0.003381
ordenados;o50000.txt;0.003421
ordenados;o50000.txt;0.003420
ordenados;o50000.txt;0.002575
ordenados;o50000.txt;0.003336
ordenados;o50000.txt;0.002454
ordenados;o50000.txt;0.001246
ordenados;o50000.txt;0.001485
ordenados;o50000.txt;0.001192
ordenados;o50000.txt;0.001606
ordenados;o50000.txt;0.001264
ordenados;o50000.txt;0.001020
ordenados;o50000.txt;0.001835
ordenados;o50000.txt;0.002653
ordenados;o50000.txt;0.002559
ordenados;o50000.txt;0.003383
ordenados;o50000.txt;0.002636
ordenados;o50000.txt;0.002252
ordenados;o50000.txt;0.003374
ordenados;o75000.txt;0.005258
ordenados;o75000.txt;0.001552
ordenados;o75000.txt;0.002493
ordenados;o75000.txt;0.004460
ordenados;o75000.txt;0.003846
ordenados;o75000.txt;0.003201
ordenados;o75000.txt;0.001942
ordenados;o75000.txt;0.005181
ordenados;o75000.txt;0.005203
ordenados;o75000.txt;0.002465
ordenados;o75000.txt;0.004174
ordenados;o75000.txt;0.003610
ordenados;o75000.txt;0.004952
ordenados;o75000.txt;0.004797
ordenados;o75000.txt;0.001552
ordenados;o75000.txt;0.002375
ordenados;o75000.txt;0.004759
ordenados;o75000.txt;0.003272
ordenados;o75000.txt;0.004886
ordenados;o75000.txt;0.003225
ordenados;o75000.txt;0.003618
ordenados;o75000.txt;0.003728
ordenados;o75000.txt;0.003646
ordenados;o75000.txt;0.003901
ordenados;o75000.txt;0.003549
ordenados;o75000.txt;0.003838
ordenados;o75000.txt;0.003425
ordenados;o75000.txt;0.004074
ordenados;o75000.txt;0.003166
ordenados;o75000.txt;0.003961
ordenados;o100000.txt;0.003379
ordenados;o100000.txt;0.005790
ordenados;o100000.txt;0.002135
ordenados;o100000.txt;0.002155
ordenados;o100000.txt;0.007741
ordenados;o100000.txt;0.005959
ordenados;o100000.txt;0.002447
ordenados;o100000.txt;0.007212
ordenados;o100000.txt;0.005025
ordenados;o100000.txt;0.004217
ordenados;o100000.txt;0.002594
ordenados;o100000.txt;0.002184
ordenados;o100000.txt;0.002139
ordenados;o100000.txt;0.002138
ordenados;o100000.txt;0.002727
ordenados;o100000.txt;0.002194
ordenados;o100000.txt;0.002244
ordenados;o100000.txt;0.002428
ordenados;o100000.txt;0.002209
ordenados;o100000.txt;0.002627
ordenados;o100000.txt;0.002773
ordenados;o100000.txt;0.003251
ordenados;o100000.txt;0.002911
ordenados;o100000.txt;0.004832
ordenados;o100000.txt;0.002972
ordenados;o100000.txt;0.004978
ordenados;o100000.txt;0.006486
ordenados;o100000.txt;0.002648
ordenados;o100000.txt;0.004772
ordenados;o100000.txt;0.003074
ordenados;o200000.txt;0.009009
ordenados;o200000.txt;0.005577
ordenados;o200000.txt;0.007763
ordenados;o200000.txt;0.008243
ordenados;o200000.txt;0.007810
ordenados;o200000.txt;0.004454
ordenados;o200000.txt;0.004992
ordenados;o200000.txt;0.004450
ordenados;o200000.txt;0.004500
ordenados;o200000.txt;0.007270
ordenados;o200000.txt;0.005430
ordenados;o200000.txt;0.006951
ordenados;o200000.txt;0.006994
ordenados;o200000.txt;0.004452
ordenados;o200000.txt;0.004445
ordenados;o200000.txt;0.004605
ordenados;o200000.txt;0.004643
ordenados;o200000.txt;0.004467
ordenados;o200000.txt;0.004679
ordenados;o200000.txt;0.006721
ordenados;o200000.txt;0.006649
ordenados;o200000.txt;0.005241
ordenados;o200000.txt;0.005390
ordenados;o200000.txt;0.006706
ordenados;o200000.txt;0.006856
ordenados;o200000.txt;0.004627
ordenados;o200000.txt;0.008195
ordenados;o200000.txt;0.005797
ordenados;o200000.txt;0.007341
ordenados;o200000.txt;0.005379
ordenados;o500000.txt;0.014281
ordenados;o500000.txt;0.016913
ordenados;o500000.txt;0.011884
ordenados;o500000.txt;0.011825
ordenados;o500000.txt;0.011781
ordenados;o500000.txt;0.011766
ordenados;o500000.txt;0.011773
ordenados;o500000.txt;0.011785
ordenados;o500000.txt;0.014601
ordenados;o500000.txt;0.014277
ordenados;o500000.txt;0.014254
ordenados;o500000.txt;0.012012
ordenados;o500000.txt;0.011854
ordenados;o500000.txt;0.011826
ordenados;o500000.txt;0.011777
ordenados;o500000.txt;0.012130
ordenados;o500000.txt;0.014303
ordenados;o500000.txt;0.014685
ordenados;o500000.txt;0.011944
ordenados;o500000.txt;0.012254
ordenados;o500000.txt;0.011794
ordenados;o500000.txt;0.011778
ordenados;o500000.txt;0.011831
ordenados;o500000.txt;0.012069
ordenados;o500000.txt;0.011801
ordenados;o500000.txt;0.011765
ordenados;o500000.txt;0.011907
ordenados;o500000.txt;0.014329
ordenados;o500000.txt;0.012008
ordenados;o500000.txt;0.014504
ordenados;o750000.txt;0.018003
ordenados;o750000.txt;0.017899
ordenados;o750000.txt;0.017919
ordenados;o750000.txt;0.021711
ordenados;o750000.txt;0.017986
ordenados;o750000.txt;0.017925
ordenados;o750000.txt;0.021692
ordenados;o750000.txt;0.018375
ordenados;o750000.txt;0.021685
ordenados;o750000.txt;0.021658
ordenados;o750000.txt;0.017994
ordenados;o750000.txt;0.023264
ordenados;o750000.txt;0.018048
ordenados;o750000.txt;0.018020
ordenados;o750000.txt;0.017954
ordenados;o750000.txt;0.021679
ordenados;o750000.txt;0.020646
ordenados;o750000.txt;0.017857
ordenados;o750000.txt;0.017932
ordenados;o750000.txt;0.017920
ordenados;o750000.txt;0.017966
ordenados;o750000.txt;0.017933
ordenados;o750000.txt;0.017896
ordenados;o750000.txt;0.017959
ordenados;o750000.txt;0.017918
ordenados;o750000.txt;0.017989
ordenados;o750000.txt;0.017933
ordenados;o750000.txt;0.021783
ordenados;o750000.txt;0.018105
ordenados;o750000.txt;0.017917
ordenados;o1000000.txt;0.024655
ordenados;o1000000.txt;0.024746
ordenados;o1000000.txt;0.029887
ordenados;o1000000.txt;0.029698
ordenados;o1000000.txt;0.024748
ordenados;o1000000.txt;0.029772
ordenados;o1000000.txt;0.029754
ordenados;o1000000.txt;0.029740
ordenados;o1000000.txt;0.024756
ordenados;o1000000.txt;0.028766
ordenados;o1000000.txt;0.029731
ordenados;o1000000.txt;0.029704
ordenados;o1000000.txt;0.029721
ordenados;o1000000.txt;0.029750
ordenados;o1000000.txt;0.024691
ordenados;o1000000.txt;0.024682
ordenados;o1000000.txt;0.029799
ordenados;o1000000.txt;0.024727
ordenados;o1000000.txt;0.024703
ordenados;o1000000.txt;0.024616
ordenados;o1000000.txt;0.024599
ordenados;o1000000.txt;0.029810
ordenados;o1000000.txt;0.029736
ordenados;o1000000.txt;0.029398
ordenados;o1000000.txt;0.029999
ordenados;o1000000.txt;0.029673
ordenados;o1000000.txt;0.032268
ordenados;o1000000.txt;0.031819
ordenados;o1000000.txt;0.024766
ordenados;o1000000.txt;0.029782
ordenados;o1250000.txt;0.037135
ordenados;o1250000.txt;0.030954
ordenados;o1250000.txt;0.030855
ordenados;o1250000.txt;0.030841
ordenados;o1250000.txt;0.037161
ordenados;o1250000.txt;0.030550
ordenados;o1250000.txt;0.030968
ordenados;o1250000.txt;0.030816
ordenados;o1250000.txt;0.037162
ordenados;o1250000.txt;0.030952
ordenados;o1250000.txt;0.030862
ordenados;o1250000.txt;0.037182
ordenados;o1250000.txt;0.037129
ordenados;o1250000.txt;0.036986
ordenados;o1250000.txt;0.037308
ordenados;o1250000.txt;0.030944
ordenados;o1250000.txt;0.037120
ordenados;o1250000.txt;0.030830
ordenados;o1250000.txt;0.030741
ordenados;o1250000.txt;0.037203
ordenados;o1250000.txt;0.037020
ordenados;o1250000.txt;0.037250
ordenados;o1250000.txt;0.030892
ordenados;o1250000.txt;0.037079
ordenados;o1250000.txt;0.030805
ordenados;o1250000.txt;0.030857
ordenados;o1250000.txt;0.030760
ordenados;o1250000.txt;0.030801
ordenados;o1250000.txt;0.030888
ordenados;o1250000.txt;0.037203
ordenados;o1500000.txt;0.037641
ordenados;o1500000.txt;0.037651
ordenados;o1500000.txt;0.037472
ordenados;o1500000.txt;0.037373
ordenados;o1500000.txt;0.037328
ordenados;o1500000.txt;0.037347
ordenados;o1500000.txt;0.037378
ordenados;o1500000.txt;0.037385
ordenados;o1500000.txt;0.037397
ordenados;o1500000.txt;0.037598
ordenados;o1500000.txt;0.037360
ordenados;o1500000.txt;0.045139
ordenados;o1500000.txt;0.037657
ordenados;o1500000.txt;0.045057
ordenados;o1500000.txt;0.045046
ordenados;o1500000.txt;0.044965
ordenados;o1500000.txt;0.045201
ordenados;o1500000.txt;0.037648
ordenados;o1500000.txt;0.045240
ordenados;o1500000.txt;0.044996
ordenados;o1500000.txt;0.044947
ordenados;o1500000.txt;0.044875
ordenados;o1500000.txt;0.037592
ordenados;o1500000.txt;0.037466
ordenados;o1500000.txt;0.037550
ordenados;o1500000.txt;0.037597
ordenados;o1500000.txt;0.037514
ordenados;o1500000.txt;0.037571
ordenados;o1500000.txt;0.037475
ordenados;o1500000.txt;0.045132
ordenados;o2000000.txt;0.051712
ordenados;o2000000.txt;0.051523
ordenados;o2000000.txt;0.051688
ordenados;o2000000.txt;0.061851
ordenados;o2000000.txt;0.051958
ordenados;o2000000.txt;0.061997
ordenados;o2000000.txt;0.061765
ordenados;o2000000.txt;0.051713
ordenados;o2000000.txt;0.051927
ordenados;o2000000.txt;0.051853
ordenados;o2000000.txt;0.062020
ordenados;o2000000.txt;0.051749
ordenados;o2000000.txt;0.051570
ordenados;o2000000.txt;0.051488
ordenados;o2000000.txt;0.061958
ordenados;o2000000.txt;0.062020
ordenados;o2000000.txt;0.061954
ordenados;o2000000.txt;0.062089
ordenados;o2000000.txt;0.061793
ordenados;o2000000.txt;0.062201
ordenados;o2000000.txt;0.061709
ordenados;o2000000.txt;0.051720
ordenados;o2000000.txt;0.051568
ordenados;o2000000.txt;0.061923
ordenados;o2000000.txt;0.051666
ordenados;o2000000.txt;0.061782
ordenados;o2000000.txt;0.062075
ordenados;o2000000.txt;0.051615
ordenados;o2000000.txt;0.061895
ordenados;o2000000.txt;0.051360
