ordenados;o100.txt;0,000180
ordenados;o100.txt;0,000177
ordenados;o100.txt;0,000173
ordenados;o100.txt;0,000190
ordenados;o100.txt;0,000174
ordenados;o100.txt;0,000175
ordenados;o100.txt;0,000176
ordenados;o100.txt;0,000176
ordenados;o100.txt;0,000184
ordenados;o100.txt;0,000274
ordenados;o100.txt;0,000173
ordenados;o100.txt;0,000178
ordenados;o100.txt;0,000177
ordenados;o100.txt;0,000177
ordenados;o100.txt;0,000173
ordenados;o100.txt;0,000176
ordenados;o100.txt;0,000171
ordenados;o100.txt;0,000181
ordenados;o100.txt;0,000186
ordenados;o100.txt;0,000174
ordenados;o100.txt;0,000182
ordenados;o100.txt;0,000179
ordenados;o100.txt;0,000203
ordenados;o100.txt;0,000173
ordenados;o100.txt;0,000265
ordenados;o100.txt;0,000176
ordenados;o100.txt;0,000187
ordenados;o100.txt;0,000173
ordenados;o100.txt;0,000175
ordenados;o100.txt;0,000217
ordenados;o200.txt;0,000186
ordenados;o200.txt;0,000174
ordenados;o200.txt;0,000173
ordenados;o200.txt;0,000191
ordenados;o200.txt;0,000259
ordenados;o200.txt;0,000175
ordenados;o200.txt;0,000173
ordenados;o200.txt;0,000201
ordenados;o200.txt;0,000178
ordenados;o200.txt;0,000178
ordenados;o200.txt;0,000187
ordenados;o200.txt;0,000381
ordenados;o200.txt;0,000177
ordenados;o200.txt;0,000181
ordenados;o200.txt;0,000176
ordenados;o200.txt;0,000197
ordenados;o200.txt;0,000177
ordenados;o200.txt;0,000188
ordenados;o200.txt;0,000179
ordenados;o200.txt;0,000207
ordenados;o200.txt;0,000178
ordenados;o200.txt;0,000184
ordenados;o200.txt;0,000180
ordenados;o200.txt;0,000178
ordenados;o200.txt;0,000208
ordenados;o200.txt;0,000177
ordenados;o200.txt;0,000177
ordenados;o200.txt;0,000180
ordenados;o200.txt;0,000187
ordenados;o200.txt;0,000186
ordenados;o500.txt;0,000187
ordenados;o500.txt;0,000200
ordenados;o500.txt;0,000210
ordenados;o500.txt;0,000181
ordenados;o500.txt;0,000189
ordenados;o500.txt;0,000196
ordenados;o500.txt;0,000202
ordenados;o500.txt;0,000206
ordenados;o500.txt;0,000184
ordenados;o500.txt;0,000186
ordenados;o500.txt;0,000186
ordenados;o500.txt;0,000209
ordenados;o500.txt;0,000223
ordenados;o500.txt;0,000181
ordenados;o500.txt;0,000218
ordenados;o500.txt;0,000208
ordenados;o500.txt;0,000201
ordenados;o500.txt;0,000209
ordenados;o500.txt;0,000186
ordenados;o500.txt;0,000198
ordenados;o500.txt;0,000194
ordenados;o500.txt;0,000190
ordenados;o500.txt;0,000366
ordenados;o500.txt;0,000197
ordenados;o500.txt;0,000257
ordenados;o500.txt;0,000184
ordenados;o500.txt;0,000198
ordenados;o500.txt;0,000191
ordenados;o500.txt;0,000190
ordenados;o500.txt;0,000207
ordenados;o1000.txt;0,000200
ordenados;o1000.txt;0,000423
ordenados;o1000.txt;0,000216
ordenados;o1000.txt;0,000209
ordenados;o1000.txt;0,000210
ordenados;o1000.txt;0,000193
ordenados;o1000.txt;0,000222
ordenados;o1000.txt;0,000200
ordenados;o1000.txt;0,000283
ordenados;o1000.txt;0,000260
ordenados;o1000.txt;0,000208
ordenados;o1000.txt;0,000195
ordenados;o1000.txt;0,000216
ordenados;o1000.txt;0,000204
ordenados;o1000.txt;0,000194
ordenados;o1000.txt;0,000222
ordenados;o1000.txt;0,000313
ordenados;o1000.txt;0,000202
ordenados;o1000.txt;0,000213
ordenados;o1000.txt;0,000252
ordenados;o1000.txt;0,000207
ordenados;o1000.txt;0,000221
ordenados;o1000.txt;0,000256
ordenados;o1000.txt;0,000205
ordenados;o1000.txt;0,000238
ordenados;o1000.txt;0,000219
ordenados;o1000.txt;0,000213
ordenados;o1000.txt;0,000195
ordenados;o1000.txt;0,000218
ordenados;o1000.txt;0,000208
ordenados;o2000.txt;0,000223
ordenados;o2000.txt;0,000272
ordenados;o2000.txt;0,000198
ordenados;o2000.txt;0,000219
ordenados;o2000.txt;0,000223
ordenados;o2000.txt;0,000207
ordenados;o2000.txt;0,000246
ordenados;o2000.txt;0,000214
ordenados;o2000.txt;0,000239
ordenados;o2000.txt;0,000200
ordenados;o2000.txt;0,000209
ordenados;o2000.txt;0,000214
ordenados;o2000.txt;0,000238
ordenados;o2000.txt;0,000214
ordenados;o2000.txt;0,000202
ordenados;o2000.txt;0,000206
ordenados;o2000.txt;0,000206
ordenados;o2000.txt;0,000206
ordenados;o2000.txt;0,000210
ordenados;o2000.txt;0,000206
ordenados;o2000.txt;0,000201
ordenados;o2000.txt;0,000294
ordenados;o2000.txt;0,000206
ordenados;o2000.txt;0,000203
ordenados;o2000.txt;0,000207
ordenados;o2000.txt;0,000320
ordenados;o2000.txt;0,000202
ordenados;o2000.txt;0,000207
ordenados;o2000.txt;0,000206
ordenados;o2000.txt;0,000216
ordenados;o5000.txt;0,000225
ordenados;o5000.txt;0,000236
ordenados;o5000.txt;0,000270
ordenados;o5000.txt;0,000227
ordenados;o5000.txt;0,000227
ordenados;o5000.txt;0,000237
ordenados;o5000.txt;0,000229
ordenados;o5000.txt;0,000225
ordenados;o5000.txt;0,000221
ordenados;o5000.txt;0,000223
ordenados;o5000.txt;0,000227
ordenados;o5000.txt;0,000278
ordenados;o5000.txt;0,000230
ordenados;o5000.txt;0,000225
ordenados;o5000.txt;0,000226
ordenados;o5000.txt;0,000225
ordenados;o5000.txt;0,000265
ordenados;o5000.txt;0,000232
ordenados;o5000.txt;0,000225
ordenados;o5000.txt;0,000223
ordenados;o5000.txt;0,000230
ordenados;o5000.txt;0,000224
ordenados;o5000.txt;0,000273
ordenados;o5000.txt;0,000226
ordenados;o5000.txt;0,000221
ordenados;o5000.txt;0,000228
ordenados;o5000.txt;0,000223
ordenados;o5000.txt;0,000223
ordenados;o5000.txt;0,000277
ordenados;o5000.txt;0,000229
ordenados;o7500.txt;0,000252
ordenados;o7500.txt;0,000247
ordenados;o7500.txt;0,000244
ordenados;o7500.txt;0,000261
ordenados;o7500.txt;0,000257
ordenados;o7500.txt;0,000244
ordenados;o7500.txt;0,000248
ordenados;o7500.txt;0,000246
ordenados;o7500.txt;0,000289
ordenados;o7500.txt;0,000247
ordenados;o7500.txt;0,000245
ordenados;o7500.txt;0,000249
ordenados;o7500.txt;0,000252
ordenados;o7500.txt;0,000256
ordenados;o7500.txt;0,000248
ordenados;o7500.txt;0,000293
ordenados;o7500.txt;0,000250
ordenados;o7500.txt;0,000245
ordenados;o7500.txt;0,000246
ordenados;o7500.txt;0,000253
ordenados;o7500.txt;0,000253
ordenados;o7500.txt;0,000246
ordenados;o7500.txt;0,000255
ordenados;o7500.txt;0,000244
ordenados;o7500.txt;0,000247
ordenados;o7500.txt;0,000256
ordenados;o7500.txt;0,000259
ordenados;o7500.txt;0,000251
ordenados;o7500.txt;0,000249
ordenados;o7500.txt;0,000244
ordenados;o10000.txt;0,000288
ordenados;o10000.txt;0,000278
ordenados;o10000.txt;0,000294
ordenados;o10000.txt;0,000279
ordenados;o10000.txt;0,000287
ordenados;o10000.txt;0,000443
ordenados;o10000.txt;0,000277
ordenados;o10000.txt;0,000323
ordenados;o10000.txt;0,000262
ordenados;o10000.txt;0,000280
ordenados;o10000.txt;0,000292
ordenados;o10000.txt;0,000272
ordenados;o10000.txt;0,000267
ordenados;o10000.txt;0,000267
ordenados;o10000.txt;0,000265
ordenados;o10000.txt;0,000268
ordenados;o10000.txt;0,000299
ordenados;o10000.txt;0,000289
ordenados;o10000.txt;0,000275
ordenados;o10000.txt;0,000274
ordenados;o10000.txt;0,000269
ordenados;o10000.txt;0,000266
ordenados;o10000.txt;0,000264
ordenados;o10000.txt;0,000271
ordenados;o10000.txt;0,000286
ordenados;o10000.txt;0,000325
ordenados;o10000.txt;0,000300
ordenados;o10000.txt;0,000274
ordenados;o10000.txt;0,000276
ordenados;o10000.txt;0,000276
ordenados;o15000.txt;0,000301
ordenados;o15000.txt;0,000365
ordenados;o15000.txt;0,000304
ordenados;o15000.txt;0,000307
ordenados;o15000.txt;0,000323
ordenados;o15000.txt;0,000334
ordenados;o15000.txt;0,000311
ordenados;o15000.txt;0,000300
ordenados;o15000.txt;0,000310
ordenados;o15000.txt;0,000324
ordenados;o15000.txt;0,000298
ordenados;o15000.txt;0,000308
ordenados;o15000.txt;0,000341
ordenados;o15000.txt;0,000307
ordenados;o15000.txt;0,000492
ordenados;o15000.txt;0,000300
ordenados;o15000.txt;0,000461
ordenados;o15000.txt;0,000303
ordenados;o15000.txt;0,000346
ordenados;o15000.txt;0,000315
ordenados;o15000.txt;0,000340
ordenados;o15000.txt;0,000325
ordenados;o15000.txt;0,000313
ordenados;o15000.txt;0,000306
ordenados;o15000.txt;0,000300
ordenados;o15000.txt;0,000312
ordenados;o15000.txt;0,000302
ordenados;o15000.txt;0,000306
ordenados;o15000.txt;0,000304
ordenados;o15000.txt;0,000306
ordenados;o30000.txt;0,000413
ordenados;o30000.txt;0,000448
ordenados;o30000.txt;0,000426
ordenados;o30000.txt;0,000414
ordenados;o30000.txt;0,000496
ordenados;o30000.txt;0,000418
ordenados;o30000.txt;0,000425
ordenados;o30000.txt;0,000404
ordenados;o30000.txt;0,000500
ordenados;o30000.txt;0,000442
ordenados;o30000.txt;0,000414
ordenados;o30000.txt;0,000410
ordenados;o30000.txt;0,000414
ordenados;o30000.txt;0,000454
ordenados;o30000.txt;0,000456
ordenados;o30000.txt;0,000409
ordenados;o30000.txt;0,000428
ordenados;o30000.txt;0,000412
ordenados;o30000.txt;0,000414
ordenados;o30000.txt;0,000492
ordenados;o30000.txt;0,000410
ordenados;o30000.txt;0,000427
ordenados;o30000.txt;0,000414
ordenados;o30000.txt;0,000434
ordenados;o30000.txt;0,000411
ordenados;o30000.txt;0,000465
ordenados;o30000.txt;0,000409
ordenados;o30000.txt;0,000406
ordenados;o30000.txt;0,000415
ordenados;o30000.txt;0,000412
ordenados;o50000.txt;0,000585
ordenados;o50000.txt;0,000567
ordenados;o50000.txt;0,000592
ordenados;o50000.txt;0,000572
ordenados;o50000.txt;0,000559
ordenados;o50000.txt;0,000583
ordenados;o50000.txt;0,000557
ordenados;o50000.txt;0,000579
ordenados;o50000.txt;0,000559
ordenados;o50000.txt;0,000555
ordenados;o50000.txt;0,000556
ordenados;o50000.txt;0,000555
ordenados;o50000.txt;0,000566
ordenados;o50000.txt;0,000573
ordenados;o50000.txt;0,000569
ordenados;o50000.txt;0,000564
ordenados;o50000.txt;0,000565
ordenados;o50000.txt;0,000590
ordenados;o50000.txt;0,000579
ordenados;o50000.txt;0,000589
ordenados;o50000.txt;0,000615
ordenados;o50000.txt;0,000560
ordenados;o50000.txt;0,000543
ordenados;o50000.txt;0,000557
ordenados;o50000.txt;0,000553
ordenados;o50000.txt;0,000558
ordenados;o50000.txt;0,000556
ordenados;o50000.txt;0,000590
ordenados;o50000.txt;0,000560
ordenados;o50000.txt;0,000559
ordenados;o75000.txt;0,000729
ordenados;o75000.txt;0,000729
ordenados;o75000.txt;0,000744
ordenados;o75000.txt;0,000739
ordenados;o75000.txt;0,000735
ordenados;o75000.txt;0,000753
ordenados;o75000.txt;0,000749
ordenados;o75000.txt;0,000750
ordenados;o75000.txt;0,000743
ordenados;o75000.txt;0,000883
ordenados;o75000.txt;0,000729
ordenados;o75000.txt;0,000745
ordenados;o75000.txt;0,000729
ordenados;o75000.txt;0,000752
ordenados;o75000.txt;0,000750
ordenados;o75000.txt;0,000748
ordenados;o75000.txt;0,000724
ordenados;o75000.txt;0,000743
ordenados;o75000.txt;0,000726
ordenados;o75000.txt;0,000756
ordenados;o75000.txt;0,000733
ordenados;o75000.txt;0,000745
ordenados;o75000.txt;0,000751
ordenados;o75000.txt;0,000742
ordenados;o75000.txt;0,000746
ordenados;o75000.txt;0,000746
ordenados;o75000.txt;0,000746
ordenados;o75000.txt;0,000747
ordenados;o75000.txt;0,000749
ordenados;o75000.txt;0,000736
ordenados;o100000.txt;0,000934
ordenados;o100000.txt;0,000933
ordenados;o100000.txt;0,000932
ordenados;o100000.txt;0,000932
ordenados;o100000.txt;0,000924
ordenados;o100000.txt;0,000930
ordenados;o100000.txt;0,000933
ordenados;o100000.txt;0,000951
ordenados;o100000.txt;0,000936
ordenados;o100000.txt;0,000932
ordenados;o100000.txt;0,000913
ordenados;o100000.txt;0,000947
ordenados;o100000.txt;0,000932
ordenados;o100000.txt;0,000912
ordenados;o100000.txt;0,000915
ordenados;o100000.txt;0,000941
ordenados;o100000.txt;0,000956
ordenados;o100000.txt;0,000936
ordenados;o100000.txt;0,000913
ordenados;o100000.txt;0,000933
ordenados;o100000.txt;0,000936
ordenados;o100000.txt;0,000977
ordenados;o100000.txt;0,000946
ordenados;o100000.txt;0,000948
ordenados;o100000.txt;0,000934
ordenados;o100000.txt;0,000932
ordenados;o100000.txt;0,000943
ordenados;o100000.txt;0,000931
ordenados;o100000.txt;0,000934
ordenados;o100000.txt;0,000933
ordenados;o200000.txt;0,001407
ordenados;o200000.txt;0,001420
ordenados;o200000.txt;0,001305
ordenados;o200000.txt;0,001320
ordenados;o200000.txt;0,001323
ordenados;o200000.txt;0,001345
ordenados;o200000.txt;0,001318
ordenados;o200000.txt;0,001440
ordenados;o200000.txt;0,001461
ordenados;o200000.txt;0,001316
ordenados;o200000.txt;0,001337
ordenados;o200000.txt;0,001360
ordenados;o200000.txt;0,001341
ordenados;o200000.txt;0,001372
ordenados;o200000.txt;0,001387
ordenados;o200000.txt;0,001316
ordenados;o200000.txt;0,001332
ordenados;o200000.txt;0,001534
ordenados;o200000.txt;0,001351
ordenados;o200000.txt;0,001557
ordenados;o200000.txt;0,001329
ordenados;o200000.txt;0,001555
ordenados;o200000.txt;0,001352
ordenados;o200000.txt;0,001304
ordenados;o200000.txt;0,001333
ordenados;o200000.txt;0,001695
ordenados;o200000.txt;0,001353
ordenados;o200000.txt;0,001424
ordenados;o200000.txt;0,001402
ordenados;o200000.txt;0,001418
ordenados;o500000.txt;0,001903
ordenados;o500000.txt;0,001913
ordenados;o500000.txt;0,001972
ordenados;o500000.txt;0,001904
ordenados;o500000.txt;0,002207
ordenados;o500000.txt;0,001965
ordenados;o500000.txt;0,001886
ordenados;o500000.txt;0,001889
ordenados;o500000.txt;0,001900
ordenados;o500000.txt;0,002007
ordenados;o500000.txt;0,002029
ordenados;o500000.txt;0,001959
ordenados;o500000.txt;0,001993
ordenados;o500000.txt;0,001974
ordenados;o500000.txt;0,001929
ordenados;o500000.txt;0,001946
ordenados;o500000.txt;0,001938
ordenados;o500000.txt;0,001955
ordenados;o500000.txt;0,001902
ordenados;o500000.txt;0,001957
ordenados;o500000.txt;0,001906
ordenados;o500000.txt;0,001974
ordenados;o500000.txt;0,002042
ordenados;o500000.txt;0,001956
ordenados;o500000.txt;0,001940
ordenados;o500000.txt;0,002118
ordenados;o500000.txt;0,001911
ordenados;o500000.txt;0,002078
ordenados;o500000.txt;0,001984
ordenados;o500000.txt;0,001947
ordenados;o750000.txt;0,002357
ordenados;o750000.txt;0,002444
ordenados;o750000.txt;0,002440
ordenados;o750000.txt;0,002446
ordenados;o750000.txt;0,002477
ordenados;o750000.txt;0,002397
ordenados;o750000.txt;0,002443
ordenados;o750000.txt;0,002517
ordenados;o750000.txt;0,002409
ordenados;o750000.txt;0,002363
ordenados;o750000.txt;0,002514
ordenados;o750000.txt;0,002417
ordenados;o750000.txt;0,002479
ordenados;o750000.txt;0,002497
ordenados;o750000.txt;0,002413
ordenados;o750000.txt;0,002414
ordenados;o750000.txt;0,002458
ordenados;o750000.txt;0,002478
ordenados;o750000.txt;0,002513
ordenados;o750000.txt;0,002533
ordenados;o750000.txt;0,002439
ordenados;o750000.txt;0,002464
ordenados;o750000.txt;0,002497
ordenados;o750000.txt;0,002481
ordenados;o750000.txt;0,002424
ordenados;o750000.txt;0,002755
ordenados;o750000.txt;0,002403
ordenados;o750000.txt;0,002424
ordenados;o750000.txt;0,002371
ordenados;o750000.txt;0,003390
ordenados;o1000000.txt;0,002855
ordenados;o1000000.txt;0,002774
ordenados;o1000000.txt;0,002702
ordenados;o1000000.txt;0,002891
ordenados;o1000000.txt;0,002899
ordenados;o1000000.txt;0,002925
ordenados;o1000000.txt;0,003008
ordenados;o1000000.txt;0,002918
ordenados;o1000000.txt;0,002875
ordenados;o1000000.txt;0,002885
ordenados;o1000000.txt;0,002863
ordenados;o1000000.txt;0,002921
ordenados;o1000000.txt;0,002966
ordenados;o1000000.txt;0,002789
ordenados;o1000000.txt;0,002917
ordenados;o1000000.txt;0,002818
ordenados;o1000000.txt;0,002910
ordenados;o1000000.txt;0,002751
ordenados;o1000000.txt;0,002974
ordenados;o1000000.txt;0,002670
ordenados;o1000000.txt;0,002899
ordenados;o1000000.txt;0,002915
ordenados;o1000000.txt;0,003029
ordenados;o1000000.txt;0,002832
ordenados;o1000000.txt;0,002791
ordenados;o1000000.txt;0,002811
ordenados;o1000000.txt;0,002894
ordenados;o1000000.txt;0,002872
ordenados;o1000000.txt;0,002922
ordenados;o1000000.txt;0,002945
ordenados;o1250000.txt;0,003033
ordenados;o1250000.txt;0,003219
ordenados;o1250000.txt;0,003039
ordenados;o1250000.txt;0,003330
ordenados;o1250000.txt;0,003363
ordenados;o1250000.txt;0,003226
ordenados;o1250000.txt;0,003535
ordenados;o1250000.txt;0,003433
ordenados;o1250000.txt;0,003353
ordenados;o1250000.txt;0,003422
ordenados;o1250000.txt;0,002875
ordenados;o1250000.txt;0,003425
ordenados;o1250000.txt;0,004526
ordenados;o1250000.txt;0,003018
ordenados;o1250000.txt;0,003365
ordenados;o1250000.txt;0,002999
ordenados;o1250000.txt;0,003462
ordenados;o1250000.txt;0,003351
ordenados;o1250000.txt;0,003243
ordenados;o1250000.txt;0,003413
ordenados;o1250000.txt;0,003209
ordenados;o1250000.txt;0,003219
ordenados;o1250000.txt;0,003179
ordenados;o1250000.txt;0,003280
ordenados;o1250000.txt;0,003364
ordenados;o1250000.txt;0,003508
ordenados;o1250000.txt;0,003456
ordenados;o1250000.txt;0,003408
ordenados;o1250000.txt;0,002903
ordenados;o1250000.txt;0,002941
ordenados;o1500000.txt;0,003588
ordenados;o1500000.txt;0,003515
ordenados;o1500000.txt;0,003806
ordenados;o1500000.txt;0,003145
ordenados;o1500000.txt;0,003176
ordenados;o1500000.txt;0,003556
ordenados;o1500000.txt;0,003621
ordenados;o1500000.txt;0,003025
ordenados;o1500000.txt;0,003513
ordenados;o1500000.txt;0,003466
ordenados;o1500000.txt;0,003119
ordenados;o1500000.txt;0,003153
ordenados;o1500000.txt;0,003452
ordenados;o1500000.txt;0,003348
ordenados;o1500000.txt;0,003479
ordenados;o1500000.txt;0,003605
ordenados;o1500000.txt;0,003553
ordenados;o1500000.txt;0,003340
ordenados;o1500000.txt;0,003502
ordenados;o1500000.txt;0,003735
ordenados;o1500000.txt;0,003691
ordenados;o1500000.txt;0,003447
ordenados;o1500000.txt;0,003461
ordenados;o1500000.txt;0,003485
ordenados;o1500000.txt;0,003432
ordenados;o1500000.txt;0,003478
ordenados;o1500000.txt;0,003369
ordenados;o1500000.txt;0,003430
ordenados;o1500000.txt;0,003374
ordenados;o1500000.txt;0,003075
ordenados;o2000000.txt;0,003401
ordenados;o2000000.txt;0,003822
ordenados;o2000000.txt;0,003677
ordenados;o2000000.txt;0,003844
ordenados;o2000000.txt;0,003708
ordenados;o2000000.txt;0,003696
ordenados;o2000000.txt;0,003763
ordenados;o2000000.txt;0,003791
ordenados;o2000000.txt;0,003342
ordenados;o2000000.txt;0,003748
ordenados;o2000000.txt;0,003909
ordenados;o2000000.txt;0,003961
ordenados;o2000000.txt;0,003643
ordenados;o2000000.txt;0,003949
ordenados;o2000000.txt;0,003804
ordenados;o2000000.txt;0,003798
ordenados;o2000000.txt;0,003747
ordenados;o2000000.txt;0,003870
ordenados;o2000000.txt;0,003734
ordenados;o2000000.txt;0,003816
ordenados;o2000000.txt;0,005306
ordenados;o2000000.txt;0,003932
ordenados;o2000000.txt;0,003817
ordenados;o2000000.txt;0,003776
ordenados;o2000000.txt;0,003683
ordenados;o2000000.txt;0,003777
ordenados;o2000000.txt;0,004165
ordenados;o2000000.txt;0,003757
ordenados;o2000000.txt;0,004047
ordenados;o2000000.txt;0,003696
