Pasta;Arquivo;Tempo_Segundos
ordenados;o100.txt;0.000008
ordenados;o100.txt;0.000008
ordenados;o100.txt;0.000006
ordenados;o100.txt;0.000007
ordenados;o100.txt;0.000011
ordenados;o100.txt;0.000007
ordenados;o100.txt;0.000008
ordenados;o100.txt;0.000008
ordenados;o100.txt;0.000009
ordenados;o100.txt;0.000006
ordenados;o100.txt;0.000007
ordenados;o100.txt;0.000008
ordenados;o100.txt;0.000013
ordenados;o100.txt;0.000007
ordenados;o100.txt;0.000011
ordenados;o100.txt;0.000015
ordenados;o100.txt;0.000007
ordenados;o100.txt;0.000006
ordenados;o100.txt;0.000014
ordenados;o100.txt;0.000016
ordenados;o100.txt;0.000008
ordenados;o100.txt;0.000020
ordenados;o100.txt;0.000013
ordenados;o100.txt;0.000018
ordenados;o100.txt;0.000017
ordenados;o100.txt;0.000018
ordenados;o100.txt;0.000007
ordenados;o100.txt;0.000007
ordenados;o100.txt;0.000008
ordenados;o100.txt;0.000008
ordenados;o200.txt;0.000011
ordenados;o200.txt;0.000020
ordenados;o200.txt;0.000012
ordenados;o200.txt;0.000009
ordenados;o200.txt;0.000010
ordenados;o200.txt;0.000033
ordenados;o200.txt;0.000010
ordenados;o200.txt;0.000021
ordenados;o200.txt;0.000014
ordenados;o200.txt;0.000009
ordenados;o200.txt;0.000009
ordenados;o200.txt;0.000012
ordenados;o200.txt;0.000009
ordenados;o200.txt;0.000013
ordenados;o200.txt;0.000029
ordenados;o200.txt;0.000009
ordenados;o200.txt;0.000024
ordenados;o200.txt;0.000014
ordenados;o200.txt;0.000013
ordenados;o200.txt;0.000016
ordenados;o200.txt;0.000014
ordenados;o200.txt;0.000025
ordenados;o200.txt;0.000010
ordenados;o200.txt;0.000014
ordenados;o200.txt;0.000023
ordenados;o200.txt;0.000014
ordenados;o200.txt;0.000032
ordenados;o200.txt;0.000019
ordenados;o200.txt;0.000018
ordenados;o200.txt;0.000025
ordenados;o500.txt;0.000022
ordenados;o500.txt;0.000022
ordenados;o500.txt;0.000043
ordenados;o500.txt;0.000025
ordenados;o500.txt;0.000023
ordenados;o500.txt;0.000036
ordenados;o500.txt;0.000027
ordenados;o500.txt;0.000021
ordenados;o500.txt;0.000031
ordenados;o500.txt;0.000021
ordenados;o500.txt;0.000021
ordenados;o500.txt;0.000021
ordenados;o500.txt;0.000021
ordenados;o500.txt;0.000020
ordenados;o500.txt;0.000023
ordenados;o500.txt;0.000021
ordenados;o500.txt;0.000021
ordenados;o500.txt;0.000021
ordenados;o500.txt;0.000022
ordenados;o500.txt;0.000022
ordenados;o500.txt;0.000027
ordenados;o500.txt;0.000057
ordenados;o500.txt;0.000060
ordenados;o500.txt;0.000058
ordenados;o500.txt;0.000039
ordenados;o500.txt;0.000022
ordenados;o500.txt;0.000066
ordenados;o500.txt;0.000041
ordenados;o500.txt;0.000044
ordenados;o500.txt;0.000026
ordenados;o1000.txt;0.000066
ordenados;o1000.txt;0.000080
ordenados;o1000.txt;0.000043
ordenados;o1000.txt;0.000051
ordenados;o1000.txt;0.000042
ordenados;o1000.txt;0.000085
ordenados;o1000.txt;0.000044
ordenados;o1000.txt;0.000058
ordenados;o1000.txt;0.000058
ordenados;o1000.txt;0.000051
ordenados;o1000.txt;0.000066
ordenados;o1000.txt;0.000054
ordenados;o1000.txt;0.000061
ordenados;o1000.txt;0.000053
ordenados;o1000.txt;0.000076
ordenados;o1000.txt;0.000047
ordenados;o1000.txt;0.000074
ordenados;o1000.txt;0.000055
ordenados;o1000.txt;0.000073
ordenados;o1000.txt;0.000056
ordenados;o1000.txt;0.000069
ordenados;o1000.txt;0.000044
ordenados;o1000.txt;0.000069
ordenados;o1000.txt;0.000054
ordenados;o1000.txt;0.000082
ordenados;o1000.txt;0.000045
ordenados;o1000.txt;0.000049
ordenados;o1000.txt;0.000121
ordenados;o1000.txt;0.000044
ordenados;o1000.txt;0.000128
ordenados;o2000.txt;0.000179
ordenados;o2000.txt;0.000088
ordenados;o2000.txt;0.000086
ordenados;o2000.txt;0.000121
ordenados;o2000.txt;0.000146
ordenados;o2000.txt;0.000230
ordenados;o2000.txt;0.000215
ordenados;o2000.txt;0.000115
ordenados;o2000.txt;0.000200
ordenados;o2000.txt;0.000250
ordenados;o2000.txt;0.000185
ordenados;o2000.txt;0.000252
ordenados;o2000.txt;0.000184
ordenados;o2000.txt;0.000152
ordenados;o2000.txt;0.000091
ordenados;o2000.txt;0.000178
ordenados;o2000.txt;0.000089
ordenados;o2000.txt;0.000200
ordenados;o2000.txt;0.000234
ordenados;o2000.txt;0.000098
ordenados;o2000.txt;0.000140
ordenados;o2000.txt;0.000247
ordenados;o2000.txt;0.000196
ordenados;o2000.txt;0.000211
ordenados;o2000.txt;0.000124
ordenados;o2000.txt;0.000143
ordenados;o2000.txt;0.000226
ordenados;o2000.txt;0.000091
ordenados;o2000.txt;0.000148
ordenados;o2000.txt;0.000093
ordenados;o5000.txt;0.000322
ordenados;o5000.txt;0.000294
ordenados;o5000.txt;0.000468
ordenados;o5000.txt;0.000535
ordenados;o5000.txt;0.000314
ordenados;o5000.txt;0.000339
ordenados;o5000.txt;0.000299
ordenados;o5000.txt;0.000422
ordenados;o5000.txt;0.000355
ordenados;o5000.txt;0.000358
ordenados;o5000.txt;0.000312
ordenados;o5000.txt;0.000348
ordenados;o5000.txt;0.000793
ordenados;o5000.txt;0.000295
ordenados;o5000.txt;0.000487
ordenados;o5000.txt;0.000472
ordenados;o5000.txt;0.000386
ordenados;o5000.txt;0.000406
ordenados;o5000.txt;0.000491
ordenados;o5000.txt;0.000288
ordenados;o5000.txt;0.000276
ordenados;o5000.txt;0.000277
ordenados;o5000.txt;0.000283
ordenados;o5000.txt;0.000281
ordenados;o5000.txt;0.000304
ordenados;o5000.txt;0.000319
ordenados;o5000.txt;0.000358
ordenados;o5000.txt;0.000468
ordenados;o5000.txt;0.000291
ordenados;o5000.txt;0.000282
ordenados;o7500.txt;0.000442
ordenados;o7500.txt;0.000482
ordenados;o7500.txt;0.000393
ordenados;o7500.txt;0.000413
ordenados;o7500.txt;0.000450
ordenados;o7500.txt;0.000393
ordenados;o7500.txt;0.000438
ordenados;o7500.txt;0.000436
ordenados;o7500.txt;0.000717
ordenados;o7500.txt;0.000410
ordenados;o7500.txt;0.000678
ordenados;o7500.txt;0.000394
ordenados;o7500.txt;0.000409
ordenados;o7500.txt;0.000597
ordenados;o7500.txt;0.000444
ordenados;o7500.txt;0.000391
ordenados;o7500.txt;0.000374
ordenados;o7500.txt;0.000626
ordenados;o7500.txt;0.000609
ordenados;o7500.txt;0.000828
ordenados;o7500.txt;0.000397
ordenados;o7500.txt;0.000451
ordenados;o7500.txt;0.000787
ordenados;o7500.txt;0.000388
ordenados;o7500.txt;0.000609
ordenados;o7500.txt;0.000712
ordenados;o7500.txt;0.000638
ordenados;o7500.txt;0.000515
ordenados;o7500.txt;0.000665
ordenados;o7500.txt;0.001168
ordenados;o10000.txt;0.000631
ordenados;o10000.txt;0.000622
ordenados;o10000.txt;0.000643
ordenados;o10000.txt;0.001487
ordenados;o10000.txt;0.001687
ordenados;o10000.txt;0.000685
ordenados;o10000.txt;0.000841
ordenados;o10000.txt;0.000740
ordenados;o10000.txt;0.000602
ordenados;o10000.txt;0.000594
ordenados;o10000.txt;0.000758
ordenados;o10000.txt;0.000987
ordenados;o10000.txt;0.001283
ordenados;o10000.txt;0.000655
ordenados;o10000.txt;0.000746
ordenados;o10000.txt;0.001196
ordenados;o10000.txt;0.001342
ordenados;o10000.txt;0.000618
ordenados;o10000.txt;0.001375
ordenados;o10000.txt;0.000684
ordenados;o10000.txt;0.001446
ordenados;o10000.txt;0.001514
ordenados;o10000.txt;0.000876
ordenados;o10000.txt;0.001710
ordenados;o10000.txt;0.001383
ordenados;o10000.txt;0.001334
ordenados;o10000.txt;0.000614
ordenados;o10000.txt;0.000641
ordenados;o10000.txt;0.000742
ordenados;o10000.txt;0.000730
ordenados;o15000.txt;0.002077
ordenados;o15000.txt;0.001169
ordenados;o15000.txt;0.000809
ordenados;o15000.txt;0.001276
ordenados;o15000.txt;0.000921
ordenados;o15000.txt;0.001253
ordenados;o15000.txt;0.001705
ordenados;o15000.txt;0.000801
ordenados;o15000.txt;0.000829
ordenados;o15000.txt;0.001673
ordenados;o15000.txt;0.000965
ordenados;o15000.txt;0.000949
ordenados;o15000.txt;0.000791
ordenados;o15000.txt;0.000805
ordenados;o15000.txt;0.000903
ordenados;o15000.txt;0.000802
ordenados;o15000.txt;0.000915
ordenados;o15000.txt;0.000931
ordenados;o15000.txt;0.001279
ordenados;o15000.txt;0.001213
ordenados;o15000.txt;0.001121
ordenados;o15000.txt;0.000946
ordenados;o15000.txt;0.000815
ordenados;o15000.txt;0.000798
ordenados;o15000.txt;0.000824
ordenados;o15000.txt;0.001615
ordenados;o15000.txt;0.000817
ordenados;o15000.txt;0.000799
ordenados;o15000.txt;0.001268
ordenados;o15000.txt;0.000814
ordenados;o30000.txt;0.001674
ordenados;o30000.txt;0.002151
ordenados;o30000.txt;0.001669
ordenados;o30000.txt;0.002811
ordenados;o30000.txt;0.001668
ordenados;o30000.txt;0.001690
ordenados;o30000.txt;0.002716
ordenados;o30000.txt;0.001648
ordenados;o30000.txt;0.003455
ordenados;o30000.txt;0.001630
ordenados;o30000.txt;0.002092
ordenados;o30000.txt;0.002869
ordenados;o30000.txt;0.001870
ordenados;o30000.txt;0.001656
ordenados;o30000.txt;0.002440
ordenados;o30000.txt;0.001688
ordenados;o30000.txt;0.002606
ordenados;o30000.txt;0.001678
ordenados;o30000.txt;0.003362
ordenados;o30000.txt;0.001677
ordenados;o30000.txt;0.002142
ordenados;o30000.txt;0.001762
ordenados;o30000.txt;0.001711
ordenados;o30000.txt;0.002240
ordenados;o30000.txt;0.001745
ordenados;o30000.txt;0.002347
ordenados;o30000.txt;0.001762
ordenados;o30000.txt;0.001682
ordenados;o30000.txt;0.001711
ordenados;o30000.txt;0.001957
ordenados;o50000.txt;0.009648
ordenados;o50000.txt;0.003360
ordenados;o50000.txt;0.003564
ordenados;o50000.txt;0.004282
ordenados;o50000.txt;0.003470
ordenados;o50000.txt;0.003437
ordenados;o50000.txt;0.003572
ordenados;o50000.txt;0.003601
ordenados;o50000.txt;0.003291
ordenados;o50000.txt;0.003379
ordenados;o50000.txt;0.003355
ordenados;o50000.txt;0.003310
ordenados;o50000.txt;0.003437
ordenados;o50000.txt;0.003353
ordenados;o50000.txt;0.003493
ordenados;o50000.txt;0.004262
ordenados;o50000.txt;0.003321
ordenados;o50000.txt;0.004139
ordenados;o50000.txt;0.003480
ordenados;o50000.txt;0.005128
ordenados;o50000.txt;0.005049
ordenados;o50000.txt;0.004260
ordenados;o50000.txt;0.003456
ordenados;o50000.txt;0.004666
ordenados;o50000.txt;0.005538
ordenados;o50000.txt;0.003524
ordenados;o50000.txt;0.003952
ordenados;o50000.txt;0.004279
ordenados;o50000.txt;0.004296
ordenados;o50000.txt;0.003367
ordenados;o75000.txt;0.005637
ordenados;o75000.txt;0.005611
ordenados;o75000.txt;0.005650
ordenados;o75000.txt;0.005495
ordenados;o75000.txt;0.005682
ordenados;o75000.txt;0.005479
ordenados;o75000.txt;0.005654
ordenados;o75000.txt;0.005629
ordenados;o75000.txt;0.006810
ordenados;o75000.txt;0.008965
ordenados;o75000.txt;0.005678
ordenados;o75000.txt;0.005680
ordenados;o75000.txt;0.006250
ordenados;o75000.txt;0.006130
ordenados;o75000.txt;0.006198
ordenados;o75000.txt;0.005846
ordenados;o75000.txt;0.005640
ordenados;o75000.txt;0.005669
ordenados;o75000.txt;0.006132
ordenados;o75000.txt;0.007378
ordenados;o75000.txt;0.006113
ordenados;o75000.txt;0.005832
ordenados;o75000.txt;0.005600
ordenados;o75000.txt;0.005489
ordenados;o75000.txt;0.005531
ordenados;o75000.txt;0.005728
ordenados;o75000.txt;0.005785
ordenados;o75000.txt;0.005531
ordenados;o75000.txt;0.005445
ordenados;o75000.txt;0.005474
ordenados;o100000.txt;0.007168
ordenados;o100000.txt;0.007211
ordenados;o100000.txt;0.007342
ordenados;o100000.txt;0.007632
ordenados;o100000.txt;0.007103
ordenados;o100000.txt;0.007065
ordenados;o100000.txt;0.007094
ordenados;o100000.txt;0.006888
ordenados;o100000.txt;0.007218
ordenados;o100000.txt;0.007614
ordenados;o100000.txt;0.009378
ordenados;o100000.txt;0.007945
ordenados;o100000.txt;0.007251
ordenados;o100000.txt;0.007412
ordenados;o100000.txt;0.007969
ordenados;o100000.txt;0.007216
ordenados;o100000.txt;0.009255
ordenados;o100000.txt;0.008241
ordenados;o100000.txt;0.007176
ordenados;o100000.txt;0.007096
ordenados;o100000.txt;0.007196
ordenados;o100000.txt;0.007776
ordenados;o100000.txt;0.007103
ordenados;o100000.txt;0.007749
ordenados;o100000.txt;0.007005
ordenados;o100000.txt;0.006930
ordenados;o100000.txt;0.007011
ordenados;o100000.txt;0.007163
ordenados;o100000.txt;0.007243
ordenados;o100000.txt;0.006902
ordenados;o200000.txt;0.014657
ordenados;o200000.txt;0.014520
ordenados;o200000.txt;0.015446
ordenados;o200000.txt;0.014728
ordenados;o200000.txt;0.015151
ordenados;o200000.txt;0.014590
ordenados;o200000.txt;0.014454
ordenados;o200000.txt;0.014851
ordenados;o200000.txt;0.014606
ordenados;o200000.txt;0.014491
ordenados;o200000.txt;0.015111
ordenados;o200000.txt;0.014685
ordenados;o200000.txt;0.014526
ordenados;o200000.txt;0.014551
ordenados;o200000.txt;0.014692
ordenados;o200000.txt;0.015311
ordenados;o200000.txt;0.014651
ordenados;o200000.txt;0.014948
ordenados;o200000.txt;0.014568
ordenados;o200000.txt;0.014541
ordenados;o200000.txt;0.014468
ordenados;o200000.txt;0.015948
ordenados;o200000.txt;0.014608
ordenados;o200000.txt;0.014643
ordenados;o200000.txt;0.015618
ordenados;o200000.txt;0.015375
ordenados;o200000.txt;0.014563
ordenados;o200000.txt;0.014939
ordenados;o200000.txt;0.014460
ordenados;o200000.txt;0.014512
ordenados;o500000.txt;0.037646
ordenados;o500000.txt;0.037774
ordenados;o500000.txt;0.037410
ordenados;o500000.txt;0.037226
ordenados;o500000.txt;0.037510
ordenados;o500000.txt;0.037666
ordenados;o500000.txt;0.037269
ordenados;o500000.txt;0.037417
ordenados;o500000.txt;0.037338
ordenados;o500000.txt;0.037152
ordenados;o500000.txt;0.038405
ordenados;o500000.txt;0.037638
ordenados;o500000.txt;0.037695
ordenados;o500000.txt;0.037541
ordenados;o500000.txt;0.037535
ordenados;o500000.txt;0.037265
ordenados;o500000.txt;0.037279
ordenados;o500000.txt;0.040544
ordenados;o500000.txt;0.037596
ordenados;o500000.txt;0.038037
ordenados;o500000.txt;0.037619
ordenados;o500000.txt;0.037315
ordenados;o500000.txt;0.038183
ordenados;o500000.txt;0.037561
ordenados;o500000.txt;0.037751
ordenados;o500000.txt;0.037655
ordenados;o500000.txt;0.037468
ordenados;o500000.txt;0.037533
ordenados;o500000.txt;0.037608
ordenados;o500000.txt;0.037557
ordenados;o750000.txt;0.064004
ordenados;o750000.txt;0.063193
ordenados;o750000.txt;0.063774
ordenados;o750000.txt;0.063777
ordenados;o750000.txt;0.063401
ordenados;o750000.txt;0.063202
ordenados;o750000.txt;0.063120
ordenados;o750000.txt;0.063436
ordenados;o750000.txt;0.063880
ordenados;o750000.txt;0.063366
ordenados;o750000.txt;0.063328
ordenados;o750000.txt;0.063564
ordenados;o750000.txt;0.063147
ordenados;o750000.txt;0.063141
ordenados;o750000.txt;0.063803
ordenados;o750000.txt;0.063455
ordenados;o750000.txt;0.063480
ordenados;o750000.txt;0.063081
ordenados;o750000.txt;0.063246
ordenados;o750000.txt;0.063594
ordenados;o750000.txt;0.062895
ordenados;o750000.txt;0.063655
ordenados;o750000.txt;0.063151
ordenados;o750000.txt;0.063308
ordenados;o750000.txt;0.063460
ordenados;o750000.txt;0.063287
ordenados;o750000.txt;0.063706
ordenados;o750000.txt;0.063491
ordenados;o750000.txt;0.063529
ordenados;o750000.txt;0.063093
ordenados;o1000000.txt;0.081563
ordenados;o1000000.txt;0.081768
ordenados;o1000000.txt;0.081855
ordenados;o1000000.txt;0.081607
ordenados;o1000000.txt;0.081181
ordenados;o1000000.txt;0.081197
ordenados;o1000000.txt;0.081275
ordenados;o1000000.txt;0.081599
ordenados;o1000000.txt;0.081124
ordenados;o1000000.txt;0.081312
ordenados;o1000000.txt;0.081344
ordenados;o1000000.txt;0.082962
ordenados;o1000000.txt;0.083449
ordenados;o1000000.txt;0.082324
ordenados;o1000000.txt;0.083163
ordenados;o1000000.txt;0.082691
ordenados;o1000000.txt;0.083025
ordenados;o1000000.txt;0.082581
ordenados;o1000000.txt;0.082290
ordenados;o1000000.txt;0.082263
ordenados;o1000000.txt;0.082328
ordenados;o1000000.txt;0.082779
ordenados;o1000000.txt;0.082930
ordenados;o1000000.txt;0.082345
ordenados;o1000000.txt;0.082203
ordenados;o1000000.txt;0.081956
ordenados;o1000000.txt;0.082514
ordenados;o1000000.txt;0.082680
ordenados;o1000000.txt;0.082262
ordenados;o1000000.txt;0.082912
ordenados;o1250000.txt;0.119335
ordenados;o1250000.txt;0.118078
ordenados;o1250000.txt;0.117442
ordenados;o1250000.txt;0.117813
ordenados;o1250000.txt;0.118505
ordenados;o1250000.txt;0.117717
ordenados;o1250000.txt;0.117658
ordenados;o1250000.txt;0.118233
ordenados;o1250000.txt;0.117946
ordenados;o1250000.txt;0.118368
ordenados;o1250000.txt;0.118157
ordenados;o1250000.txt;0.117467
ordenados;o1250000.txt;0.119696
ordenados;o1250000.txt;0.118746
ordenados;o1250000.txt;0.118819
ordenados;o1250000.txt;0.118178
ordenados;o1250000.txt;0.117794
ordenados;o1250000.txt;0.117602
ordenados;o1250000.txt;0.119454
ordenados;o1250000.txt;0.118007
ordenados;o1250000.txt;0.117856
ordenados;o1250000.txt;0.117967
ordenados;o1250000.txt;0.117719
ordenados;o1250000.txt;0.117789
ordenados;o1250000.txt;0.117750
ordenados;o1250000.txt;0.117872
ordenados;o1250000.txt;0.118326
ordenados;o1250000.txt;0.117919
ordenados;o1250000.txt;0.117934
ordenados;o1250000.txt;0.119209
ordenados;o1500000.txt;0.135967
ordenados;o1500000.txt;0.136085
ordenados;o1500000.txt;0.137408
ordenados;o1500000.txt;0.136708
ordenados;o1500000.txt;0.136838
ordenados;o1500000.txt;0.135954
ordenados;o1500000.txt;0.135786
ordenados;o1500000.txt;0.137793
ordenados;o1500000.txt;0.136652
ordenados;o1500000.txt;0.136025
ordenados;o1500000.txt;0.135826
ordenados;o1500000.txt;0.136014
ordenados;o1500000.txt;0.136805
ordenados;o1500000.txt;0.136096
ordenados;o1500000.txt;0.135883
ordenados;o1500000.txt;0.137447
ordenados;o1500000.txt;0.135706
ordenados;o1500000.txt;0.136531
ordenados;o1500000.txt;0.135669
ordenados;o1500000.txt;0.136219
ordenados;o1500000.txt;0.136605
ordenados;o1500000.txt;0.135797
ordenados;o1500000.txt;0.145755
ordenados;o1500000.txt;0.136808
ordenados;o1500000.txt;0.137458
ordenados;o1500000.txt;0.135882
ordenados;o1500000.txt;0.135821
ordenados;o1500000.txt;0.136408
ordenados;o1500000.txt;0.136292
ordenados;o1500000.txt;0.136760
ordenados;o2000000.txt;0.174246
ordenados;o2000000.txt;0.174981
ordenados;o2000000.txt;0.176379
ordenados;o2000000.txt;0.174979
ordenados;o2000000.txt;0.177158
ordenados;o2000000.txt;0.175447
ordenados;o2000000.txt;0.175726
ordenados;o2000000.txt;0.175383
ordenados;o2000000.txt;0.174941
ordenados;o2000000.txt;0.175578
ordenados;o2000000.txt;0.175201
ordenados;o2000000.txt;0.176513
ordenados;o2000000.txt;0.175599
ordenados;o2000000.txt;0.175204
ordenados;o2000000.txt;0.175816
ordenados;o2000000.txt;0.175665
ordenados;o2000000.txt;0.175432
ordenados;o2000000.txt;0.174403
ordenados;o2000000.txt;0.175241
ordenados;o2000000.txt;0.176044
ordenados;o2000000.txt;0.175142
ordenados;o2000000.txt;0.175375
ordenados;o2000000.txt;0.176259
ordenados;o2000000.txt;0.175136
ordenados;o2000000.txt;0.175703
ordenados;o2000000.txt;0.175265
ordenados;o2000000.txt;0.175204
ordenados;o2000000.txt;0.176048
ordenados;o2000000.txt;0.176067
ordenados;o2000000.txt;0.175183
