Pasta;Arquivo;Tempo_Segundos
ordenados;o100.txt;0.000001
ordenados;o100.txt;0.000001
ordenados;o100.txt;0.000001
ordenados;o100.txt;0.000001
ordenados;o100.txt;0.000001
ordenados;o100.txt;0.000001
ordenados;o100.txt;0.000001
ordenados;o100.txt;0.000001
ordenados;o100.txt;0.000001
ordenados;o100.txt;0.000001
ordenados;o100.txt;0.000001
ordenados;o100.txt;0.000001
ordenados;o100.txt;0.000001
ordenados;o100.txt;0.000001
ordenados;o100.txt;0.000002
ordenados;o100.txt;0.000002
ordenados;o100.txt;0.000002
ordenados;o100.txt;0.000002
ordenados;o100.txt;0.000002
ordenados;o100.txt;0.000003
ordenados;o100.txt;0.000002
ordenados;o100.txt;0.000003
ordenados;o100.txt;0.000003
ordenados;o100.txt;0.000003
ordenados;o100.txt;0.000003
ordenados;o100.txt;0.000003
ordenados;o100.txt;0.000003
ordenados;o100.txt;0.000003
ordenados;o100.txt;0.000003
ordenados;o100.txt;0.000003
ordenados;o200.txt;0.000004
ordenados;o200.txt;0.000004
ordenados;o200.txt;0.000003
ordenados;o200.txt;0.000004
ordenados;o200.txt;0.000004
ordenados;o200.txt;0.000004
ordenados;o200.txt;0.000003
ordenados;o200.txt;0.000004
ordenados;o200.txt;0.000004
ordenados;o200.txt;0.000004
ordenados;o200.txt;0.000004
ordenados;o200.txt;0.000003
ordenados;o200.txt;0.000003
ordenados;o200.txt;0.000004
ordenados;o200.txt;0.000003
ordenados;o200.txt;0.000003
ordenados;o200.txt;0.000004
ordenados;o200.txt;0.000004
ordenados;o200.txt;0.000003
ordenados;o200.txt;0.000004
ordenados;o200.txt;0.000004
ordenados;o200.txt;0.000003
ordenados;o200.txt;0.000004
ordenados;o200.txt;0.000003
ordenados;o200.txt;0.000003
ordenados;o200.txt;0.000004
ordenados;o200.txt;0.000004
ordenados;o200.txt;0.000003
ordenados;o200.txt;0.000003
ordenados;o200.txt;0.000004
ordenados;o500.txt;0.000006
ordenados;o500.txt;0.000005
ordenados;o500.txt;0.000005
ordenados;o500.txt;0.000006
ordenados;o500.txt;0.000006
ordenados;o500.txt;0.000005
ordenados;o500.txt;0.000005
ordenados;o500.txt;0.000006
ordenados;o500.txt;0.000005
ordenados;o500.txt;0.000005
ordenados;o500.txt;0.000006
ordenados;o500.txt;0.000005
ordenados;o500.txt;0.000005
ordenados;o500.txt;0.000006
ordenados;o500.txt;0.000006
ordenados;o500.txt;0.000005
ordenados;o500.txt;0.000006
ordenados;o500.txt;0.000006
ordenados;o500.txt;0.000006
ordenados;o500.txt;0.000005
ordenados;o500.txt;0.000004
ordenados;o500.txt;0.000006
ordenados;o500.txt;0.000005
ordenados;o500.txt;0.000006
ordenados;o500.txt;0.000005
ordenados;o500.txt;0.000006
ordenados;o500.txt;0.000006
ordenados;o500.txt;0.000005
ordenados;o500.txt;0.000005
ordenados;o500.txt;0.000006
ordenados;o1000.txt;0.000008
ordenados;o1000.txt;0.000009
ordenados;o1000.txt;0.000007
ordenados;o1000.txt;0.000008
ordenados;o1000.txt;0.000007
ordenados;o1000.txt;0.000009
ordenados;o1000.txt;0.000009
ordenados;o1000.txt;0.000007
ordenados;o1000.txt;0.000009
ordenados;o1000.txt;0.000007
ordenados;o1000.txt;0.000009
ordenados;o1000.txt;0.000007
ordenados;o1000.txt;0.000007
ordenados;o1000.txt;0.000007
ordenados;o1000.txt;0.000007
ordenados;o1000.txt;0.000009
ordenados;o1000.txt;0.000009
ordenados;o1000.txt;0.000009
ordenados;o1000.txt;0.000009
ordenados;o1000.txt;0.000007
ordenados;o1000.txt;0.000009
ordenados;o1000.txt;0.000007
ordenados;o1000.txt;0.000007
ordenados;o1000.txt;0.000007
ordenados;o1000.txt;0.000007
ordenados;o1000.txt;0.000015
ordenados;o1000.txt;0.000007
ordenados;o1000.txt;0.000009
ordenados;o1000.txt;0.000009
ordenados;o1000.txt;0.000007
ordenados;o2000.txt;0.000012
ordenados;o2000.txt;0.000012
ordenados;o2000.txt;0.000012
ordenados;o2000.txt;0.000016
ordenados;o2000.txt;0.000015
ordenados;o2000.txt;0.000015
ordenados;o2000.txt;0.000013
ordenados;o2000.txt;0.000013
ordenados;o2000.txt;0.000011
ordenados;o2000.txt;0.000012
ordenados;o2000.txt;0.000012
ordenados;o2000.txt;0.000011
ordenados;o2000.txt;0.000016
ordenados;o2000.txt;0.000021
ordenados;o2000.txt;0.000011
ordenados;o2000.txt;0.000012
ordenados;o2000.txt;0.000011
ordenados;o2000.txt;0.000012
ordenados;o2000.txt;0.000011
ordenados;o2000.txt;0.000022
ordenados;o2000.txt;0.000016
ordenados;o2000.txt;0.000016
ordenados;o2000.txt;0.000010
ordenados;o2000.txt;0.000011
ordenados;o2000.txt;0.000011
ordenados;o2000.txt;0.000011
ordenados;o2000.txt;0.000011
ordenados;o2000.txt;0.000012
ordenados;o2000.txt;0.000011
ordenados;o2000.txt;0.000016
ordenados;o5000.txt;0.000028
ordenados;o5000.txt;0.000028
ordenados;o5000.txt;0.000027
ordenados;o5000.txt;0.000027
ordenados;o5000.txt;0.000027
ordenados;o5000.txt;0.000027
ordenados;o5000.txt;0.000027
ordenados;o5000.txt;0.000026
ordenados;o5000.txt;0.000027
ordenados;o5000.txt;0.000039
ordenados;o5000.txt;0.000028
ordenados;o5000.txt;0.000026
ordenados;o5000.txt;0.000026
ordenados;o5000.txt;0.000027
ordenados;o5000.txt;0.000027
ordenados;o5000.txt;0.000027
ordenados;o5000.txt;0.000026
ordenados;o5000.txt;0.000027
ordenados;o5000.txt;0.000027
ordenados;o5000.txt;0.000027
ordenados;o5000.txt;0.000027
ordenados;o5000.txt;0.000029
ordenados;o5000.txt;0.000026
ordenados;o5000.txt;0.000028
ordenados;o5000.txt;0.000027
ordenados;o5000.txt;0.000026
ordenados;o5000.txt;0.000026
ordenados;o5000.txt;0.000026
ordenados;o5000.txt;0.000028
ordenados;o5000.txt;0.000027
ordenados;o7500.txt;0.000037
ordenados;o7500.txt;0.000043
ordenados;o7500.txt;0.000037
ordenados;o7500.txt;0.000037
ordenados;o7500.txt;0.000038
ordenados;o7500.txt;0.000037
ordenados;o7500.txt;0.000037
ordenados;o7500.txt;0.000037
ordenados;o7500.txt;0.000032
ordenados;o7500.txt;0.000032
ordenados;o7500.txt;0.000035
ordenados;o7500.txt;0.000027
ordenados;o7500.txt;0.000037
ordenados;o7500.txt;0.000037
ordenados;o7500.txt;0.000045
ordenados;o7500.txt;0.000027
ordenados;o7500.txt;0.000039
ordenados;o7500.txt;0.000028
ordenados;o7500.txt;0.000035
ordenados;o7500.txt;0.000022
ordenados;o7500.txt;0.000016
ordenados;o7500.txt;0.000013
ordenados;o7500.txt;0.000013
ordenados;o7500.txt;0.000014
ordenados;o7500.txt;0.000014
ordenados;o7500.txt;0.000020
ordenados;o7500.txt;0.000020
ordenados;o7500.txt;0.000029
ordenados;o7500.txt;0.000014
ordenados;o7500.txt;0.000019
ordenados;o10000.txt;0.000025
ordenados;o10000.txt;0.000035
ordenados;o10000.txt;0.000045
ordenados;o10000.txt;0.000054
ordenados;o10000.txt;0.000048
ordenados;o10000.txt;0.000045
ordenados;o10000.txt;0.000046
ordenados;o10000.txt;0.000045
ordenados;o10000.txt;0.000024
ordenados;o10000.txt;0.000017
ordenados;o10000.txt;0.000024
ordenados;o10000.txt;0.000027
ordenados;o10000.txt;0.000040
ordenados;o10000.txt;0.000049
ordenados;o10000.txt;0.000048
ordenados;o10000.txt;0.000048
ordenados;o10000.txt;0.000052
ordenados;o10000.txt;0.000048
ordenados;o10000.txt;0.000069
ordenados;o10000.txt;0.000045
ordenados;o10000.txt;0.000048
ordenados;o10000.txt;0.000050
ordenados;o10000.txt;0.000045
ordenados;o10000.txt;0.000045
ordenados;o10000.txt;0.000039
ordenados;o10000.txt;0.000041
ordenados;o10000.txt;0.000024
ordenados;o10000.txt;0.000026
ordenados;o10000.txt;0.000044
ordenados;o10000.txt;0.000045
ordenados;o15000.txt;0.000070
ordenados;o15000.txt;0.000065
ordenados;o15000.txt;0.000070
ordenados;o15000.txt;0.000065
ordenados;o15000.txt;0.000035
ordenados;o15000.txt;0.000041
ordenados;o15000.txt;0.000025
ordenados;o15000.txt;0.000025
ordenados;o15000.txt;0.000024
ordenados;o15000.txt;0.000025
ordenados;o15000.txt;0.000037
ordenados;o15000.txt;0.000026
ordenados;o15000.txt;0.000029
ordenados;o15000.txt;0.000025
ordenados;o15000.txt;0.000037
ordenados;o15000.txt;0.000042
ordenados;o15000.txt;0.000027
ordenados;o15000.txt;0.000049
ordenados;o15000.txt;0.000069
ordenados;o15000.txt;0.000071
ordenados;o15000.txt;0.000069
ordenados;o15000.txt;0.000070
ordenados;o15000.txt;0.000025
ordenados;o15000.txt;0.000046
ordenados;o15000.txt;0.000043
ordenados;o15000.txt;0.000027
ordenados;o15000.txt;0.000036
ordenados;o15000.txt;0.000024
ordenados;o15000.txt;0.000025
ordenados;o15000.txt;0.000025
ordenados;o30000.txt;0.000069
ordenados;o30000.txt;0.000047
ordenados;o30000.txt;0.000098
ordenados;o30000.txt;0.000047
ordenados;o30000.txt;0.000098
ordenados;o30000.txt;0.000046
ordenados;o30000.txt;0.000134
ordenados;o30000.txt;0.000069
ordenados;o30000.txt;0.000050
ordenados;o30000.txt;0.000046
ordenados;o30000.txt;0.000124
ordenados;o30000.txt;0.000046
ordenados;o30000.txt;0.000092
ordenados;o30000.txt;0.000049
ordenados;o30000.txt;0.000046
ordenados;o30000.txt;0.000046
ordenados;o30000.txt;0.000046
ordenados;o30000.txt;0.000060
ordenados;o30000.txt;0.000046
ordenados;o30000.txt;0.000046
ordenados;o30000.txt;0.000086
ordenados;o30000.txt;0.000080
ordenados;o30000.txt;0.000046
ordenados;o30000.txt;0.000064
ordenados;o30000.txt;0.000083
ordenados;o30000.txt;0.000060
ordenados;o30000.txt;0.000114
ordenados;o30000.txt;0.000106
ordenados;o30000.txt;0.000088
ordenados;o30000.txt;0.000124
ordenados;o50000.txt;0.000078
ordenados;o50000.txt;0.000134
ordenados;o50000.txt;0.000077
ordenados;o50000.txt;0.000129
ordenados;o50000.txt;0.000207
ordenados;o50000.txt;0.000077
ordenados;o50000.txt;0.000077
ordenados;o50000.txt;0.000078
ordenados;o50000.txt;0.000077
ordenados;o50000.txt;0.000077
ordenados;o50000.txt;0.000156
ordenados;o50000.txt;0.000085
ordenados;o50000.txt;0.000077
ordenados;o50000.txt;0.000100
ordenados;o50000.txt;0.000077
ordenados;o50000.txt;0.000077
ordenados;o50000.txt;0.000077
ordenados;o50000.txt;0.000077
ordenados;o50000.txt;0.000077
ordenados;o50000.txt;0.000079
ordenados;o50000.txt;0.000078
ordenados;o50000.txt;0.000078
ordenados;o50000.txt;0.000106
ordenados;o50000.txt;0.000077
ordenados;o50000.txt;0.000142
ordenados;o50000.txt;0.000077
ordenados;o50000.txt;0.000079
ordenados;o50000.txt;0.000084
ordenados;o50000.txt;0.000079
ordenados;o50000.txt;0.000079
ordenados;o75000.txt;0.000120
ordenados;o75000.txt;0.000123
ordenados;o75000.txt;0.000135
ordenados;o75000.txt;0.000189
ordenados;o75000.txt;0.000122
ordenados;o75000.txt;0.000120
ordenados;o75000.txt;0.000120
ordenados;o75000.txt;0.000121
ordenados;o75000.txt;0.000121
ordenados;o75000.txt;0.000122
ordenados;o75000.txt;0.000144
ordenados;o75000.txt;0.000128
ordenados;o75000.txt;0.000121
ordenados;o75000.txt;0.000122
ordenados;o75000.txt;0.000122
ordenados;o75000.txt;0.000125
ordenados;o75000.txt;0.000121
ordenados;o75000.txt;0.000122
ordenados;o75000.txt;0.000162
ordenados;o75000.txt;0.000199
ordenados;o75000.txt;0.000149
ordenados;o75000.txt;0.000120
ordenados;o75000.txt;0.000118
ordenados;o75000.txt;0.000121
ordenados;o75000.txt;0.000140
ordenados;o75000.txt;0.000169
ordenados;o75000.txt;0.000120
ordenados;o75000.txt;0.000121
ordenados;o75000.txt;0.000158
ordenados;o75000.txt;0.000121
ordenados;o100000.txt;0.000158
ordenados;o100000.txt;0.000158
ordenados;o100000.txt;0.000158
ordenados;o100000.txt;0.000158
ordenados;o100000.txt;0.000157
ordenados;o100000.txt;0.000157
ordenados;o100000.txt;0.000158
ordenados;o100000.txt;0.000159
ordenados;o100000.txt;0.000157
ordenados;o100000.txt;0.000157
ordenados;o100000.txt;0.000158
ordenados;o100000.txt;0.000158
ordenados;o100000.txt;0.000161
ordenados;o100000.txt;0.000159
ordenados;o100000.txt;0.000159
ordenados;o100000.txt;0.000159
ordenados;o100000.txt;0.000159
ordenados;o100000.txt;0.000159
ordenados;o100000.txt;0.000160
ordenados;o100000.txt;0.000159
ordenados;o100000.txt;0.000159
ordenados;o100000.txt;0.000159
ordenados;o100000.txt;0.000157
ordenados;o100000.txt;0.000157
ordenados;o100000.txt;0.000158
ordenados;o100000.txt;0.000160
ordenados;o100000.txt;0.000159
ordenados;o100000.txt;0.000157
ordenados;o100000.txt;0.000157
ordenados;o100000.txt;0.000158
ordenados;o200000.txt;0.000309
ordenados;o200000.txt;0.000307
ordenados;o200000.txt;0.000307
ordenados;o200000.txt;0.000308
ordenados;o200000.txt;0.000310
ordenados;o200000.txt;0.000310
ordenados;o200000.txt;0.000309
ordenados;o200000.txt;0.000310
ordenados;o200000.txt;0.000310
ordenados;o200000.txt;0.000309
ordenados;o200000.txt;0.000309
ordenados;o200000.txt;0.000308
ordenados;o200000.txt;0.000312
ordenados;o200000.txt;0.000310
ordenados;o200000.txt;0.000307
ordenados;o200000.txt;0.000307
ordenados;o200000.txt;0.000307
ordenados;o200000.txt;0.000308
ordenados;o200000.txt;0.000307
ordenados;o200000.txt;0.000308
ordenados;o200000.txt;0.000308
ordenados;o200000.txt;0.000310
ordenados;o200000.txt;0.000309
ordenados;o200000.txt;0.000308
ordenados;o200000.txt;0.000369
ordenados;o200000.txt;0.000309
ordenados;o200000.txt;0.000308
ordenados;o200000.txt;0.000308
ordenados;o200000.txt;0.000311
ordenados;o200000.txt;0.000308
ordenados;o500000.txt;0.000764
ordenados;o500000.txt;0.000766
ordenados;o500000.txt;0.000763
ordenados;o500000.txt;0.000766
ordenados;o500000.txt;0.000764
ordenados;o500000.txt;0.000765
ordenados;o500000.txt;0.000764
ordenados;o500000.txt;0.000764
ordenados;o500000.txt;0.000764
ordenados;o500000.txt;0.000764
ordenados;o500000.txt;0.000767
ordenados;o500000.txt;0.000767
ordenados;o500000.txt;0.000764
ordenados;o500000.txt;0.000762
ordenados;o500000.txt;0.000766
ordenados;o500000.txt;0.000764
ordenados;o500000.txt;0.000767
ordenados;o500000.txt;0.000767
ordenados;o500000.txt;0.000766
ordenados;o500000.txt;0.000767
ordenados;o500000.txt;0.000763
ordenados;o500000.txt;0.000768
ordenados;o500000.txt;0.000764
ordenados;o500000.txt;0.000764
ordenados;o500000.txt;0.000765
ordenados;o500000.txt;0.000763
ordenados;o500000.txt;0.000766
ordenados;o500000.txt;0.000767
ordenados;o500000.txt;0.000770
ordenados;o500000.txt;0.000765
ordenados;o750000.txt;0.001146
ordenados;o750000.txt;0.001145
ordenados;o750000.txt;0.001148
ordenados;o750000.txt;0.001149
ordenados;o750000.txt;0.001143
ordenados;o750000.txt;0.001145
ordenados;o750000.txt;0.001146
ordenados;o750000.txt;0.001150
ordenados;o750000.txt;0.001143
ordenados;o750000.txt;0.001149
ordenados;o750000.txt;0.001145
ordenados;o750000.txt;0.001146
ordenados;o750000.txt;0.001146
ordenados;o750000.txt;0.001146
ordenados;o750000.txt;0.001180
ordenados;o750000.txt;0.001145
ordenados;o750000.txt;0.001149
ordenados;o750000.txt;0.001147
ordenados;o750000.txt;0.001217
ordenados;o750000.txt;0.001147
ordenados;o750000.txt;0.001145
ordenados;o750000.txt;0.001146
ordenados;o750000.txt;0.001146
ordenados;o750000.txt;0.001146
ordenados;o750000.txt;0.001149
ordenados;o750000.txt;0.001146
ordenados;o750000.txt;0.001148
ordenados;o750000.txt;0.001147
ordenados;o750000.txt;0.001147
ordenados;o750000.txt;0.001146
ordenados;o1000000.txt;0.001723
ordenados;o1000000.txt;0.001851
ordenados;o1000000.txt;0.001529
ordenados;o1000000.txt;0.001529
ordenados;o1000000.txt;0.001532
ordenados;o1000000.txt;0.001529
ordenados;o1000000.txt;0.001528
ordenados;o1000000.txt;0.001873
ordenados;o1000000.txt;0.001530
ordenados;o1000000.txt;0.001527
ordenados;o1000000.txt;0.001530
ordenados;o1000000.txt;0.001530
ordenados;o1000000.txt;0.001534
ordenados;o1000000.txt;0.001529
ordenados;o1000000.txt;0.001559
ordenados;o1000000.txt;0.001527
ordenados;o1000000.txt;0.001721
ordenados;o1000000.txt;0.001530
ordenados;o1000000.txt;0.001529
ordenados;o1000000.txt;0.001526
ordenados;o1000000.txt;0.001523
ordenados;o1000000.txt;0.001531
ordenados;o1000000.txt;0.001526
ordenados;o1000000.txt;0.001529
ordenados;o1000000.txt;0.001528
ordenados;o1000000.txt;0.001527
ordenados;o1000000.txt;0.001744
ordenados;o1000000.txt;0.001717
ordenados;o1000000.txt;0.001532
ordenados;o1000000.txt;0.001526
ordenados;o1250000.txt;0.001901
ordenados;o1250000.txt;0.001907
ordenados;o1250000.txt;0.001907
ordenados;o1250000.txt;0.001902
ordenados;o1250000.txt;0.001908
ordenados;o1250000.txt;0.001901
ordenados;o1250000.txt;0.001902
ordenados;o1250000.txt;0.001901
ordenados;o1250000.txt;0.001907
ordenados;o1250000.txt;0.001908
ordenados;o1250000.txt;0.001906
ordenados;o1250000.txt;0.001909
ordenados;o1250000.txt;0.001903
ordenados;o1250000.txt;0.001906
ordenados;o1250000.txt;0.001904
ordenados;o1250000.txt;0.001908
ordenados;o1250000.txt;0.001903
ordenados;o1250000.txt;0.001910
ordenados;o1250000.txt;0.001903
ordenados;o1250000.txt;0.001905
ordenados;o1250000.txt;0.001908
ordenados;o1250000.txt;0.001906
ordenados;o1250000.txt;0.002028
ordenados;o1250000.txt;0.001910
ordenados;o1250000.txt;0.002176
ordenados;o1250000.txt;0.001910
ordenados;o1250000.txt;0.001913
ordenados;o1250000.txt;0.002119
ordenados;o1250000.txt;0.001914
ordenados;o1250000.txt;0.001910
ordenados;o1500000.txt;0.002294
ordenados;o1500000.txt;0.002289
ordenados;o1500000.txt;0.002290
ordenados;o1500000.txt;0.002294
ordenados;o1500000.txt;0.002294
ordenados;o1500000.txt;0.002292
ordenados;o1500000.txt;0.002294
ordenados;o1500000.txt;0.002306
ordenados;o1500000.txt;0.002289
ordenados;o1500000.txt;0.002289
ordenados;o1500000.txt;0.002292
ordenados;o1500000.txt;0.002343
ordenados;o1500000.txt;0.002288
ordenados;o1500000.txt;0.002290
ordenados;o1500000.txt;0.002291
ordenados;o1500000.txt;0.002483
ordenados;o1500000.txt;0.002721
ordenados;o1500000.txt;0.002291
ordenados;o1500000.txt;0.002285
ordenados;o1500000.txt;0.002297
ordenados;o1500000.txt;0.002296
ordenados;o1500000.txt;0.002294
ordenados;o1500000.txt;0.002287
ordenados;o1500000.txt;0.002291
ordenados;o1500000.txt;0.002293
ordenados;o1500000.txt;0.002354
ordenados;o1500000.txt;0.002293
ordenados;o1500000.txt;0.002294
ordenados;o1500000.txt;0.002301
ordenados;o1500000.txt;0.002293
ordenados;o2000000.txt;0.003156
ordenados;o2000000.txt;0.003052
ordenados;o2000000.txt;0.003053
ordenados;o2000000.txt;0.003055
ordenados;o2000000.txt;0.003057
ordenados;o2000000.txt;0.003251
ordenados;o2000000.txt;0.003054
ordenados;o2000000.txt;0.003053
ordenados;o2000000.txt;0.003057
ordenados;o2000000.txt;0.003057
ordenados;o2000000.txt;0.003059
ordenados;o2000000.txt;0.003052
ordenados;o2000000.txt;0.003057
ordenados;o2000000.txt;0.003054
ordenados;o2000000.txt;0.003055
ordenados;o2000000.txt;0.003611
ordenados;o2000000.txt;0.003053
ordenados;o2000000.txt;0.003056
ordenados;o2000000.txt;0.003057
ordenados;o2000000.txt;0.003060
ordenados;o2000000.txt;0.003049
ordenados;o2000000.txt;0.003051
ordenados;o2000000.txt;0.003126
ordenados;o2000000.txt;0.003055
ordenados;o2000000.txt;0.003056
ordenados;o2000000.txt;0.003047
ordenados;o2000000.txt;0.003053
ordenados;o2000000.txt;0.003056
ordenados;o2000000.txt;0.003052
ordenados;o2000000.txt;0.003053
