ordenados;o100.txt;0.000016
ordenados;o100.txt;0.000013
ordenados;o100.txt;0.000011
ordenados;o100.txt;0.000011
ordenados;o100.txt;0.000013
ordenados;o100.txt;0.000014
ordenados;o100.txt;0.000013
ordenados;o100.txt;0.000011
ordenados;o100.txt;0.000014
ordenados;o100.txt;0.000013
ordenados;o100.txt;0.000011
ordenados;o100.txt;0.000016
ordenados;o100.txt;0.000011
ordenados;o100.txt;0.000011
ordenados;o100.txt;0.000013
ordenados;o100.txt;0.000014
ordenados;o100.txt;0.000013
ordenados;o100.txt;0.000011
ordenados;o100.txt;0.000011
ordenados;o100.txt;0.000013
ordenados;o100.txt;0.000011
ordenados;o100.txt;0.000013
ordenados;o100.txt;0.000011
ordenados;o100.txt;0.000014
ordenados;o100.txt;0.000018
ordenados;o100.txt;0.000011
ordenados;o100.txt;0.000011
ordenados;o100.txt;0.000011
ordenados;o100.txt;0.000018
ordenados;o100.txt;0.000011
ordenados;o200.txt;0.000017
ordenados;o200.txt;0.000015
ordenados;o200.txt;0.000015
ordenados;o200.txt;0.000012
ordenados;o200.txt;0.000015
ordenados;o200.txt;0.000016
ordenados;o200.txt;0.000013
ordenados;o200.txt;0.000015
ordenados;o200.txt;0.000013
ordenados;o200.txt;0.000015
ordenados;o200.txt;0.000013
ordenados;o200.txt;0.000015
ordenados;o200.txt;0.000013
ordenados;o200.txt;0.000013
ordenados;o200.txt;0.000013
ordenados;o200.txt;0.000013
ordenados;o200.txt;0.000015
ordenados;o200.txt;0.000013
ordenados;o200.txt;0.000013
ordenados;o200.txt;0.000016
ordenados;o200.txt;0.000015
ordenados;o200.txt;0.000015
ordenados;o200.txt;0.000013
ordenados;o200.txt;0.000018
ordenados;o200.txt;0.000015
ordenados;o200.txt;0.000015
ordenados;o200.txt;0.000013
ordenados;o200.txt;0.000013
ordenados;o200.txt;0.000016
ordenados;o200.txt;0.000013
ordenados;o500.txt;0.000018
ordenados;o500.txt;0.000017
ordenados;o500.txt;0.000024
ordenados;o500.txt;0.000018
ordenados;o500.txt;0.000018
ordenados;o500.txt;0.000020
ordenados;o500.txt;0.000018
ordenados;o500.txt;0.000020
ordenados;o500.txt;0.000019
ordenados;o500.txt;0.000020
ordenados;o500.txt;0.000018
ordenados;o500.txt;0.000020
ordenados;o500.txt;0.000020
ordenados;o500.txt;0.000020
ordenados;o500.txt;0.000018
ordenados;o500.txt;0.000018
ordenados;o500.txt;0.000021
ordenados;o500.txt;0.000020
ordenados;o500.txt;0.000017
ordenados;o500.txt;0.000018
ordenados;o500.txt;0.000020
ordenados;o500.txt;0.000020
ordenados;o500.txt;0.000018
ordenados;o500.txt;0.000018
ordenados;o500.txt;0.000017
ordenados;o500.txt;0.000022
ordenados;o500.txt;0.000018
ordenados;o500.txt;0.000018
ordenados;o500.txt;0.000020
ordenados;o500.txt;0.000020
ordenados;o1000.txt;0.000026
ordenados;o1000.txt;0.000024
ordenados;o1000.txt;0.000025
ordenados;o1000.txt;0.000026
ordenados;o1000.txt;0.000025
ordenados;o1000.txt;0.000028
ordenados;o1000.txt;0.000025
ordenados;o1000.txt;0.000025
ordenados;o1000.txt;0.000028
ordenados;o1000.txt;0.000025
ordenados;o1000.txt;0.000027
ordenados;o1000.txt;0.000026
ordenados;o1000.txt;0.000028
ordenados;o1000.txt;0.000028
ordenados;o1000.txt;0.000024
ordenados;o1000.txt;0.000028
ordenados;o1000.txt;0.000027
ordenados;o1000.txt;0.000025
ordenados;o1000.txt;0.000027
ordenados;o1000.txt;0.000028
ordenados;o1000.txt;0.000026
ordenados;o1000.txt;0.000028
ordenados;o1000.txt;0.000027
ordenados;o1000.txt;0.000025
ordenados;o1000.txt;0.000027
ordenados;o1000.txt;0.000027
ordenados;o1000.txt;0.000028
ordenados;o1000.txt;0.000025
ordenados;o1000.txt;0.000025
ordenados;o1000.txt;0.000027
ordenados;o2000.txt;0.000045
ordenados;o2000.txt;0.000519
ordenados;o2000.txt;0.000046
ordenados;o2000.txt;0.000045
ordenados;o2000.txt;0.000045
ordenados;o2000.txt;0.000603
ordenados;o2000.txt;0.000045
ordenados;o2000.txt;0.000045
ordenados;o2000.txt;0.000045
ordenados;o2000.txt;0.000047
ordenados;o2000.txt;0.000045
ordenados;o2000.txt;0.000040
ordenados;o2000.txt;0.000631
ordenados;o2000.txt;0.000045
ordenados;o2000.txt;0.000049
ordenados;o2000.txt;0.000047
ordenados;o2000.txt;0.000050
ordenados;o2000.txt;0.000046
ordenados;o2000.txt;0.000561
ordenados;o2000.txt;0.000045
ordenados;o2000.txt;0.000051
ordenados;o2000.txt;0.000041
ordenados;o2000.txt;0.000493
ordenados;o2000.txt;0.000038
ordenados;o2000.txt;0.000044
ordenados;o2000.txt;0.000046
ordenados;o2000.txt;0.000040
ordenados;o2000.txt;0.000047
ordenados;o2000.txt;0.000768
ordenados;o2000.txt;0.000046
ordenados;o5000.txt;0.000088
ordenados;o5000.txt;0.000087
ordenados;o5000.txt;0.000093
ordenados;o5000.txt;0.000095
ordenados;o5000.txt;0.000086
ordenados;o5000.txt;0.000089
ordenados;o5000.txt;0.000089
ordenados;o5000.txt;0.000091
ordenados;o5000.txt;0.000092
ordenados;o5000.txt;0.000088
ordenados;o5000.txt;0.000087
ordenados;o5000.txt;0.000094
ordenados;o5000.txt;0.000087
ordenados;o5000.txt;0.000087
ordenados;o5000.txt;0.000093
ordenados;o5000.txt;0.000081
ordenados;o5000.txt;0.000083
ordenados;o5000.txt;0.000087
ordenados;o5000.txt;0.000093
ordenados;o5000.txt;0.000083
ordenados;o5000.txt;0.000097
ordenados;o5000.txt;0.000087
ordenados;o5000.txt;0.000091
ordenados;o5000.txt;0.000100
ordenados;o5000.txt;0.000090
ordenados;o5000.txt;0.000084
ordenados;o5000.txt;0.000085
ordenados;o5000.txt;0.000087
ordenados;o5000.txt;0.000088
ordenados;o5000.txt;0.000089
ordenados;o7500.txt;0.000118
ordenados;o7500.txt;0.000122
ordenados;o7500.txt;0.000123
ordenados;o7500.txt;0.000120
ordenados;o7500.txt;0.000132
ordenados;o7500.txt;0.000121
ordenados;o7500.txt;0.000126
ordenados;o7500.txt;0.000131
ordenados;o7500.txt;0.000126
ordenados;o7500.txt;0.000123
ordenados;o7500.txt;0.000127
ordenados;o7500.txt;0.000126
ordenados;o7500.txt;0.000147
ordenados;o7500.txt;0.000128
ordenados;o7500.txt;0.000128
ordenados;o7500.txt;0.000123
ordenados;o7500.txt;0.000132
ordenados;o7500.txt;0.000120
ordenados;o7500.txt;0.000120
ordenados;o7500.txt;0.000139
ordenados;o7500.txt;0.000123
ordenados;o7500.txt;0.000118
ordenados;o7500.txt;0.000130
ordenados;o7500.txt;0.000125
ordenados;o7500.txt;0.000127
ordenados;o7500.txt;0.000126
ordenados;o7500.txt;0.000129
ordenados;o7500.txt;0.000123
ordenados;o7500.txt;0.000123
ordenados;o7500.txt;0.000125
ordenados;o10000.txt;0.000198
ordenados;o10000.txt;0.000191
ordenados;o10000.txt;0.000183
ordenados;o10000.txt;0.000198
ordenados;o10000.txt;0.000192
ordenados;o10000.txt;0.000199
ordenados;o10000.txt;0.000192
ordenados;o10000.txt;0.000191
ordenados;o10000.txt;0.000195
ordenados;o10000.txt;0.000189
ordenados;o10000.txt;0.000199
ordenados;o10000.txt;0.000186
ordenados;o10000.txt;0.000177
ordenados;o10000.txt;0.000190
ordenados;o10000.txt;0.000192
ordenados;o10000.txt;0.000178
ordenados;o10000.txt;0.000181
ordenados;o10000.txt;0.000197
ordenados;o10000.txt;0.000188
ordenados;o10000.txt;0.000188
ordenados;o10000.txt;0.000190
ordenados;o10000.txt;0.000188
ordenados;o10000.txt;0.000198
ordenados;o10000.txt;0.000185
ordenados;o10000.txt;0.000198
ordenados;o10000.txt;0.000195
ordenados;o10000.txt;0.000191
ordenados;o10000.txt;0.000192
ordenados;o10000.txt;0.000190
ordenados;o10000.txt;0.000196
ordenados;o15000.txt;0.000307
ordenados;o15000.txt;0.000277
ordenados;o15000.txt;0.000312
ordenados;o15000.txt;0.000271
ordenados;o15000.txt;0.000282
ordenados;o15000.txt;0.000294
ordenados;o15000.txt;0.000276
ordenados;o15000.txt;0.000282
ordenados;o15000.txt;0.000289
ordenados;o15000.txt;0.000322
ordenados;o15000.txt;0.000282
ordenados;o15000.txt;0.000272
ordenados;o15000.txt;0.000297
ordenados;o15000.txt;0.000288
ordenados;o15000.txt;0.000265
ordenados;o15000.txt;0.000274
ordenados;o15000.txt;0.000279
ordenados;o15000.txt;0.000264
ordenados;o15000.txt;0.000283
ordenados;o15000.txt;0.000283
ordenados;o15000.txt;0.000277
ordenados;o15000.txt;0.000268
ordenados;o15000.txt;0.000272
ordenados;o15000.txt;0.000286
ordenados;o15000.txt;0.000262
ordenados;o15000.txt;0.000269
ordenados;o15000.txt;0.000283
ordenados;o15000.txt;0.000308
ordenados;o15000.txt;0.000287
ordenados;o15000.txt;0.000276
ordenados;o30000.txt;0.000557
ordenados;o30000.txt;0.000596
ordenados;o30000.txt;0.000569
ordenados;o30000.txt;0.000561
ordenados;o30000.txt;0.000580
ordenados;o30000.txt;0.000555
ordenados;o30000.txt;0.000564
ordenados;o30000.txt;0.000573
ordenados;o30000.txt;0.000557
ordenados;o30000.txt;0.000558
ordenados;o30000.txt;0.000562
ordenados;o30000.txt;0.000550
ordenados;o30000.txt;0.000568
ordenados;o30000.txt;0.000582
ordenados;o30000.txt;0.000559
ordenados;o30000.txt;0.000560
ordenados;o30000.txt;0.000552
ordenados;o30000.txt;0.000557
ordenados;o30000.txt;0.000578
ordenados;o30000.txt;0.000545
ordenados;o30000.txt;0.000561
ordenados;o30000.txt;0.000562
ordenados;o30000.txt;0.000564
ordenados;o30000.txt;0.000580
ordenados;o30000.txt;0.000546
ordenados;o30000.txt;0.000569
ordenados;o30000.txt;0.000551
ordenados;o30000.txt;0.000566
ordenados;o30000.txt;0.000563
ordenados;o30000.txt;0.000573
ordenados;o50000.txt;0.000903
ordenados;o50000.txt;0.000968
ordenados;o50000.txt;0.000917
ordenados;o50000.txt;0.001015
ordenados;o50000.txt;0.000925
ordenados;o50000.txt;0.000929
ordenados;o50000.txt;0.000969
ordenados;o50000.txt;0.000893
ordenados;o50000.txt;0.000901
ordenados;o50000.txt;0.000883
ordenados;o50000.txt;0.001108
ordenados;o50000.txt;0.000967
ordenados;o50000.txt;0.000924
ordenados;o50000.txt;0.000897
ordenados;o50000.txt;0.000921
ordenados;o50000.txt;0.000898
ordenados;o50000.txt;0.000909
ordenados;o50000.txt;0.000903
ordenados;o50000.txt;0.000896
ordenados;o50000.txt;0.000900
ordenados;o50000.txt;0.000961
ordenados;o50000.txt;0.000926
ordenados;o50000.txt;0.000914
ordenados;o50000.txt;0.000935
ordenados;o50000.txt;0.000980
ordenados;o50000.txt;0.000887
ordenados;o50000.txt;0.000948
ordenados;o50000.txt;0.000907
ordenados;o50000.txt;0.000893
ordenados;o50000.txt;0.000916
ordenados;o75000.txt;0.001379
ordenados;o75000.txt;0.001331
ordenados;o75000.txt;0.001335
ordenados;o75000.txt;0.001370
ordenados;o75000.txt;0.001346
ordenados;o75000.txt;0.001330
ordenados;o75000.txt;0.001376
ordenados;o75000.txt;0.001328
ordenados;o75000.txt;0.001349
ordenados;o75000.txt;0.001398
ordenados;o75000.txt;0.001309
ordenados;o75000.txt;0.001295
ordenados;o75000.txt;0.001332
ordenados;o75000.txt;0.001318
ordenados;o75000.txt;0.001290
ordenados;o75000.txt;0.001322
ordenados;o75000.txt;0.001323
ordenados;o75000.txt;0.001322
ordenados;o75000.txt;0.001246
ordenados;o75000.txt;0.001380
ordenados;o75000.txt;0.001374
ordenados;o75000.txt;0.001285
ordenados;o75000.txt;0.001353
ordenados;o75000.txt;0.001391
ordenados;o75000.txt;0.001323
ordenados;o75000.txt;0.001351
ordenados;o75000.txt;0.001293
ordenados;o75000.txt;0.001282
ordenados;o75000.txt;0.001316
ordenados;o75000.txt;0.001307
ordenados;o100000.txt;0.001664
ordenados;o100000.txt;0.001720
ordenados;o100000.txt;0.001865
ordenados;o100000.txt;0.001708
ordenados;o100000.txt;0.001760
ordenados;o100000.txt;0.001609
ordenados;o100000.txt;0.001707
ordenados;o100000.txt;0.001673
ordenados;o100000.txt;0.001699
ordenados;o100000.txt;0.001670
ordenados;o100000.txt;0.001811
ordenados;o100000.txt;0.001547
ordenados;o100000.txt;0.001604
ordenados;o100000.txt;0.001648
ordenados;o100000.txt;0.001756
ordenados;o100000.txt;0.001670
ordenados;o100000.txt;0.001613
ordenados;o100000.txt;0.001651
ordenados;o100000.txt;0.001733
ordenados;o100000.txt;0.001650
ordenados;o100000.txt;0.001602
ordenados;o100000.txt;0.001706
ordenados;o100000.txt;0.001665
ordenados;o100000.txt;0.001712
ordenados;o100000.txt;0.001653
ordenados;o100000.txt;0.001614
ordenados;o100000.txt;0.001669
ordenados;o100000.txt;0.001686
ordenados;o100000.txt;0.001608
ordenados;o100000.txt;0.001652
ordenados;o200000.txt;0.003001
ordenados;o200000.txt;0.002968
ordenados;o200000.txt;0.003038
ordenados;o200000.txt;0.003059
ordenados;o200000.txt;0.003034
ordenados;o200000.txt;0.003079
ordenados;o200000.txt;0.003283
ordenados;o200000.txt;0.002871
ordenados;o200000.txt;0.003122
ordenados;o200000.txt;0.003016
ordenados;o200000.txt;0.003099
ordenados;o200000.txt;0.002824
ordenados;o200000.txt;0.003024
ordenados;o200000.txt;0.003001
ordenados;o200000.txt;0.003171
ordenados;o200000.txt;0.002777
ordenados;o200000.txt;0.002847
ordenados;o200000.txt;0.003043
ordenados;o200000.txt;0.003108
ordenados;o200000.txt;0.003103
ordenados;o200000.txt;0.003033
ordenados;o200000.txt;0.002974
ordenados;o200000.txt;0.003187
ordenados;o200000.txt;0.002989
ordenados;o200000.txt;0.002902
ordenados;o200000.txt;0.003023
ordenados;o200000.txt;0.003058
ordenados;o200000.txt;0.003047
ordenados;o200000.txt;0.002965
ordenados;o200000.txt;0.002870
ordenados;o500000.txt;0.006706
ordenados;o500000.txt;0.006670
ordenados;o500000.txt;0.007125
ordenados;o500000.txt;0.006883
ordenados;o500000.txt;0.006275
ordenados;o500000.txt;0.006829
ordenados;o500000.txt;0.006951
ordenados;o500000.txt;0.006691
ordenados;o500000.txt;0.006605
ordenados;o500000.txt;0.007312
ordenados;o500000.txt;0.006545
ordenados;o500000.txt;0.006968
ordenados;o500000.txt;0.007121
ordenados;o500000.txt;0.006442
ordenados;o500000.txt;0.006777
ordenados;o500000.txt;0.006900
ordenados;o500000.txt;0.007111
ordenados;o500000.txt;0.006933
ordenados;o500000.txt;0.007168
ordenados;o500000.txt;0.007227
ordenados;o500000.txt;0.006727
ordenados;o500000.txt;0.006964
ordenados;o500000.txt;0.006744
ordenados;o500000.txt;0.006512
ordenados;o500000.txt;0.006883
ordenados;o500000.txt;0.006796
ordenados;o500000.txt;0.006879
ordenados;o500000.txt;0.006630
ordenados;o500000.txt;0.006531
ordenados;o500000.txt;0.006513
ordenados;o750000.txt;0.009951
ordenados;o750000.txt;0.009832
ordenados;o750000.txt;0.009741
ordenados;o750000.txt;0.010536
ordenados;o750000.txt;0.009985
ordenados;o750000.txt;0.010387
ordenados;o750000.txt;0.009615
ordenados;o750000.txt;0.009636
ordenados;o750000.txt;0.010446
ordenados;o750000.txt;0.010213
ordenados;o750000.txt;0.010366
ordenados;o750000.txt;0.009425
ordenados;o750000.txt;0.010230
ordenados;o750000.txt;0.009769
ordenados;o750000.txt;0.009175
ordenados;o750000.txt;0.009803
ordenados;o750000.txt;0.009282
ordenados;o750000.txt;0.009729
ordenados;o750000.txt;0.010364
ordenados;o750000.txt;0.009820
ordenados;o750000.txt;0.009592
ordenados;o750000.txt;0.009908
ordenados;o750000.txt;0.010536
ordenados;o750000.txt;0.009425
ordenados;o750000.txt;0.009922
ordenados;o750000.txt;0.009709
ordenados;o750000.txt;0.009458
ordenados;o750000.txt;0.009371
ordenados;o750000.txt;0.009698
ordenados;o750000.txt;0.009887
ordenados;o1000000.txt;0.012246
ordenados;o1000000.txt;0.012750
ordenados;o1000000.txt;0.012749
ordenados;o1000000.txt;0.013054
ordenados;o1000000.txt;0.013029
ordenados;o1000000.txt;0.012857
ordenados;o1000000.txt;0.013094
ordenados;o1000000.txt;0.012908
ordenados;o1000000.txt;0.013014
ordenados;o1000000.txt;0.012390
ordenados;o1000000.txt;0.012740
ordenados;o1000000.txt;0.012247
ordenados;o1000000.txt;0.013832
ordenados;o1000000.txt;0.012557
ordenados;o1000000.txt;0.012239
ordenados;o1000000.txt;0.012841
ordenados;o1000000.txt;0.013189
ordenados;o1000000.txt;0.012272
ordenados;o1000000.txt;0.012687
ordenados;o1000000.txt;0.013055
ordenados;o1000000.txt;0.012518
ordenados;o1000000.txt;0.013115
ordenados;o1000000.txt;0.012874
ordenados;o1000000.txt;0.012238
ordenados;o1000000.txt;0.013256
ordenados;o1000000.txt;0.013035
ordenados;o1000000.txt;0.012996
ordenados;o1000000.txt;0.012440
ordenados;o1000000.txt;0.013488
ordenados;o1000000.txt;0.012401
ordenados;o1250000.txt;0.015241
ordenados;o1250000.txt;0.015179
ordenados;o1250000.txt;0.016277
ordenados;o1250000.txt;0.016431
ordenados;o1250000.txt;0.015884
ordenados;o1250000.txt;0.016397
ordenados;o1250000.txt;0.015919
ordenados;o1250000.txt;0.015724
ordenados;o1250000.txt;0.016323
ordenados;o1250000.txt;0.015738
ordenados;o1250000.txt;0.015969
ordenados;o1250000.txt;0.015320
ordenados;o1250000.txt;0.015310
ordenados;o1250000.txt;0.015272
ordenados;o1250000.txt;0.015840
ordenados;o1250000.txt;0.015988
ordenados;o1250000.txt;0.014910
ordenados;o1250000.txt;0.016360
ordenados;o1250000.txt;0.016192
ordenados;o1250000.txt;0.015800
ordenados;o1250000.txt;0.016380
ordenados;o1250000.txt;0.015340
ordenados;o1250000.txt;0.015824
ordenados;o1250000.txt;0.016293
ordenados;o1250000.txt;0.016054
ordenados;o1250000.txt;0.015289
ordenados;o1250000.txt;0.015834
ordenados;o1250000.txt;0.016175
ordenados;o1250000.txt;0.015829
ordenados;o1250000.txt;0.015304
ordenados;o1500000.txt;0.018524
ordenados;o1500000.txt;0.018897
ordenados;o1500000.txt;0.017962
ordenados;o1500000.txt;0.019330
ordenados;o1500000.txt;0.019253
ordenados;o1500000.txt;0.017745
ordenados;o1500000.txt;0.018428
ordenados;o1500000.txt;0.019617
ordenados;o1500000.txt;0.018727
ordenados;o1500000.txt;0.017866
ordenados;o1500000.txt;0.018064
ordenados;o1500000.txt;0.018470
ordenados;o1500000.txt;0.020094
ordenados;o1500000.txt;0.018860
ordenados;o1500000.txt;0.018032
ordenados;o1500000.txt;0.019258
ordenados;o1500000.txt;0.019692
ordenados;o1500000.txt;0.019936
ordenados;o1500000.txt;0.017599
ordenados;o1500000.txt;0.018982
ordenados;o1500000.txt;0.018364
ordenados;o1500000.txt;0.018509
ordenados;o1500000.txt;0.018464
ordenados;o1500000.txt;0.018825
ordenados;o1500000.txt;0.018310
ordenados;o1500000.txt;0.019018
ordenados;o1500000.txt;0.018359
ordenados;o1500000.txt;0.018714
ordenados;o1500000.txt;0.018574
ordenados;o1500000.txt;0.018569
ordenados;o2000000.txt;0.026531
ordenados;o2000000.txt;0.023716
ordenados;o2000000.txt;0.025429
ordenados;o2000000.txt;0.023573
ordenados;o2000000.txt;0.025725
ordenados;o2000000.txt;0.024400
ordenados;o2000000.txt;0.023937
ordenados;o2000000.txt;0.024737
ordenados;o2000000.txt;0.024732
ordenados;o2000000.txt;0.024901
ordenados;o2000000.txt;0.023497
ordenados;o2000000.txt;0.024906
ordenados;o2000000.txt;0.024378
ordenados;o2000000.txt;0.023645
ordenados;o2000000.txt;0.024494
ordenados;o2000000.txt;0.026010
ordenados;o2000000.txt;0.025137
ordenados;o2000000.txt;0.024542
ordenados;o2000000.txt;0.023993
ordenados;o2000000.txt;0.023687
ordenados;o2000000.txt;0.024767
ordenados;o2000000.txt;0.025255
ordenados;o2000000.txt;0.024041
ordenados;o2000000.txt;0.024570
ordenados;o2000000.txt;0.024474
ordenados;o2000000.txt;0.026192
ordenados;o2000000.txt;0.026037
ordenados;o2000000.txt;0.024644
ordenados;o2000000.txt;0.024759
ordenados;o2000000.txt;0.025286
