Pasta;Arquivo;Tempo_Segundos
ordenados;o100.txt;5.679e-06
ordenados;o100.txt;5.811e-06
ordenados;o100.txt;5.983e-06
ordenados;o100.txt;5.684e-06
ordenados;o100.txt;5.856e-06
ordenados;o100.txt;5.829e-06
ordenados;o100.txt;5.879e-06
ordenados;o100.txt;5.991e-06
ordenados;o100.txt;7.632e-06
ordenados;o100.txt;7.941e-06
ordenados;o100.txt;1.0109e-05
ordenados;o100.txt;1.1131e-05
ordenados;o100.txt;1.0081e-05
ordenados;o100.txt;1.3735e-05
ordenados;o100.txt;1.5696e-05
ordenados;o100.txt;1.5394e-05
ordenados;o100.txt;1.8984e-05
ordenados;o100.txt;1.5617e-05
ordenados;o100.txt;1.5623e-05
ordenados;o100.txt;1.5435e-05
ordenados;o100.txt;1.5444e-05
ordenados;o100.txt;1.5873e-05
ordenados;o100.txt;1.568e-05
ordenados;o100.txt;1.5503e-05
ordenados;o100.txt;1.5721e-05
ordenados;o100.txt;1.3951e-05
ordenados;o100.txt;1.5504e-05
ordenados;o100.txt;1.0519e-05
ordenados;o100.txt;1.2514e-05
ordenados;o100.txt;1.5642e-05
ordenados;o200.txt;3.9217e-05
ordenados;o200.txt;3.126e-05
ordenados;o200.txt;3.76e-05
ordenados;o200.txt;3.1972e-05
ordenados;o200.txt;3.1343e-05
ordenados;o200.txt;3.0244e-05
ordenados;o200.txt;2.9321e-05
ordenados;o200.txt;3.1759e-05
ordenados;o200.txt;3.1413e-05
ordenados;o200.txt;3.908e-05
ordenados;o200.txt;3.1207e-05
ordenados;o200.txt;3.1033e-05
ordenados;o200.txt;3.9008e-05
ordenados;o200.txt;3.1744e-05
ordenados;o200.txt;3.8615e-05
ordenados;o200.txt;3.0829e-05
ordenados;o200.txt;3.1117e-05
ordenados;o200.txt;3.1271e-05
ordenados;o200.txt;3.7529e-05
ordenados;o200.txt;3.1372e-05
ordenados;o200.txt;3.1521e-05
ordenados;o200.txt;3.8086e-05
ordenados;o200.txt;3.849e-05
ordenados;o200.txt;3.174e-05
ordenados;o200.txt;3.0981e-05
ordenados;o200.txt;3.1636e-05
ordenados;o200.txt;3.1302e-05
ordenados;o200.txt;3.8054e-05
ordenados;o200.txt;3.1366e-05
ordenados;o200.txt;3.6258e-05
ordenados;o500.txt;7.9289e-05
ordenados;o500.txt;7.6413e-05
ordenados;o500.txt;8.8858e-05
ordenados;o500.txt;9.4177e-05
ordenados;o500.txt;7.9698e-05
ordenados;o500.txt;9.1298e-05
ordenados;o500.txt;7.9803e-05
ordenados;o500.txt;8.9096e-05
ordenados;o500.txt;7.203e-05
ordenados;o500.txt;7.97e-05
ordenados;o500.txt;6.9418e-05
ordenados;o500.txt;7.9784e-05
ordenados;o500.txt;0.000108244
ordenados;o500.txt;7.9231e-05
ordenados;o500.txt;9.0743e-05
ordenados;o500.txt;7.9702e-05
ordenados;o500.txt;7.0273e-05
ordenados;o500.txt;7.9699e-05
ordenados;o500.txt;7.3978e-05
ordenados;o500.txt;7.9953e-05
ordenados;o500.txt;7.9268e-05
ordenados;o500.txt;9.2375e-05
ordenados;o500.txt;9.6589e-05
ordenados;o500.txt;7.9698e-05
ordenados;o500.txt;7.1897e-05
ordenados;o500.txt;9.8039e-05
ordenados;o500.txt;9.3419e-05
ordenados;o500.txt;8.0546e-05
ordenados;o500.txt;8.9735e-05
ordenados;o500.txt;8.0078e-05
ordenados;o1000.txt;0.000151179
ordenados;o1000.txt;0.000149091
ordenados;o1000.txt;0.00019345
ordenados;o1000.txt;0.000173218
ordenados;o1000.txt;0.000153474
ordenados;o1000.txt;0.00019712
ordenados;o1000.txt;0.000173385
ordenados;o1000.txt;0.000173495
ordenados;o1000.txt;0.000173362
ordenados;o1000.txt;0.000151308
ordenados;o1000.txt;0.000151757
ordenados;o1000.txt;0.000174187
ordenados;o1000.txt;0.000158586
ordenados;o1000.txt;0.000173505
ordenados;o1000.txt;0.000173326
ordenados;o1000.txt;0.00017321
ordenados;o1000.txt;0.000173423
ordenados;o1000.txt;0.00020691
ordenados;o1000.txt;0.000207248
ordenados;o1000.txt;0.000173679
ordenados;o1000.txt;0.000145387
ordenados;o1000.txt;0.00017298
ordenados;o1000.txt;0.000173755
ordenados;o1000.txt;0.000172873
ordenados;o1000.txt;0.00017334
ordenados;o1000.txt;0.000198999
ordenados;o1000.txt;0.000189764
ordenados;o1000.txt;0.000149175
ordenados;o1000.txt;0.000150855
ordenados;o1000.txt;0.000172827
ordenados;o2000.txt;0.000384227
ordenados;o2000.txt;0.000377103
ordenados;o2000.txt;0.000420085
ordenados;o2000.txt;0.000320509
ordenados;o2000.txt;0.000377608
ordenados;o2000.txt;0.000312044
ordenados;o2000.txt;0.000389954
ordenados;o2000.txt;0.000377105
ordenados;o2000.txt;0.000378607
ordenados;o2000.txt;0.000417096
ordenados;o2000.txt;0.000324273
ordenados;o2000.txt;0.000324677
ordenados;o2000.txt;0.000324923
ordenados;o2000.txt;0.000377538
ordenados;o2000.txt;0.000386092
ordenados;o2000.txt;0.000379132
ordenados;o2000.txt;0.000463805
ordenados;o2000.txt;0.000327316
ordenados;o2000.txt;0.000342817
ordenados;o2000.txt;0.000327369
ordenados;o2000.txt;0.000386018
ordenados;o2000.txt;0.000387803
ordenados;o2000.txt;0.000377594
ordenados;o2000.txt;0.000422027
ordenados;o2000.txt;0.00032162
ordenados;o2000.txt;0.000328697
ordenados;o2000.txt;0.000384765
ordenados;o2000.txt;0.000329585
ordenados;o2000.txt;0.000377072
ordenados;o2000.txt;0.000385299
ordenados;o5000.txt;0.00110423
ordenados;o5000.txt;0.000991535
ordenados;o5000.txt;0.000968505
ordenados;o5000.txt;0.000943737
ordenados;o5000.txt;0.00114054
ordenados;o5000.txt;0.000961116
ordenados;o5000.txt;0.00111196
ordenados;o5000.txt;0.000987043
ordenados;o5000.txt;0.000945832
ordenados;o5000.txt;0.00117226
ordenados;o5000.txt;0.00114141
ordenados;o5000.txt;0.00115782
ordenados;o5000.txt;0.00105678
ordenados;o5000.txt;0.00114044
ordenados;o5000.txt;0.00114204
ordenados;o5000.txt;0.00114547
ordenados;o5000.txt;0.00112117
ordenados;o5000.txt;0.000958604
ordenados;o5000.txt;0.000976873
ordenados;o5000.txt;0.000947067
ordenados;o5000.txt;0.00113972
ordenados;o5000.txt;0.001138
ordenados;o5000.txt;0.00108184
ordenados;o5000.txt;0.0011316
ordenados;o5000.txt;0.00113488
ordenados;o5000.txt;0.00109591
ordenados;o5000.txt;0.0011685
ordenados;o5000.txt;0.00111841
ordenados;o5000.txt;0.00128723
ordenados;o5000.txt;0.00118613
ordenados;o7500.txt;0.00166876
ordenados;o7500.txt;0.00166299
ordenados;o7500.txt;0.00138894
ordenados;o7500.txt;0.00139746
ordenados;o7500.txt;0.00165979
ordenados;o7500.txt;0.00166783
ordenados;o7500.txt;0.00181308
ordenados;o7500.txt;0.00136908
ordenados;o7500.txt;0.00165008
ordenados;o7500.txt;0.00171013
ordenados;o7500.txt;0.0017323
ordenados;o7500.txt;0.0015148
ordenados;o7500.txt;0.00137859
ordenados;o7500.txt;0.00136647
ordenados;o7500.txt;0.00172596
ordenados;o7500.txt;0.00141072
ordenados;o7500.txt;0.00151525
ordenados;o7500.txt;0.00137319
ordenados;o7500.txt;0.00145502
ordenados;o7500.txt;0.00137893
ordenados;o7500.txt;0.00170081
ordenados;o7500.txt;0.00150442
ordenados;o7500.txt;0.00151655
ordenados;o7500.txt;0.0014198
ordenados;o7500.txt;0.00165878
ordenados;o7500.txt;0.00166092
ordenados;o7500.txt;0.00168586
ordenados;o7500.txt;0.00165889
ordenados;o7500.txt;0.00141227
ordenados;o7500.txt;0.00165768
ordenados;o10000.txt;0.00205453
ordenados;o10000.txt;0.00209672
ordenados;o10000.txt;0.00234157
ordenados;o10000.txt;0.00241243
ordenados;o10000.txt;0.00193979
ordenados;o10000.txt;0.00197357
ordenados;o10000.txt;0.00231099
ordenados;o10000.txt;0.00228372
ordenados;o10000.txt;0.00167839
ordenados;o10000.txt;0.00214648
ordenados;o10000.txt;0.00194151
ordenados;o10000.txt;0.00231479
ordenados;o10000.txt;0.00170196
ordenados;o10000.txt;0.00203392
ordenados;o10000.txt;0.00196823
ordenados;o10000.txt;0.00232383
ordenados;o10000.txt;0.0022384
ordenados;o10000.txt;0.00237849
ordenados;o10000.txt;0.00230537
ordenados;o10000.txt;0.00230958
ordenados;o10000.txt;0.00199347
ordenados;o10000.txt;0.00205016
ordenados;o10000.txt;0.00189803
ordenados;o10000.txt;0.00231044
ordenados;o10000.txt;0.00205592
ordenados;o10000.txt;0.00194213
ordenados;o10000.txt;0.00194347
ordenados;o10000.txt;0.00231535
ordenados;o10000.txt;0.00208552
ordenados;o10000.txt;0.00231517
ordenados;o15000.txt;0.00344453
ordenados;o15000.txt;0.00184445
ordenados;o15000.txt;0.00158108
ordenados;o15000.txt;0.00292066
ordenados;o15000.txt;0.00330327
ordenados;o15000.txt;0.00224504
ordenados;o15000.txt;0.00348477
ordenados;o15000.txt;0.00352849
ordenados;o15000.txt;0.00201597
ordenados;o15000.txt;0.00154261
ordenados;o15000.txt;0.0018324
ordenados;o15000.txt;0.00282268
ordenados;o15000.txt;0.0033969
ordenados;o15000.txt;0.00228167
ordenados;o15000.txt;0.00295666
ordenados;o15000.txt;0.00343234
ordenados;o15000.txt;0.00237334
ordenados;o15000.txt;0.0030704
ordenados;o15000.txt;0.00293433
ordenados;o15000.txt;0.00307042
ordenados;o15000.txt;0.002459
ordenados;o15000.txt;0.00275571
ordenados;o15000.txt;0.00298517
ordenados;o15000.txt;0.00331401
ordenados;o15000.txt;0.00291551
ordenados;o15000.txt;0.00351937
ordenados;o15000.txt;0.00357778
ordenados;o15000.txt;0.00289458
ordenados;o15000.txt;0.00329292
ordenados;o15000.txt;0.00122665
ordenados;o30000.txt;0.00474977
ordenados;o30000.txt;0.00485449
ordenados;o30000.txt;0.00551796
ordenados;o30000.txt;0.00568275
ordenados;o30000.txt;0.00567707
ordenados;o30000.txt;0.00562822
ordenados;o30000.txt;0.00436772
ordenados;o30000.txt;0.00531869
ordenados;o30000.txt;0.00214728
ordenados;o30000.txt;0.00578512
ordenados;o30000.txt;0.00609284
ordenados;o30000.txt;0.00584483
ordenados;o30000.txt;0.00602208
ordenados;o30000.txt;0.00333564
ordenados;o30000.txt;0.00572371
ordenados;o30000.txt;0.00548575
ordenados;o30000.txt;0.0056066
ordenados;o30000.txt;0.0026935
ordenados;o30000.txt;0.00392046
ordenados;o30000.txt;0.00583644
ordenados;o30000.txt;0.00435084
ordenados;o30000.txt;0.00390525
ordenados;o30000.txt;0.00262956
ordenados;o30000.txt;0.00244857
ordenados;o30000.txt;0.0027676
ordenados;o30000.txt;0.00216661
ordenados;o30000.txt;0.00394897
ordenados;o30000.txt;0.00357877
ordenados;o30000.txt;0.00549584
ordenados;o30000.txt;0.00498978
ordenados;o50000.txt;0.007952
ordenados;o50000.txt;0.0099591
ordenados;o50000.txt;0.0089402
ordenados;o50000.txt;0.00511486
ordenados;o50000.txt;0.00408788
ordenados;o50000.txt;0.00423434
ordenados;o50000.txt;0.00447874
ordenados;o50000.txt;0.00395251
ordenados;o50000.txt;0.00438305
ordenados;o50000.txt;0.00747016
ordenados;o50000.txt;0.00672053
ordenados;o50000.txt;0.00570155
ordenados;o50000.txt;0.00940223
ordenados;o50000.txt;0.00979366
ordenados;o50000.txt;0.010247
ordenados;o50000.txt;0.00700554
ordenados;o50000.txt;0.00570885
ordenados;o50000.txt;0.00935806
ordenados;o50000.txt;0.0100649
ordenados;o50000.txt;0.0103272
ordenados;o50000.txt;0.00735027
ordenados;o50000.txt;0.00459937
ordenados;o50000.txt;0.00356931
ordenados;o50000.txt;0.00380178
ordenados;o50000.txt;0.00783064
ordenados;o50000.txt;0.00948066
ordenados;o50000.txt;0.00877511
ordenados;o50000.txt;0.0100522
ordenados;o50000.txt;0.00749048
ordenados;o50000.txt;0.00873573
ordenados;o75000.txt;0.00657781
ordenados;o75000.txt;0.0137568
ordenados;o75000.txt;0.00920667
ordenados;o75000.txt;0.0105413
ordenados;o75000.txt;0.0123875
ordenados;o75000.txt;0.00596776
ordenados;o75000.txt;0.00873652
ordenados;o75000.txt;0.00607415
ordenados;o75000.txt;0.00804307
ordenados;o75000.txt;0.0067307
ordenados;o75000.txt;0.00766514
ordenados;o75000.txt;0.00585018
ordenados;o75000.txt;0.0118035
ordenados;o75000.txt;0.010292
ordenados;o75000.txt;0.010222
ordenados;o75000.txt;0.0106695
ordenados;o75000.txt;0.0108905
ordenados;o75000.txt;0.00837065
ordenados;o75000.txt;0.00959752
ordenados;o75000.txt;0.00673407
ordenados;o75000.txt;0.00726794
ordenados;o75000.txt;0.00757493
ordenados;o75000.txt;0.00946453
ordenados;o75000.txt;0.0136146
ordenados;o75000.txt;0.00908423
ordenados;o75000.txt;0.00751224
ordenados;o75000.txt;0.00697047
ordenados;o75000.txt;0.00734888
ordenados;o75000.txt;0.0131758
ordenados;o75000.txt;0.011563
ordenados;o100000.txt;0.00764297
ordenados;o100000.txt;0.0179127
ordenados;o100000.txt;0.0081897
ordenados;o100000.txt;0.00812024
ordenados;o100000.txt;0.0111946
ordenados;o100000.txt;0.011076
ordenados;o100000.txt;0.0104913
ordenados;o100000.txt;0.00766915
ordenados;o100000.txt;0.0101614
ordenados;o100000.txt;0.0116952
ordenados;o100000.txt;0.0114271
ordenados;o100000.txt;0.00914999
ordenados;o100000.txt;0.0120062
ordenados;o100000.txt;0.0181945
ordenados;o100000.txt;0.00834944
ordenados;o100000.txt;0.00767175
ordenados;o100000.txt;0.0089626
ordenados;o100000.txt;0.00793257
ordenados;o100000.txt;0.0124787
ordenados;o100000.txt;0.0131316
ordenados;o100000.txt;0.00890274
ordenados;o100000.txt;0.0153073
ordenados;o100000.txt;0.00825399
ordenados;o100000.txt;0.0177179
ordenados;o100000.txt;0.00870684
ordenados;o100000.txt;0.0107781
ordenados;o100000.txt;0.0102066
ordenados;o100000.txt;0.00944909
ordenados;o100000.txt;0.00871781
ordenados;o100000.txt;0.00901468
ordenados;o200000.txt;0.01623
ordenados;o200000.txt;0.0159155
ordenados;o200000.txt;0.0161377
ordenados;o200000.txt;0.0162289
ordenados;o200000.txt;0.0159557
ordenados;o200000.txt;0.016165
ordenados;o200000.txt;0.016274
ordenados;o200000.txt;0.0176026
ordenados;o200000.txt;0.0222206
ordenados;o200000.txt;0.0164314
ordenados;o200000.txt;0.0158527
ordenados;o200000.txt;0.0157196
ordenados;o200000.txt;0.0159046
ordenados;o200000.txt;0.0158502
ordenados;o200000.txt;0.0160852
ordenados;o200000.txt;0.0158058
ordenados;o200000.txt;0.0156541
ordenados;o200000.txt;0.0157236
ordenados;o200000.txt;0.0157124
ordenados;o200000.txt;0.0158278
ordenados;o200000.txt;0.0158656
ordenados;o200000.txt;0.016031
ordenados;o200000.txt;0.0155407
ordenados;o200000.txt;0.0152743
ordenados;o200000.txt;0.015932
ordenados;o200000.txt;0.0154242
ordenados;o200000.txt;0.0157843
ordenados;o200000.txt;0.0159842
ordenados;o200000.txt;0.015802
ordenados;o200000.txt;0.0156157
ordenados;o500000.txt;0.0432282
ordenados;o500000.txt;0.0434432
ordenados;o500000.txt;0.0423402
ordenados;o500000.txt;0.0436614
ordenados;o500000.txt;0.0438025
ordenados;o500000.txt;0.0425192
ordenados;o500000.txt;0.0423746
ordenados;o500000.txt;0.0424926
ordenados;o500000.txt;0.0428276
ordenados;o500000.txt;0.0438619
ordenados;o500000.txt;0.0428295
ordenados;o500000.txt;0.0430866
ordenados;o500000.txt;0.0443129
ordenados;o500000.txt;0.0447112
ordenados;o500000.txt;0.0426052
ordenados;o500000.txt;0.043379
ordenados;o500000.txt;0.0447947
ordenados;o500000.txt;0.0440227
ordenados;o500000.txt;0.0426849
ordenados;o500000.txt;0.0426351
ordenados;o500000.txt;0.0428262
ordenados;o500000.txt;0.0426776
ordenados;o500000.txt;0.0422471
ordenados;o500000.txt;0.0431051
ordenados;o500000.txt;0.0429
ordenados;o500000.txt;0.0425783
ordenados;o500000.txt;0.0426003
ordenados;o500000.txt;0.0430038
ordenados;o500000.txt;0.0434433
ordenados;o500000.txt;0.0455558
ordenados;o750000.txt;0.0699002
ordenados;o750000.txt;0.0697181
ordenados;o750000.txt;0.0673964
ordenados;o750000.txt;0.0703772
ordenados;o750000.txt;0.0699439
ordenados;o750000.txt;0.067801
ordenados;o750000.txt;0.0682592
ordenados;o750000.txt;0.0691012
ordenados;o750000.txt;0.0702467
ordenados;o750000.txt;0.0705398
ordenados;o750000.txt;0.0709634
ordenados;o750000.txt;0.0719572
ordenados;o750000.txt;0.0690592
ordenados;o750000.txt;0.0687911
ordenados;o750000.txt;0.071029
ordenados;o750000.txt;0.0682142
ordenados;o750000.txt;0.0692236
ordenados;o750000.txt;0.0708546
ordenados;o750000.txt;0.0690822
ordenados;o750000.txt;0.0681073
ordenados;o750000.txt;0.0697318
ordenados;o750000.txt;0.0680451
ordenados;o750000.txt;0.0699116
ordenados;o750000.txt;0.0701821
ordenados;o750000.txt;0.0676488
ordenados;o750000.txt;0.0705964
ordenados;o750000.txt;0.0719119
ordenados;o750000.txt;0.0693768
ordenados;o750000.txt;0.0682929
ordenados;o750000.txt;0.0713703
ordenados;o1000000.txt;0.0934249
ordenados;o1000000.txt;0.0937288
ordenados;o1000000.txt;0.0929379
ordenados;o1000000.txt;0.0926554
ordenados;o1000000.txt;0.0926474
ordenados;o1000000.txt;0.092804
ordenados;o1000000.txt;0.0957405
ordenados;o1000000.txt;0.0939233
ordenados;o1000000.txt;0.0945045
ordenados;o1000000.txt;0.0922104
ordenados;o1000000.txt;0.0930191
ordenados;o1000000.txt;0.0935472
ordenados;o1000000.txt;0.0921693
ordenados;o1000000.txt;0.0929942
ordenados;o1000000.txt;0.093237
ordenados;o1000000.txt;0.092089
ordenados;o1000000.txt;0.0933074
ordenados;o1000000.txt;0.0918287
ordenados;o1000000.txt;0.091658
ordenados;o1000000.txt;0.0942467
ordenados;o1000000.txt;0.0925473
ordenados;o1000000.txt;0.0943192
ordenados;o1000000.txt;0.0959902
ordenados;o1000000.txt;0.0940103
ordenados;o1000000.txt;0.0921693
ordenados;o1000000.txt;0.0934223
ordenados;o1000000.txt;0.0941966
ordenados;o1000000.txt;0.0929954
ordenados;o1000000.txt;0.0986667
ordenados;o1000000.txt;0.0932802
ordenados;o1250000.txt;0.119305
ordenados;o1250000.txt;0.117705
ordenados;o1250000.txt;0.12204
ordenados;o1250000.txt;0.119766
ordenados;o1250000.txt;0.119691
ordenados;o1250000.txt;0.118652
ordenados;o1250000.txt;0.119826
ordenados;o1250000.txt;0.117591
ordenados;o1250000.txt;0.11613
ordenados;o1250000.txt;0.11894
ordenados;o1250000.txt;0.118972
ordenados;o1250000.txt;0.120738
ordenados;o1250000.txt;0.12182
ordenados;o1250000.txt;0.119772
ordenados;o1250000.txt;0.122166
ordenados;o1250000.txt;0.119641
ordenados;o1250000.txt;0.118421
ordenados;o1250000.txt;0.118135
ordenados;o1250000.txt;0.117374
ordenados;o1250000.txt;0.119998
ordenados;o1250000.txt;0.120155
ordenados;o1250000.txt;0.116856
ordenados;o1250000.txt;0.122143
ordenados;o1250000.txt;0.118285
ordenados;o1250000.txt;0.119563
ordenados;o1250000.txt;0.119655
ordenados;o1250000.txt;0.119921
ordenados;o1250000.txt;0.123669
ordenados;o1250000.txt;0.121289
ordenados;o1250000.txt;0.119928
ordenados;o1500000.txt;0.151647
ordenados;o1500000.txt;0.150761
ordenados;o1500000.txt;0.148612
ordenados;o1500000.txt;0.151883
ordenados;o1500000.txt;0.151389
ordenados;o1500000.txt;0.147816
ordenados;o1500000.txt;0.152329
ordenados;o1500000.txt;0.150509
ordenados;o1500000.txt;0.148794
ordenados;o1500000.txt;0.15296
ordenados;o1500000.txt;0.148054
ordenados;o1500000.txt;0.151229
ordenados;o1500000.txt;0.152972
ordenados;o1500000.txt;0.152245
ordenados;o1500000.txt;0.151164
ordenados;o1500000.txt;0.153024
ordenados;o1500000.txt;0.158746
ordenados;o1500000.txt;0.148299
ordenados;o1500000.txt;0.152238
ordenados;o1500000.txt;0.153132
ordenados;o1500000.txt;0.149392
ordenados;o1500000.txt;0.15032
ordenados;o1500000.txt;0.151832
ordenados;o1500000.txt;0.150948
ordenados;o1500000.txt;0.152617
ordenados;o1500000.txt;0.151717
ordenados;o1500000.txt;0.150199
ordenados;o1500000.txt;0.150461
ordenados;o1500000.txt;0.14961
ordenados;o1500000.txt;0.156013
ordenados;o2000000.txt;0.204811
ordenados;o2000000.txt;0.203408
ordenados;o2000000.txt;0.200956
ordenados;o2000000.txt;0.203594
ordenados;o2000000.txt;0.205101
ordenados;o2000000.txt;0.205604
ordenados;o2000000.txt;0.198414
ordenados;o2000000.txt;0.195518
ordenados;o2000000.txt;0.200784
ordenados;o2000000.txt;0.199433
ordenados;o2000000.txt;0.200638
ordenados;o2000000.txt;0.201572
ordenados;o2000000.txt;0.203619
ordenados;o2000000.txt;0.198269
ordenados;o2000000.txt;0.202124
ordenados;o2000000.txt;0.20182
ordenados;o2000000.txt;0.200978
ordenados;o2000000.txt;0.203662
ordenados;o2000000.txt;0.201219
ordenados;o2000000.txt;0.205259
ordenados;o2000000.txt;0.203941
ordenados;o2000000.txt;0.202519
ordenados;o2000000.txt;0.202248
ordenados;o2000000.txt;0.200584
ordenados;o2000000.txt;0.201194
ordenados;o2000000.txt;0.200795
ordenados;o2000000.txt;0.203194
ordenados;o2000000.txt;0.204346
ordenados;o2000000.txt;0.200177
ordenados;o2000000.txt;0.202231
