Pasta;Arquivo;Tempo_Segundos
ordenados;o100.txt;0,001147
ordenados;o100.txt;0,001508
ordenados;o100.txt;0,001032
ordenados;o100.txt;0,001018
ordenados;o100.txt;0,001039
ordenados;o100.txt;0,001016
ordenados;o100.txt;0,001075
ordenados;o100.txt;0,001037
ordenados;o100.txt;0,001187
ordenados;o100.txt;0,001009
ordenados;o100.txt;0,001216
ordenados;o100.txt;0,001011
ordenados;o100.txt;0,001007
ordenados;o100.txt;0,001029
ordenados;o100.txt;0,001079
ordenados;o100.txt;0,001019
ordenados;o100.txt;0,001021
ordenados;o100.txt;0,001057
ordenados;o100.txt;0,001075
ordenados;o100.txt;0,001060
ordenados;o100.txt;0,001075
ordenados;o100.txt;0,001025
ordenados;o100.txt;0,001017
ordenados;o100.txt;0,001055
ordenados;o100.txt;0,001091
ordenados;o100.txt;0,001009
ordenados;o100.txt;0,001033
ordenados;o100.txt;0,000997
ordenados;o100.txt;0,001007
ordenados;o100.txt;0,000995
ordenados;o200.txt;0,001010
ordenados;o200.txt;0,001056
ordenados;o200.txt;0,001052
ordenados;o200.txt;0,001004
ordenados;o200.txt;0,001079
ordenados;o200.txt;0,001013
ordenados;o200.txt;0,001014
ordenados;o200.txt;0,001086
ordenados;o200.txt;0,001062
ordenados;o200.txt;0,001029
ordenados;o200.txt;0,001030
ordenados;o200.txt;0,001034
ordenados;o200.txt;0,001009
ordenados;o200.txt;0,001028
ordenados;o200.txt;0,001026
ordenados;o200.txt;0,001009
ordenados;o200.txt;0,001009
ordenados;o200.txt;0,001052
ordenados;o200.txt;0,001046
ordenados;o200.txt;0,001024
ordenados;o200.txt;0,001027
ordenados;o200.txt;0,001023
ordenados;o200.txt;0,001006
ordenados;o200.txt;0,001572
ordenados;o200.txt;0,001025
ordenados;o200.txt;0,001022
ordenados;o200.txt;0,001945
ordenados;o200.txt;0,001083
ordenados;o200.txt;0,001015
ordenados;o200.txt;0,001024
ordenados;o500.txt;0,001195
ordenados;o500.txt;0,001050
ordenados;o500.txt;0,001052
ordenados;o500.txt;0,001043
ordenados;o500.txt;0,001031
ordenados;o500.txt;0,001035
ordenados;o500.txt;0,001036
ordenados;o500.txt;0,001038
ordenados;o500.txt;0,001064
ordenados;o500.txt;0,001055
ordenados;o500.txt;0,001998
ordenados;o500.txt;0,001024
ordenados;o500.txt;0,001053
ordenados;o500.txt;0,001099
ordenados;o500.txt;0,001088
ordenados;o500.txt;0,001064
ordenados;o500.txt;0,001035
ordenados;o500.txt;0,001052
ordenados;o500.txt;0,001092
ordenados;o500.txt;0,001041
ordenados;o500.txt;0,001096
ordenados;o500.txt;0,001079
ordenados;o500.txt;0,001030
ordenados;o500.txt;0,001020
ordenados;o500.txt;0,001099
ordenados;o500.txt;0,001031
ordenados;o500.txt;0,001046
ordenados;o500.txt;0,001038
ordenados;o500.txt;0,001026
ordenados;o500.txt;0,001028
ordenados;o1000.txt;0,001094
ordenados;o1000.txt;0,001086
ordenados;o1000.txt;0,001068
ordenados;o1000.txt;0,001092
ordenados;o1000.txt;0,001540
ordenados;o1000.txt;0,001157
ordenados;o1000.txt;0,001084
ordenados;o1000.txt;0,001130
ordenados;o1000.txt;0,001079
ordenados;o1000.txt;0,001108
ordenados;o1000.txt;0,001097
ordenados;o1000.txt;0,001083
ordenados;o1000.txt;0,001125
ordenados;o1000.txt;0,001097
ordenados;o1000.txt;0,001125
ordenados;o1000.txt;0,001100
ordenados;o1000.txt;0,001084
ordenados;o1000.txt;0,001136
ordenados;o1000.txt;0,001333
ordenados;o1000.txt;0,001082
ordenados;o1000.txt;0,001126
ordenados;o1000.txt;0,001092
ordenados;o1000.txt;0,001144
ordenados;o1000.txt;0,001154
ordenados;o1000.txt;0,001082
ordenados;o1000.txt;0,001355
ordenados;o1000.txt;0,001134
ordenados;o1000.txt;0,001112
ordenados;o1000.txt;0,001132
ordenados;o1000.txt;0,001076
ordenados;o2000.txt;0,001185
ordenados;o2000.txt;0,001248
ordenados;o2000.txt;0,001190
ordenados;o2000.txt;0,001254
ordenados;o2000.txt;0,001261
ordenados;o2000.txt;0,001211
ordenados;o2000.txt;0,001166
ordenados;o2000.txt;0,001166
ordenados;o2000.txt;0,001212
ordenados;o2000.txt;0,001197
ordenados;o2000.txt;0,001177
ordenados;o2000.txt;0,001183
ordenados;o2000.txt;0,001244
ordenados;o2000.txt;0,001246
ordenados;o2000.txt;0,001177
ordenados;o2000.txt;0,001180
ordenados;o2000.txt;0,001175
ordenados;o2000.txt;0,001218
ordenados;o2000.txt;0,001279
ordenados;o2000.txt;0,001185
ordenados;o2000.txt;0,001187
ordenados;o2000.txt;0,001206
ordenados;o2000.txt;0,001181
ordenados;o2000.txt;0,001196
ordenados;o2000.txt;0,001202
ordenados;o2000.txt;0,001164
ordenados;o2000.txt;0,001165
ordenados;o2000.txt;0,001162
ordenados;o2000.txt;0,001206
ordenados;o2000.txt;0,001363
ordenados;o5000.txt;0,001596
ordenados;o5000.txt;0,001622
ordenados;o5000.txt;0,001597
ordenados;o5000.txt;0,001671
ordenados;o5000.txt;0,001599
ordenados;o5000.txt;0,001598
ordenados;o5000.txt;0,001600
ordenados;o5000.txt;0,001653
ordenados;o5000.txt;0,001621
ordenados;o5000.txt;0,001597
ordenados;o5000.txt;0,001641
ordenados;o5000.txt;0,001624
ordenados;o5000.txt;0,001603
ordenados;o5000.txt;0,001660
ordenados;o5000.txt;0,001595
ordenados;o5000.txt;0,001617
ordenados;o5000.txt;0,001620
ordenados;o5000.txt;0,001622
ordenados;o5000.txt;0,001596
ordenados;o5000.txt;0,001536
ordenados;o5000.txt;0,001598
ordenados;o5000.txt;0,001584
ordenados;o5000.txt;0,001585
ordenados;o5000.txt;0,001550
ordenados;o5000.txt;0,001645
ordenados;o5000.txt;0,001638
ordenados;o5000.txt;0,001786
ordenados;o5000.txt;0,001695
ordenados;o5000.txt;0,001650
ordenados;o5000.txt;0,001592
ordenados;o7500.txt;0,002290
ordenados;o7500.txt;0,002330
ordenados;o7500.txt;0,002266
ordenados;o7500.txt;0,002296
ordenados;o7500.txt;0,002343
ordenados;o7500.txt;0,002259
ordenados;o7500.txt;0,002348
ordenados;o7500.txt;0,002589
ordenados;o7500.txt;0,002272
ordenados;o7500.txt;0,002452
ordenados;o7500.txt;0,002337
ordenados;o7500.txt;0,002268
ordenados;o7500.txt;0,002291
ordenados;o7500.txt;0,002299
ordenados;o7500.txt;0,002250
ordenados;o7500.txt;0,002301
ordenados;o7500.txt;0,002244
ordenados;o7500.txt;0,002291
ordenados;o7500.txt;0,002300
ordenados;o7500.txt;0,002268
ordenados;o7500.txt;0,002272
ordenados;o7500.txt;0,002256
ordenados;o7500.txt;0,002295
ordenados;o7500.txt;0,002230
ordenados;o7500.txt;0,002302
ordenados;o7500.txt;0,002323
ordenados;o7500.txt;0,002268
ordenados;o7500.txt;0,002355
ordenados;o7500.txt;0,002245
ordenados;o7500.txt;0,002311
ordenados;o10000.txt;0,002798
ordenados;o10000.txt;0,002805
ordenados;o10000.txt;0,002821
ordenados;o10000.txt;0,002832
ordenados;o10000.txt;0,002783
ordenados;o10000.txt;0,002861
ordenados;o10000.txt;0,002884
ordenados;o10000.txt;0,002923
ordenados;o10000.txt;0,002821
ordenados;o10000.txt;0,002804
ordenados;o10000.txt;0,002813
ordenados;o10000.txt;0,002867
ordenados;o10000.txt;0,002867
ordenados;o10000.txt;0,002844
ordenados;o10000.txt;0,002811
ordenados;o10000.txt;0,002854
ordenados;o10000.txt;0,002835
ordenados;o10000.txt;0,002813
ordenados;o10000.txt;0,002862
ordenados;o10000.txt;0,002830
ordenados;o10000.txt;0,002861
ordenados;o10000.txt;0,002818
ordenados;o10000.txt;0,002835
ordenados;o10000.txt;0,002848
ordenados;o10000.txt;0,002856
ordenados;o10000.txt;0,002820
ordenados;o10000.txt;0,002841
ordenados;o10000.txt;0,002919
ordenados;o10000.txt;0,002756
ordenados;o10000.txt;0,003241
ordenados;o15000.txt;0,003239
ordenados;o15000.txt;0,003371
ordenados;o15000.txt;0,003327
ordenados;o15000.txt;0,003313
ordenados;o15000.txt;0,003350
ordenados;o15000.txt;0,003370
ordenados;o15000.txt;0,003354
ordenados;o15000.txt;0,003280
ordenados;o15000.txt;0,003349
ordenados;o15000.txt;0,003289
ordenados;o15000.txt;0,003347
ordenados;o15000.txt;0,003366
ordenados;o15000.txt;0,003325
ordenados;o15000.txt;0,003343
ordenados;o15000.txt;0,003339
ordenados;o15000.txt;0,003335
ordenados;o15000.txt;0,003711
ordenados;o15000.txt;0,003382
ordenados;o15000.txt;0,003285
ordenados;o15000.txt;0,003309
ordenados;o15000.txt;0,003354
ordenados;o15000.txt;0,003356
ordenados;o15000.txt;0,003302
ordenados;o15000.txt;0,003334
ordenados;o15000.txt;0,003310
ordenados;o15000.txt;0,003363
ordenados;o15000.txt;0,003349
ordenados;o15000.txt;0,003285
ordenados;o15000.txt;0,003280
ordenados;o15000.txt;0,003518
ordenados;o30000.txt;0,004699
ordenados;o30000.txt;0,004571
ordenados;o30000.txt;0,004615
ordenados;o30000.txt;0,004624
ordenados;o30000.txt;0,004543
ordenados;o30000.txt;0,004589
ordenados;o30000.txt;0,004577
ordenados;o30000.txt;0,004575
ordenados;o30000.txt;0,004613
ordenados;o30000.txt;0,004718
ordenados;o30000.txt;0,004609
ordenados;o30000.txt;0,004688
ordenados;o30000.txt;0,004625
ordenados;o30000.txt;0,004674
ordenados;o30000.txt;0,004650
ordenados;o30000.txt;0,004546
ordenados;o30000.txt;0,004646
ordenados;o30000.txt;0,004718
ordenados;o30000.txt;0,004683
ordenados;o30000.txt;0,004583
ordenados;o30000.txt;0,004684
ordenados;o30000.txt;0,004622
ordenados;o30000.txt;0,004516
ordenados;o30000.txt;0,004629
ordenados;o30000.txt;0,004579
ordenados;o30000.txt;0,004616
ordenados;o30000.txt;0,004711
ordenados;o30000.txt;0,004660
ordenados;o30000.txt;0,004640
ordenados;o30000.txt;0,004676
ordenados;o50000.txt;0,006217
ordenados;o50000.txt;0,006294
ordenados;o50000.txt;0,006132
ordenados;o50000.txt;0,006269
ordenados;o50000.txt;0,006039
ordenados;o50000.txt;0,006037
ordenados;o50000.txt;0,006292
ordenados;o50000.txt;0,006260
ordenados;o50000.txt;0,006250
ordenados;o50000.txt;0,006047
ordenados;o50000.txt;0,006090
ordenados;o50000.txt;0,006088
ordenados;o50000.txt;0,006126
ordenados;o50000.txt;0,006275
ordenados;o50000.txt;0,006177
ordenados;o50000.txt;0,006047
ordenados;o50000.txt;0,006123
ordenados;o50000.txt;0,006319
ordenados;o50000.txt;0,006249
ordenados;o50000.txt;0,006214
ordenados;o50000.txt;0,006015
ordenados;o50000.txt;0,006360
ordenados;o50000.txt;0,006042
ordenados;o50000.txt;0,006257
ordenados;o50000.txt;0,006154
ordenados;o50000.txt;0,006189
ordenados;o50000.txt;0,006122
ordenados;o50000.txt;0,006148
ordenados;o50000.txt;0,006182
ordenados;o50000.txt;0,006316
ordenados;o75000.txt;0,007979
ordenados;o75000.txt;0,007679
ordenados;o75000.txt;0,007871
ordenados;o75000.txt;0,007767
ordenados;o75000.txt;0,008158
ordenados;o75000.txt;0,007831
ordenados;o75000.txt;0,008134
ordenados;o75000.txt;0,007842
ordenados;o75000.txt;0,008167
ordenados;o75000.txt;0,007978
ordenados;o75000.txt;0,008160
ordenados;o75000.txt;0,008029
ordenados;o75000.txt;0,007869
ordenados;o75000.txt;0,007791
ordenados;o75000.txt;0,007822
ordenados;o75000.txt;0,008134
ordenados;o75000.txt;0,008603
ordenados;o75000.txt;0,007757
ordenados;o75000.txt;0,008302
ordenados;o75000.txt;0,008303
ordenados;o75000.txt;0,008179
ordenados;o75000.txt;0,008020
ordenados;o75000.txt;0,007814
ordenados;o75000.txt;0,007988
ordenados;o75000.txt;0,007921
ordenados;o75000.txt;0,007752
ordenados;o75000.txt;0,007999
ordenados;o75000.txt;0,008014
ordenados;o75000.txt;0,007722
ordenados;o75000.txt;0,007880
ordenados;o100000.txt;0,009574
ordenados;o100000.txt;0,009868
ordenados;o100000.txt;0,009971
ordenados;o100000.txt;0,009947
ordenados;o100000.txt;0,009410
ordenados;o100000.txt;0,009961
ordenados;o100000.txt;0,009781
ordenados;o100000.txt;0,009487
ordenados;o100000.txt;0,009510
ordenados;o100000.txt;0,009346
ordenados;o100000.txt;0,009862
ordenados;o100000.txt;0,009479
ordenados;o100000.txt;0,009790
ordenados;o100000.txt;0,009489
ordenados;o100000.txt;0,009796
ordenados;o100000.txt;0,009391
ordenados;o100000.txt;0,009779
ordenados;o100000.txt;0,009410
ordenados;o100000.txt;0,009708
ordenados;o100000.txt;0,009605
ordenados;o100000.txt;0,009843
ordenados;o100000.txt;0,009476
ordenados;o100000.txt;0,009356
ordenados;o100000.txt;0,009968
ordenados;o100000.txt;0,009791
ordenados;o100000.txt;0,010130
ordenados;o100000.txt;0,009869
ordenados;o100000.txt;0,009566
ordenados;o100000.txt;0,009459
ordenados;o100000.txt;0,009503
ordenados;o200000.txt;0,017155
ordenados;o200000.txt;0,016305
ordenados;o200000.txt;0,017119
ordenados;o200000.txt;0,016342
ordenados;o200000.txt;0,017315
ordenados;o200000.txt;0,016421
ordenados;o200000.txt;0,017091
ordenados;o200000.txt;0,016366
ordenados;o200000.txt;0,016508
ordenados;o200000.txt;0,017142
ordenados;o200000.txt;0,017111
ordenados;o200000.txt;0,016336
ordenados;o200000.txt;0,017227
ordenados;o200000.txt;0,017423
ordenados;o200000.txt;0,017138
ordenados;o200000.txt;0,016416
ordenados;o200000.txt;0,017150
ordenados;o200000.txt;0,017231
ordenados;o200000.txt;0,017190
ordenados;o200000.txt;0,016389
ordenados;o200000.txt;0,016453
ordenados;o200000.txt;0,017094
ordenados;o200000.txt;0,017356
ordenados;o200000.txt;0,016440
ordenados;o200000.txt;0,017080
ordenados;o200000.txt;0,016449
ordenados;o200000.txt;0,017112
ordenados;o200000.txt;0,017155
ordenados;o200000.txt;0,016584
ordenados;o200000.txt;0,016417
ordenados;o500000.txt;0,036467
ordenados;o500000.txt;0,035695
ordenados;o500000.txt;0,035959
ordenados;o500000.txt;0,038356
ordenados;o500000.txt;0,037577
ordenados;o500000.txt;0,036207
ordenados;o500000.txt;0,037147
ordenados;o500000.txt;0,037801
ordenados;o500000.txt;0,037926
ordenados;o500000.txt;0,038560
ordenados;o500000.txt;0,037765
ordenados;o500000.txt;0,037765
ordenados;o500000.txt;0,037784
ordenados;o500000.txt;0,036136
ordenados;o500000.txt;0,036081
ordenados;o500000.txt;0,036060
ordenados;o500000.txt;0,036043
ordenados;o500000.txt;0,037739
ordenados;o500000.txt;0,036079
ordenados;o500000.txt;0,035863
ordenados;o500000.txt;0,038541
ordenados;o500000.txt;0,036056
ordenados;o500000.txt;0,035921
ordenados;o500000.txt;0,037762
ordenados;o500000.txt;0,037720
ordenados;o500000.txt;0,037825
ordenados;o500000.txt;0,036202
ordenados;o500000.txt;0,038163
ordenados;o500000.txt;0,036399
ordenados;o500000.txt;0,037856
ordenados;o750000.txt;0,055079
ordenados;o750000.txt;0,052730
ordenados;o750000.txt;0,055158
ordenados;o750000.txt;0,052486
ordenados;o750000.txt;0,052808
ordenados;o750000.txt;0,052464
ordenados;o750000.txt;0,055139
ordenados;o750000.txt;0,055114
ordenados;o750000.txt;0,052305
ordenados;o750000.txt;0,054892
ordenados;o750000.txt;0,055235
ordenados;o750000.txt;0,055117
ordenados;o750000.txt;0,052720
ordenados;o750000.txt;0,052933
ordenados;o750000.txt;0,052665
ordenados;o750000.txt;0,052603
ordenados;o750000.txt;0,052493
ordenados;o750000.txt;0,052490
ordenados;o750000.txt;0,052633
ordenados;o750000.txt;0,055418
ordenados;o750000.txt;0,052784
ordenados;o750000.txt;0,055057
ordenados;o750000.txt;0,055152
ordenados;o750000.txt;0,055510
ordenados;o750000.txt;0,052697
ordenados;o750000.txt;0,055273
ordenados;o750000.txt;0,055016
ordenados;o750000.txt;0,052888
ordenados;o750000.txt;0,055068
ordenados;o750000.txt;0,055605
ordenados;o1000000.txt;0,067844
ordenados;o1000000.txt;0,072432
ordenados;o1000000.txt;0,071239
ordenados;o1000000.txt;0,068402
ordenados;o1000000.txt;0,071255
ordenados;o1000000.txt;0,068211
ordenados;o1000000.txt;0,067856
ordenados;o1000000.txt;0,067980
ordenados;o1000000.txt;0,068048
ordenados;o1000000.txt;0,068044
ordenados;o1000000.txt;0,071990
ordenados;o1000000.txt;0,068286
ordenados;o1000000.txt;0,068193
ordenados;o1000000.txt;0,071842
ordenados;o1000000.txt;0,071915
ordenados;o1000000.txt;0,068164
ordenados;o1000000.txt;0,071689
ordenados;o1000000.txt;0,071366
ordenados;o1000000.txt;0,067902
ordenados;o1000000.txt;0,068028
ordenados;o1000000.txt;0,071438
ordenados;o1000000.txt;0,068068
ordenados;o1000000.txt;0,068313
ordenados;o1000000.txt;0,068074
ordenados;o1000000.txt;0,068189
ordenados;o1000000.txt;0,071748
ordenados;o1000000.txt;0,068430
ordenados;o1000000.txt;0,068033
ordenados;o1000000.txt;0,068278
ordenados;o1000000.txt;0,071286
ordenados;o1250000.txt;0,086895
ordenados;o1250000.txt;0,086896
ordenados;o1250000.txt;0,086540
ordenados;o1250000.txt;0,086804
ordenados;o1250000.txt;0,086717
ordenados;o1250000.txt;0,083075
ordenados;o1250000.txt;0,086915
ordenados;o1250000.txt;0,087424
ordenados;o1250000.txt;0,082675
ordenados;o1250000.txt;0,086919
ordenados;o1250000.txt;0,082828
ordenados;o1250000.txt;0,082641
ordenados;o1250000.txt;0,082692
ordenados;o1250000.txt;0,082946
ordenados;o1250000.txt;0,082819
ordenados;o1250000.txt;0,082755
ordenados;o1250000.txt;0,082609
ordenados;o1250000.txt;0,086961
ordenados;o1250000.txt;0,082746
ordenados;o1250000.txt;0,086955
ordenados;o1250000.txt;0,083337
ordenados;o1250000.txt;0,082645
ordenados;o1250000.txt;0,082922
ordenados;o1250000.txt;0,086808
ordenados;o1250000.txt;0,086808
ordenados;o1250000.txt;0,083153
ordenados;o1250000.txt;0,083427
ordenados;o1250000.txt;0,086895
ordenados;o1250000.txt;0,087362
ordenados;o1250000.txt;0,082808
ordenados;o1500000.txt;0,102198
ordenados;o1500000.txt;0,107401
ordenados;o1500000.txt;0,102388
ordenados;o1500000.txt;0,103075
ordenados;o1500000.txt;0,107427
ordenados;o1500000.txt;0,102228
ordenados;o1500000.txt;0,107831
ordenados;o1500000.txt;0,101914
ordenados;o1500000.txt;0,101960
ordenados;o1500000.txt;0,107712
ordenados;o1500000.txt;0,102508
ordenados;o1500000.txt;0,107041
ordenados;o1500000.txt;0,102176
ordenados;o1500000.txt;0,102048
ordenados;o1500000.txt;0,107604
ordenados;o1500000.txt;0,102008
ordenados;o1500000.txt;0,102648
ordenados;o1500000.txt;0,107278
ordenados;o1500000.txt;0,102161
ordenados;o1500000.txt;0,102684
ordenados;o1500000.txt;0,102142
ordenados;o1500000.txt;0,101987
ordenados;o1500000.txt;0,107342
ordenados;o1500000.txt;0,102104
ordenados;o1500000.txt;0,107036
ordenados;o1500000.txt;0,106995
ordenados;o1500000.txt;0,101737
ordenados;o1500000.txt;0,106935
ordenados;o1500000.txt;0,106761
ordenados;o1500000.txt;0,107504
ordenados;o2000000.txt;0,136656
ordenados;o2000000.txt;0,135753
ordenados;o2000000.txt;0,133438
ordenados;o2000000.txt;0,135565
ordenados;o2000000.txt;0,136588
ordenados;o2000000.txt;0,136675
ordenados;o2000000.txt;0,134600
ordenados;o2000000.txt;0,132923
ordenados;o2000000.txt;0,133749
ordenados;o2000000.txt;0,132534
ordenados;o2000000.txt;0,132945
ordenados;o2000000.txt;0,132635
ordenados;o2000000.txt;0,133208
ordenados;o2000000.txt;0,135688
ordenados;o2000000.txt;0,136329
ordenados;o2000000.txt;0,137432
ordenados;o2000000.txt;0,134080
ordenados;o2000000.txt;0,133628
ordenados;o2000000.txt;0,136781
ordenados;o2000000.txt;0,136469
ordenados;o2000000.txt;0,133446
ordenados;o2000000.txt;0,133500
ordenados;o2000000.txt;0,137006
ordenados;o2000000.txt;0,132689
ordenados;o2000000.txt;0,133516
ordenados;o2000000.txt;0,137896
ordenados;o2000000.txt;0,136162
ordenados;o2000000.txt;0,132950
ordenados;o2000000.txt;0,134101
ordenados;o2000000.txt;0,132988
