Pasta;Arquivo;Tempo_Segundos
decrescentes;d100.txt;5.606e-06
decrescentes;d100.txt;5.58e-06
decrescentes;d100.txt;5.587e-06
decrescentes;d100.txt;5.428e-06
decrescentes;d100.txt;6.107e-06
decrescentes;d100.txt;5.916e-06
decrescentes;d100.txt;5.634e-06
decrescentes;d100.txt;5.733e-06
decrescentes;d100.txt;6.325e-06
decrescentes;d100.txt;7.064e-06
decrescentes;d100.txt;8.203e-06
decrescentes;d100.txt;9.399e-06
decrescentes;d100.txt;1.1003e-05
decrescentes;d100.txt;1.2169e-05
decrescentes;d100.txt;1.2129e-05
decrescentes;d100.txt;1.5902e-05
decrescentes;d100.txt;1.4928e-05
decrescentes;d100.txt;1.4974e-05
decrescentes;d100.txt;1.4628e-05
decrescentes;d100.txt;1.4656e-05
decrescentes;d100.txt;1.5105e-05
decrescentes;d100.txt;1.4762e-05
decrescentes;d100.txt;1.978e-05
decrescentes;d100.txt;2.0106e-05
decrescentes;d100.txt;2.1724e-05
decrescentes;d100.txt;1.4889e-05
decrescentes;d100.txt;1.59e-05
decrescentes;d100.txt;1.4603e-05
decrescentes;d100.txt;2.3371e-05
decrescentes;d100.txt;2.2435e-05
decrescentes;d200.txt;3.7349e-05
decrescentes;d200.txt;3.7809e-05
decrescentes;d200.txt;2.898e-05
decrescentes;d200.txt;2.8942e-05
decrescentes;d200.txt;2.9309e-05
decrescentes;d200.txt;2.886e-05
decrescentes;d200.txt;2.8857e-05
decrescentes;d200.txt;2.8765e-05
decrescentes;d200.txt;3.7219e-05
decrescentes;d200.txt;3.1198e-05
decrescentes;d200.txt;3.9052e-05
decrescentes;d200.txt;5.6826e-05
decrescentes;d200.txt;2.8961e-05
decrescentes;d200.txt;2.983e-05
decrescentes;d200.txt;2.8755e-05
decrescentes;d200.txt;2.9073e-05
decrescentes;d200.txt;3.8615e-05
decrescentes;d200.txt;2.8702e-05
decrescentes;d200.txt;2.918e-05
decrescentes;d200.txt;2.8835e-05
decrescentes;d200.txt;2.8702e-05
decrescentes;d200.txt;4.7042e-05
decrescentes;d200.txt;2.9248e-05
decrescentes;d200.txt;2.876e-05
decrescentes;d200.txt;2.91e-05
decrescentes;d200.txt;0.000102984
decrescentes;d200.txt;2.9056e-05
decrescentes;d200.txt;3.7091e-05
decrescentes;d200.txt;2.8992e-05
decrescentes;d200.txt;3.0206e-05
decrescentes;d500.txt;7.2159e-05
decrescentes;d500.txt;7.1845e-05
decrescentes;d500.txt;8.7689e-05
decrescentes;d500.txt;7.2657e-05
decrescentes;d500.txt;7.2562e-05
decrescentes;d500.txt;9.2126e-05
decrescentes;d500.txt;7.2264e-05
decrescentes;d500.txt;7.3704e-05
decrescentes;d500.txt;7.3094e-05
decrescentes;d500.txt;7.2942e-05
decrescentes;d500.txt;9.3555e-05
decrescentes;d500.txt;9.5119e-05
decrescentes;d500.txt;7.6406e-05
decrescentes;d500.txt;9.1187e-05
decrescentes;d500.txt;7.0637e-05
decrescentes;d500.txt;7.2421e-05
decrescentes;d500.txt;7.2541e-05
decrescentes;d500.txt;8.1214e-05
decrescentes;d500.txt;0.00010756
decrescentes;d500.txt;0.000110616
decrescentes;d500.txt;7.2564e-05
decrescentes;d500.txt;9.1094e-05
decrescentes;d500.txt;9.1901e-05
decrescentes;d500.txt;7.2095e-05
decrescentes;d500.txt;7.3442e-05
decrescentes;d500.txt;7.2681e-05
decrescentes;d500.txt;7.2469e-05
decrescentes;d500.txt;7.2165e-05
decrescentes;d500.txt;9.2483e-05
decrescentes;d500.txt;7.3231e-05
decrescentes;d1000.txt;0.000163033
decrescentes;d1000.txt;0.00015492
decrescentes;d1000.txt;0.000155438
decrescentes;d1000.txt;0.000154518
decrescentes;d1000.txt;0.000160258
decrescentes;d1000.txt;0.000192741
decrescentes;d1000.txt;0.000156516
decrescentes;d1000.txt;0.000155534
decrescentes;d1000.txt;0.000206783
decrescentes;d1000.txt;0.000189858
decrescentes;d1000.txt;0.000164866
decrescentes;d1000.txt;0.000163253
decrescentes;d1000.txt;0.000171097
decrescentes;d1000.txt;0.000151154
decrescentes;d1000.txt;0.000155113
decrescentes;d1000.txt;0.000197144
decrescentes;d1000.txt;0.000199246
decrescentes;d1000.txt;0.000194542
decrescentes;d1000.txt;0.000155414
decrescentes;d1000.txt;0.000154545
decrescentes;d1000.txt;0.000155811
decrescentes;d1000.txt;0.000149873
decrescentes;d1000.txt;0.000155814
decrescentes;d1000.txt;0.000189651
decrescentes;d1000.txt;0.000154918
decrescentes;d1000.txt;0.000188881
decrescentes;d1000.txt;0.0001558
decrescentes;d1000.txt;0.000156558
decrescentes;d1000.txt;0.000166566
decrescentes;d1000.txt;0.000155999
decrescentes;d2000.txt;0.000351517
decrescentes;d2000.txt;0.000439606
decrescentes;d2000.txt;0.000431896
decrescentes;d2000.txt;0.000354145
decrescentes;d2000.txt;0.000354008
decrescentes;d2000.txt;0.000364376
decrescentes;d2000.txt;0.00034761
decrescentes;d2000.txt;0.000362799
decrescentes;d2000.txt;0.000424487
decrescentes;d2000.txt;0.000343321
decrescentes;d2000.txt;0.000354208
decrescentes;d2000.txt;0.000355341
decrescentes;d2000.txt;0.000362363
decrescentes;d2000.txt;0.000447748
decrescentes;d2000.txt;0.000365305
decrescentes;d2000.txt;0.000433471
decrescentes;d2000.txt;0.000427722
decrescentes;d2000.txt;0.000353871
decrescentes;d2000.txt;0.000352572
decrescentes;d2000.txt;0.000366496
decrescentes;d2000.txt;0.000450001
decrescentes;d2000.txt;0.000336315
decrescentes;d2000.txt;0.000439051
decrescentes;d2000.txt;0.0004295
decrescentes;d2000.txt;0.000354362
decrescentes;d2000.txt;0.000378367
decrescentes;d2000.txt;0.000362231
decrescentes;d2000.txt;0.000346258
decrescentes;d2000.txt;0.000479806
decrescentes;d2000.txt;0.000352491
decrescentes;d5000.txt;0.00109595
decrescentes;d5000.txt;0.00111518
decrescentes;d5000.txt;0.00107083
decrescentes;d5000.txt;0.000977347
decrescentes;d5000.txt;0.00101296
decrescentes;d5000.txt;0.00109793
decrescentes;d5000.txt;0.00110937
decrescentes;d5000.txt;0.00107825
decrescentes;d5000.txt;0.000964055
decrescentes;d5000.txt;0.00113076
decrescentes;d5000.txt;0.00109961
decrescentes;d5000.txt;0.00120814
decrescentes;d5000.txt;0.00107671
decrescentes;d5000.txt;0.000989278
decrescentes;d5000.txt;0.000972881
decrescentes;d5000.txt;0.000953163
decrescentes;d5000.txt;0.00111708
decrescentes;d5000.txt;0.00110071
decrescentes;d5000.txt;0.00107404
decrescentes;d5000.txt;0.000993776
decrescentes;d5000.txt;0.00105457
decrescentes;d5000.txt;0.00117226
decrescentes;d5000.txt;0.00114459
decrescentes;d5000.txt;0.00110237
decrescentes;d5000.txt;0.00108445
decrescentes;d5000.txt;0.00098655
decrescentes;d5000.txt;0.000982229
decrescentes;d5000.txt;0.00112404
decrescentes;d5000.txt;0.00108494
decrescentes;d5000.txt;0.00107385
decrescentes;d7500.txt;0.00157438
decrescentes;d7500.txt;0.00156738
decrescentes;d7500.txt;0.00158377
decrescentes;d7500.txt;0.00157479
decrescentes;d7500.txt;0.00140132
decrescentes;d7500.txt;0.00143885
decrescentes;d7500.txt;0.00170014
decrescentes;d7500.txt;0.0014266
decrescentes;d7500.txt;0.00156126
decrescentes;d7500.txt;0.00140266
decrescentes;d7500.txt;0.00141027
decrescentes;d7500.txt;0.00156411
decrescentes;d7500.txt;0.00138827
decrescentes;d7500.txt;0.00154948
decrescentes;d7500.txt;0.00161958
decrescentes;d7500.txt;0.00152404
decrescentes;d7500.txt;0.00153526
decrescentes;d7500.txt;0.00142659
decrescentes;d7500.txt;0.00139161
decrescentes;d7500.txt;0.00140421
decrescentes;d7500.txt;0.00153657
decrescentes;d7500.txt;0.0017266
decrescentes;d7500.txt;0.00139581
decrescentes;d7500.txt;0.00143662
decrescentes;d7500.txt;0.00144762
decrescentes;d7500.txt;0.00153184
decrescentes;d7500.txt;0.00147937
decrescentes;d7500.txt;0.00132479
decrescentes;d7500.txt;0.00139498
decrescentes;d7500.txt;0.00137331
decrescentes;d10000.txt;0.00245566
decrescentes;d10000.txt;0.00216398
decrescentes;d10000.txt;0.00213795
decrescentes;d10000.txt;0.00211706
decrescentes;d10000.txt;0.00228298
decrescentes;d10000.txt;0.00235866
decrescentes;d10000.txt;0.00212892
decrescentes;d10000.txt;0.00252361
decrescentes;d10000.txt;0.00225066
decrescentes;d10000.txt;0.00225299
decrescentes;d10000.txt;0.00238905
decrescentes;d10000.txt;0.00215786
decrescentes;d10000.txt;0.00237227
decrescentes;d10000.txt;0.00216112
decrescentes;d10000.txt;0.00240638
decrescentes;d10000.txt;0.00226941
decrescentes;d10000.txt;0.00228576
decrescentes;d10000.txt;0.00207101
decrescentes;d10000.txt;0.00243164
decrescentes;d10000.txt;0.00236699
decrescentes;d10000.txt;0.00239807
decrescentes;d10000.txt;0.00207141
decrescentes;d10000.txt;0.00213399
decrescentes;d10000.txt;0.00231781
decrescentes;d10000.txt;0.00221739
decrescentes;d10000.txt;0.00213535
decrescentes;d10000.txt;0.00216725
decrescentes;d10000.txt;0.00239828
decrescentes;d10000.txt;0.00216236
decrescentes;d10000.txt;0.00243503
decrescentes;d15000.txt;0.00326244
decrescentes;d15000.txt;0.00345765
decrescentes;d15000.txt;0.00307191
decrescentes;d15000.txt;0.00323938
decrescentes;d15000.txt;0.00311278
decrescentes;d15000.txt;0.00109226
decrescentes;d15000.txt;0.00340125
decrescentes;d15000.txt;0.00325331
decrescentes;d15000.txt;0.00325571
decrescentes;d15000.txt;0.00344993
decrescentes;d15000.txt;0.00307272
decrescentes;d15000.txt;0.00318104
decrescentes;d15000.txt;0.00310516
decrescentes;d15000.txt;0.00309138
decrescentes;d15000.txt;0.0033676
decrescentes;d15000.txt;0.00311952
decrescentes;d15000.txt;0.00303515
decrescentes;d15000.txt;0.00298533
decrescentes;d15000.txt;0.0027508
decrescentes;d15000.txt;0.0028725
decrescentes;d15000.txt;0.00351273
decrescentes;d15000.txt;0.00297624
decrescentes;d15000.txt;0.00306364
decrescentes;d15000.txt;0.00306628
decrescentes;d15000.txt;0.0031843
decrescentes;d15000.txt;0.0030823
decrescentes;d15000.txt;0.00280172
decrescentes;d15000.txt;0.00261792
decrescentes;d15000.txt;0.00193867
decrescentes;d15000.txt;0.00268755
decrescentes;d30000.txt;0.00670302
decrescentes;d30000.txt;0.00672966
decrescentes;d30000.txt;0.00678793
decrescentes;d30000.txt;0.00686178
decrescentes;d30000.txt;0.00596074
decrescentes;d30000.txt;0.00661433
decrescentes;d30000.txt;0.00601911
decrescentes;d30000.txt;0.00654177
decrescentes;d30000.txt;0.00588634
decrescentes;d30000.txt;0.00619994
decrescentes;d30000.txt;0.00638349
decrescentes;d30000.txt;0.00620549
decrescentes;d30000.txt;0.00650504
decrescentes;d30000.txt;0.00597398
decrescentes;d30000.txt;0.00626842
decrescentes;d30000.txt;0.00596703
decrescentes;d30000.txt;0.0063743
decrescentes;d30000.txt;0.0054586
decrescentes;d30000.txt;0.00598698
decrescentes;d30000.txt;0.00451516
decrescentes;d30000.txt;0.00584742
decrescentes;d30000.txt;0.00644741
decrescentes;d30000.txt;0.00604879
decrescentes;d30000.txt;0.00676304
decrescentes;d30000.txt;0.00647841
decrescentes;d30000.txt;0.00684087
decrescentes;d30000.txt;0.00661663
decrescentes;d30000.txt;0.00702645
decrescentes;d30000.txt;0.00613205
decrescentes;d30000.txt;0.006834
decrescentes;d50000.txt;0.00854386
decrescentes;d50000.txt;0.00407774
decrescentes;d50000.txt;0.004238
decrescentes;d50000.txt;0.00524868
decrescentes;d50000.txt;0.00694375
decrescentes;d50000.txt;0.00413269
decrescentes;d50000.txt;0.00444762
decrescentes;d50000.txt;0.00406058
decrescentes;d50000.txt;0.00416186
decrescentes;d50000.txt;0.00454145
decrescentes;d50000.txt;0.00392832
decrescentes;d50000.txt;0.00408352
decrescentes;d50000.txt;0.00442417
decrescentes;d50000.txt;0.0038868
decrescentes;d50000.txt;0.00431639
decrescentes;d50000.txt;0.00660144
decrescentes;d50000.txt;0.0094489
decrescentes;d50000.txt;0.00709668
decrescentes;d50000.txt;0.00886314
decrescentes;d50000.txt;0.0101794
decrescentes;d50000.txt;0.00984711
decrescentes;d50000.txt;0.00916637
decrescentes;d50000.txt;0.00604312
decrescentes;d50000.txt;0.00936946
decrescentes;d50000.txt;0.0107495
decrescentes;d50000.txt;0.00600464
decrescentes;d50000.txt;0.00793214
decrescentes;d50000.txt;0.0102318
decrescentes;d50000.txt;0.00588957
decrescentes;d50000.txt;0.00923883
decrescentes;d75000.txt;0.0104254
decrescentes;d75000.txt;0.00642802
decrescentes;d75000.txt;0.00797945
decrescentes;d75000.txt;0.00822827
decrescentes;d75000.txt;0.0104009
decrescentes;d75000.txt;0.00721025
decrescentes;d75000.txt;0.010026
decrescentes;d75000.txt;0.00964621
decrescentes;d75000.txt;0.0105083
decrescentes;d75000.txt;0.00919305
decrescentes;d75000.txt;0.0158394
decrescentes;d75000.txt;0.0119032
decrescentes;d75000.txt;0.0127585
decrescentes;d75000.txt;0.0130989
decrescentes;d75000.txt;0.00777871
decrescentes;d75000.txt;0.00701635
decrescentes;d75000.txt;0.00836073
decrescentes;d75000.txt;0.0117679
decrescentes;d75000.txt;0.0101168
decrescentes;d75000.txt;0.00836652
decrescentes;d75000.txt;0.00996429
decrescentes;d75000.txt;0.013455
decrescentes;d75000.txt;0.00914798
decrescentes;d75000.txt;0.0106207
decrescentes;d75000.txt;0.00799699
decrescentes;d75000.txt;0.00776622
decrescentes;d75000.txt;0.00939291
decrescentes;d75000.txt;0.00997083
decrescentes;d75000.txt;0.00596655
decrescentes;d75000.txt;0.00684303
decrescentes;d100000.txt;0.00889957
decrescentes;d100000.txt;0.0105571
decrescentes;d100000.txt;0.0132298
decrescentes;d100000.txt;0.00929336
decrescentes;d100000.txt;0.0152143
decrescentes;d100000.txt;0.0110487
decrescentes;d100000.txt;0.0156193
decrescentes;d100000.txt;0.0133829
decrescentes;d100000.txt;0.010109
decrescentes;d100000.txt;0.0101792
decrescentes;d100000.txt;0.00845708
decrescentes;d100000.txt;0.01294
decrescentes;d100000.txt;0.00968716
decrescentes;d100000.txt;0.0109163
decrescentes;d100000.txt;0.00920766
decrescentes;d100000.txt;0.00853572
decrescentes;d100000.txt;0.00824658
decrescentes;d100000.txt;0.0109024
decrescentes;d100000.txt;0.00930882
decrescentes;d100000.txt;0.0115356
decrescentes;d100000.txt;0.00936368
decrescentes;d100000.txt;0.0107953
decrescentes;d100000.txt;0.00900573
decrescentes;d100000.txt;0.0104969
decrescentes;d100000.txt;0.00986109
decrescentes;d100000.txt;0.00861844
decrescentes;d100000.txt;0.0097745
decrescentes;d100000.txt;0.00954226
decrescentes;d100000.txt;0.00942538
decrescentes;d100000.txt;0.00839132
decrescentes;d200000.txt;0.0271671
decrescentes;d200000.txt;0.0169255
decrescentes;d200000.txt;0.0175739
decrescentes;d200000.txt;0.0178475
decrescentes;d200000.txt;0.0178959
decrescentes;d200000.txt;0.0174175
decrescentes;d200000.txt;0.0177657
decrescentes;d200000.txt;0.0171636
decrescentes;d200000.txt;0.0172216
decrescentes;d200000.txt;0.0171208
decrescentes;d200000.txt;0.0173448
decrescentes;d200000.txt;0.0172486
decrescentes;d200000.txt;0.0176664
decrescentes;d200000.txt;0.0174839
decrescentes;d200000.txt;0.0179447
decrescentes;d200000.txt;0.0178342
decrescentes;d200000.txt;0.017773
decrescentes;d200000.txt;0.0178355
decrescentes;d200000.txt;0.0178114
decrescentes;d200000.txt;0.0174032
decrescentes;d200000.txt;0.0177377
decrescentes;d200000.txt;0.0173886
decrescentes;d200000.txt;0.0180713
decrescentes;d200000.txt;0.0172838
decrescentes;d200000.txt;0.0174279
decrescentes;d200000.txt;0.0173677
decrescentes;d200000.txt;0.0176457
decrescentes;d200000.txt;0.0177435
decrescentes;d200000.txt;0.0186101
decrescentes;d200000.txt;0.0178271
decrescentes;d500000.txt;0.0469361
decrescentes;d500000.txt;0.0475498
decrescentes;d500000.txt;0.0469198
decrescentes;d500000.txt;0.0468367
decrescentes;d500000.txt;0.0471097
decrescentes;d500000.txt;0.0470558
decrescentes;d500000.txt;0.0467797
decrescentes;d500000.txt;0.0469048
decrescentes;d500000.txt;0.0475548
decrescentes;d500000.txt;0.0465749
decrescentes;d500000.txt;0.046329
decrescentes;d500000.txt;0.0462875
decrescentes;d500000.txt;0.0456438
decrescentes;d500000.txt;0.0475633
decrescentes;d500000.txt;0.0468872
decrescentes;d500000.txt;0.0471526
decrescentes;d500000.txt;0.0461522
decrescentes;d500000.txt;0.0470333
decrescentes;d500000.txt;0.0465862
decrescentes;d500000.txt;0.0472046
decrescentes;d500000.txt;0.0478369
decrescentes;d500000.txt;0.0475022
decrescentes;d500000.txt;0.0457526
decrescentes;d500000.txt;0.0475843
decrescentes;d500000.txt;0.0459162
decrescentes;d500000.txt;0.0467202
decrescentes;d500000.txt;0.0505257
decrescentes;d500000.txt;0.0462701
decrescentes;d500000.txt;0.0458935
decrescentes;d500000.txt;0.0459153
decrescentes;d750000.txt;0.0762125
decrescentes;d750000.txt;0.075423
decrescentes;d750000.txt;0.0757152
decrescentes;d750000.txt;0.0753024
decrescentes;d750000.txt;0.0750628
decrescentes;d750000.txt;0.0762976
decrescentes;d750000.txt;0.0752907
decrescentes;d750000.txt;0.0754518
decrescentes;d750000.txt;0.0749116
decrescentes;d750000.txt;0.0742962
decrescentes;d750000.txt;0.0743855
decrescentes;d750000.txt;0.0752213
decrescentes;d750000.txt;0.0742262
decrescentes;d750000.txt;0.0733106
decrescentes;d750000.txt;0.0774386
decrescentes;d750000.txt;0.0753776
decrescentes;d750000.txt;0.0758862
decrescentes;d750000.txt;0.0729205
decrescentes;d750000.txt;0.074792
decrescentes;d750000.txt;0.0726142
decrescentes;d750000.txt;0.0728946
decrescentes;d750000.txt;0.074824
decrescentes;d750000.txt;0.0751697
decrescentes;d750000.txt;0.0733739
decrescentes;d750000.txt;0.0762715
decrescentes;d750000.txt;0.0760253
decrescentes;d750000.txt;0.0760904
decrescentes;d750000.txt;0.075618
decrescentes;d750000.txt;0.0734807
decrescentes;d750000.txt;0.0731584
decrescentes;d1000000.txt;0.0975635
decrescentes;d1000000.txt;0.101519
decrescentes;d1000000.txt;0.101711
decrescentes;d1000000.txt;0.100505
decrescentes;d1000000.txt;0.103175
decrescentes;d1000000.txt;0.103735
decrescentes;d1000000.txt;0.0983224
decrescentes;d1000000.txt;0.100021
decrescentes;d1000000.txt;0.101328
decrescentes;d1000000.txt;0.0983193
decrescentes;d1000000.txt;0.101441
decrescentes;d1000000.txt;0.100495
decrescentes;d1000000.txt;0.0991407
decrescentes;d1000000.txt;0.1021
decrescentes;d1000000.txt;0.101467
decrescentes;d1000000.txt;0.0980501
decrescentes;d1000000.txt;0.10234
decrescentes;d1000000.txt;0.101093
decrescentes;d1000000.txt;0.100247
decrescentes;d1000000.txt;0.0986566
decrescentes;d1000000.txt;0.0982833
decrescentes;d1000000.txt;0.103076
decrescentes;d1000000.txt;0.0995987
decrescentes;d1000000.txt;0.0999248
decrescentes;d1000000.txt;0.0996512
decrescentes;d1000000.txt;0.0999301
decrescentes;d1000000.txt;0.100168
decrescentes;d1000000.txt;0.100491
decrescentes;d1000000.txt;0.0990179
decrescentes;d1000000.txt;0.100751
decrescentes;d1250000.txt;0.13004
decrescentes;d1250000.txt;0.129082
decrescentes;d1250000.txt;0.130643
decrescentes;d1250000.txt;0.125936
decrescentes;d1250000.txt;0.126989
decrescentes;d1250000.txt;0.125518
decrescentes;d1250000.txt;0.131007
decrescentes;d1250000.txt;0.12543
decrescentes;d1250000.txt;0.127895
decrescentes;d1250000.txt;0.127026
decrescentes;d1250000.txt;0.128469
decrescentes;d1250000.txt;0.130039
decrescentes;d1250000.txt;0.12823
decrescentes;d1250000.txt;0.131228
decrescentes;d1250000.txt;0.128732
decrescentes;d1250000.txt;0.128469
decrescentes;d1250000.txt;0.128121
decrescentes;d1250000.txt;0.127284
decrescentes;d1250000.txt;0.128705
decrescentes;d1250000.txt;0.129336
decrescentes;d1250000.txt;0.130928
decrescentes;d1250000.txt;0.12792
decrescentes;d1250000.txt;0.130966
decrescentes;d1250000.txt;0.128944
decrescentes;d1250000.txt;0.126795
decrescentes;d1250000.txt;0.127623
decrescentes;d1250000.txt;0.125522
decrescentes;d1250000.txt;0.128062
decrescentes;d1250000.txt;0.135516
decrescentes;d1250000.txt;0.13021
decrescentes;d1500000.txt;0.162893
decrescentes;d1500000.txt;0.159363
decrescentes;d1500000.txt;0.162932
decrescentes;d1500000.txt;0.161338
decrescentes;d1500000.txt;0.160828
decrescentes;d1500000.txt;0.163051
decrescentes;d1500000.txt;0.159024
decrescentes;d1500000.txt;0.160739
decrescentes;d1500000.txt;0.158989
decrescentes;d1500000.txt;0.165457
decrescentes;d1500000.txt;0.165513
decrescentes;d1500000.txt;0.160783
decrescentes;d1500000.txt;0.162514
decrescentes;d1500000.txt;0.159882
decrescentes;d1500000.txt;0.159455
decrescentes;d1500000.txt;0.163093
decrescentes;d1500000.txt;0.164995
decrescentes;d1500000.txt;0.161294
decrescentes;d1500000.txt;0.161007
decrescentes;d1500000.txt;0.159356
decrescentes;d1500000.txt;0.161319
decrescentes;d1500000.txt;0.165652
decrescentes;d1500000.txt;0.163485
decrescentes;d1500000.txt;0.164541
decrescentes;d1500000.txt;0.16392
decrescentes;d1500000.txt;0.161397
decrescentes;d1500000.txt;0.16827
decrescentes;d1500000.txt;0.160639
decrescentes;d1500000.txt;0.16143
decrescentes;d1500000.txt;0.164118
decrescentes;d2000000.txt;0.215458
decrescentes;d2000000.txt;0.216295
decrescentes;d2000000.txt;0.219874
decrescentes;d2000000.txt;0.218368
decrescentes;d2000000.txt;0.216869
decrescentes;d2000000.txt;0.214854
decrescentes;d2000000.txt;0.212431
decrescentes;d2000000.txt;0.212219
decrescentes;d2000000.txt;0.217599
decrescentes;d2000000.txt;0.220229
decrescentes;d2000000.txt;0.214029
decrescentes;d2000000.txt;0.215618
decrescentes;d2000000.txt;0.217357
decrescentes;d2000000.txt;0.218554
decrescentes;d2000000.txt;0.216516
decrescentes;d2000000.txt;0.215917
decrescentes;d2000000.txt;0.212163
decrescentes;d2000000.txt;0.218915
decrescentes;d2000000.txt;0.21313
decrescentes;d2000000.txt;0.2163
decrescentes;d2000000.txt;0.217451
decrescentes;d2000000.txt;0.214211
decrescentes;d2000000.txt;0.214714
decrescentes;d2000000.txt;0.219138
decrescentes;d2000000.txt;0.217046
decrescentes;d2000000.txt;0.211745
decrescentes;d2000000.txt;0.210796
decrescentes;d2000000.txt;0.220257
decrescentes;d2000000.txt;0.212347
decrescentes;d2000000.txt;0.217834
