Pasta;Arquivo;Tempo_Segundos
decrescentes;d100.txt;0,001006
decrescentes;d100.txt;0,001012
decrescentes;d100.txt;0,001025
decrescentes;d100.txt;0,001020
decrescentes;d100.txt;0,001010
decrescentes;d100.txt;0,001054
decrescentes;d100.txt;0,001056
decrescentes;d100.txt;0,001099
decrescentes;d100.txt;0,001030
decrescentes;d100.txt;0,001026
decrescentes;d100.txt;0,001024
decrescentes;d100.txt;0,001217
decrescentes;d100.txt;0,001004
decrescentes;d100.txt;0,001037
decrescentes;d100.txt;0,001032
decrescentes;d100.txt;0,001028
decrescentes;d100.txt;0,001029
decrescentes;d100.txt;0,001016
decrescentes;d100.txt;0,001037
decrescentes;d100.txt;0,001055
decrescentes;d100.txt;0,001020
decrescentes;d100.txt;0,001021
decrescentes;d100.txt;0,001007
decrescentes;d100.txt;0,001100
decrescentes;d100.txt;0,001023
decrescentes;d100.txt;0,001011
decrescentes;d100.txt;0,001029
decrescentes;d100.txt;0,001011
decrescentes;d100.txt;0,001014
decrescentes;d100.txt;0,001030
decrescentes;d200.txt;0,001044
decrescentes;d200.txt;0,001103
decrescentes;d200.txt;0,001028
decrescentes;d200.txt;0,001058
decrescentes;d200.txt;0,001099
decrescentes;d200.txt;0,001131
decrescentes;d200.txt;0,001033
decrescentes;d200.txt;0,001026
decrescentes;d200.txt;0,001035
decrescentes;d200.txt;0,001103
decrescentes;d200.txt;0,001027
decrescentes;d200.txt;0,001404
decrescentes;d200.txt;0,001037
decrescentes;d200.txt;0,001030
decrescentes;d200.txt;0,001048
decrescentes;d200.txt;0,001063
decrescentes;d200.txt;0,001024
decrescentes;d200.txt;0,001029
decrescentes;d200.txt;0,001038
decrescentes;d200.txt;0,001019
decrescentes;d200.txt;0,001043
decrescentes;d200.txt;0,001013
decrescentes;d200.txt;0,001035
decrescentes;d200.txt;0,001483
decrescentes;d200.txt;0,001053
decrescentes;d200.txt;0,001041
decrescentes;d200.txt;0,001019
decrescentes;d200.txt;0,001031
decrescentes;d200.txt;0,001087
decrescentes;d200.txt;0,001025
decrescentes;d500.txt;0,001049
decrescentes;d500.txt;0,001072
decrescentes;d500.txt;0,001063
decrescentes;d500.txt;0,001059
decrescentes;d500.txt;0,001054
decrescentes;d500.txt;0,001055
decrescentes;d500.txt;0,001061
decrescentes;d500.txt;0,001085
decrescentes;d500.txt;0,001118
decrescentes;d500.txt;0,001058
decrescentes;d500.txt;0,001125
decrescentes;d500.txt;0,001056
decrescentes;d500.txt;0,001129
decrescentes;d500.txt;0,001108
decrescentes;d500.txt;0,001061
decrescentes;d500.txt;0,001088
decrescentes;d500.txt;0,001050
decrescentes;d500.txt;0,001093
decrescentes;d500.txt;0,001072
decrescentes;d500.txt;0,001056
decrescentes;d500.txt;0,001055
decrescentes;d500.txt;0,001042
decrescentes;d500.txt;0,001111
decrescentes;d500.txt;0,001059
decrescentes;d500.txt;0,001286
decrescentes;d500.txt;0,001169
decrescentes;d500.txt;0,001073
decrescentes;d500.txt;0,001067
decrescentes;d500.txt;0,001080
decrescentes;d500.txt;0,001066
decrescentes;d1000.txt;0,001129
decrescentes;d1000.txt;0,001145
decrescentes;d1000.txt;0,001134
decrescentes;d1000.txt;0,001114
decrescentes;d1000.txt;0,001129
decrescentes;d1000.txt;0,001193
decrescentes;d1000.txt;0,001477
decrescentes;d1000.txt;0,001332
decrescentes;d1000.txt;0,001137
decrescentes;d1000.txt;0,001191
decrescentes;d1000.txt;0,001167
decrescentes;d1000.txt;0,001163
decrescentes;d1000.txt;0,001113
decrescentes;d1000.txt;0,001116
decrescentes;d1000.txt;0,001161
decrescentes;d1000.txt;0,001139
decrescentes;d1000.txt;0,001134
decrescentes;d1000.txt;0,001126
decrescentes;d1000.txt;0,001138
decrescentes;d1000.txt;0,001113
decrescentes;d1000.txt;0,001149
decrescentes;d1000.txt;0,001163
decrescentes;d1000.txt;0,001174
decrescentes;d1000.txt;0,001119
decrescentes;d1000.txt;0,001124
decrescentes;d1000.txt;0,001170
decrescentes;d1000.txt;0,001116
decrescentes;d1000.txt;0,001117
decrescentes;d1000.txt;0,001099
decrescentes;d1000.txt;0,001202
decrescentes;d2000.txt;0,001358
decrescentes;d2000.txt;0,001330
decrescentes;d2000.txt;0,001287
decrescentes;d2000.txt;0,001277
decrescentes;d2000.txt;0,001296
decrescentes;d2000.txt;0,001291
decrescentes;d2000.txt;0,001282
decrescentes;d2000.txt;0,001368
decrescentes;d2000.txt;0,001301
decrescentes;d2000.txt;0,001290
decrescentes;d2000.txt;0,001329
decrescentes;d2000.txt;0,001308
decrescentes;d2000.txt;0,001305
decrescentes;d2000.txt;0,001298
decrescentes;d2000.txt;0,001301
decrescentes;d2000.txt;0,001287
decrescentes;d2000.txt;0,001285
decrescentes;d2000.txt;0,001291
decrescentes;d2000.txt;0,001328
decrescentes;d2000.txt;0,001298
decrescentes;d2000.txt;0,001344
decrescentes;d2000.txt;0,001311
decrescentes;d2000.txt;0,001334
decrescentes;d2000.txt;0,001356
decrescentes;d2000.txt;0,001430
decrescentes;d2000.txt;0,001297
decrescentes;d2000.txt;0,001309
decrescentes;d2000.txt;0,001293
decrescentes;d2000.txt;0,001317
decrescentes;d2000.txt;0,001299
decrescentes;d5000.txt;0,002177
decrescentes;d5000.txt;0,002167
decrescentes;d5000.txt;0,002203
decrescentes;d5000.txt;0,002211
decrescentes;d5000.txt;0,002879
decrescentes;d5000.txt;0,002177
decrescentes;d5000.txt;0,002196
decrescentes;d5000.txt;0,002231
decrescentes;d5000.txt;0,002306
decrescentes;d5000.txt;0,002201
decrescentes;d5000.txt;0,002179
decrescentes;d5000.txt;0,002170
decrescentes;d5000.txt;0,002268
decrescentes;d5000.txt;0,002206
decrescentes;d5000.txt;0,002194
decrescentes;d5000.txt;0,002184
decrescentes;d5000.txt;0,002180
decrescentes;d5000.txt;0,002164
decrescentes;d5000.txt;0,002155
decrescentes;d5000.txt;0,002199
decrescentes;d5000.txt;0,002178
decrescentes;d5000.txt;0,002216
decrescentes;d5000.txt;0,002463
decrescentes;d5000.txt;0,002674
decrescentes;d5000.txt;0,002195
decrescentes;d5000.txt;0,002214
decrescentes;d5000.txt;0,002176
decrescentes;d5000.txt;0,002255
decrescentes;d5000.txt;0,002235
decrescentes;d5000.txt;0,002181
decrescentes;d7500.txt;0,002693
decrescentes;d7500.txt;0,002442
decrescentes;d7500.txt;0,002475
decrescentes;d7500.txt;0,002463
decrescentes;d7500.txt;0,002573
decrescentes;d7500.txt;0,002567
decrescentes;d7500.txt;0,002512
decrescentes;d7500.txt;0,002496
decrescentes;d7500.txt;0,002515
decrescentes;d7500.txt;0,002590
decrescentes;d7500.txt;0,002452
decrescentes;d7500.txt;0,002469
decrescentes;d7500.txt;0,002498
decrescentes;d7500.txt;0,002514
decrescentes;d7500.txt;0,002617
decrescentes;d7500.txt;0,002604
decrescentes;d7500.txt;0,002527
decrescentes;d7500.txt;0,002510
decrescentes;d7500.txt;0,002526
decrescentes;d7500.txt;0,002488
decrescentes;d7500.txt;0,002536
decrescentes;d7500.txt;0,002487
decrescentes;d7500.txt;0,002533
decrescentes;d7500.txt;0,002489
decrescentes;d7500.txt;0,002476
decrescentes;d7500.txt;0,002519
decrescentes;d7500.txt;0,002553
decrescentes;d7500.txt;0,002521
decrescentes;d7500.txt;0,002444
decrescentes;d7500.txt;0,002469
decrescentes;d10000.txt;0,002982
decrescentes;d10000.txt;0,003090
decrescentes;d10000.txt;0,002916
decrescentes;d10000.txt;0,003032
decrescentes;d10000.txt;0,002974
decrescentes;d10000.txt;0,003109
decrescentes;d10000.txt;0,003141
decrescentes;d10000.txt;0,003074
decrescentes;d10000.txt;0,003010
decrescentes;d10000.txt;0,003102
decrescentes;d10000.txt;0,003027
decrescentes;d10000.txt;0,003084
decrescentes;d10000.txt;0,002999
decrescentes;d10000.txt;0,002900
decrescentes;d10000.txt;0,003248
decrescentes;d10000.txt;0,003023
decrescentes;d10000.txt;0,003056
decrescentes;d10000.txt;0,003048
decrescentes;d10000.txt;0,003010
decrescentes;d10000.txt;0,003053
decrescentes;d10000.txt;0,003028
decrescentes;d10000.txt;0,002970
decrescentes;d10000.txt;0,003023
decrescentes;d10000.txt;0,003039
decrescentes;d10000.txt;0,002993
decrescentes;d10000.txt;0,002999
decrescentes;d10000.txt;0,003021
decrescentes;d10000.txt;0,003054
decrescentes;d10000.txt;0,002979
decrescentes;d10000.txt;0,003080
decrescentes;d15000.txt;0,003533
decrescentes;d15000.txt;0,003495
decrescentes;d15000.txt;0,003752
decrescentes;d15000.txt;0,003575
decrescentes;d15000.txt;0,003633
decrescentes;d15000.txt;0,003534
decrescentes;d15000.txt;0,003520
decrescentes;d15000.txt;0,003485
decrescentes;d15000.txt;0,003588
decrescentes;d15000.txt;0,003475
decrescentes;d15000.txt;0,003543
decrescentes;d15000.txt;0,003441
decrescentes;d15000.txt;0,003482
decrescentes;d15000.txt;0,003522
decrescentes;d15000.txt;0,003548
decrescentes;d15000.txt;0,003533
decrescentes;d15000.txt;0,003533
decrescentes;d15000.txt;0,003518
decrescentes;d15000.txt;0,003574
decrescentes;d15000.txt;0,003443
decrescentes;d15000.txt;0,003553
decrescentes;d15000.txt;0,003568
decrescentes;d15000.txt;0,003551
decrescentes;d15000.txt;0,003498
decrescentes;d15000.txt;0,003535
decrescentes;d15000.txt;0,003512
decrescentes;d15000.txt;0,003607
decrescentes;d15000.txt;0,005031
decrescentes;d15000.txt;0,003724
decrescentes;d15000.txt;0,003601
decrescentes;d30000.txt;0,005254
decrescentes;d30000.txt;0,005188
decrescentes;d30000.txt;0,005161
decrescentes;d30000.txt;0,005230
decrescentes;d30000.txt;0,005110
decrescentes;d30000.txt;0,005278
decrescentes;d30000.txt;0,005222
decrescentes;d30000.txt;0,005134
decrescentes;d30000.txt;0,005165
decrescentes;d30000.txt;0,005217
decrescentes;d30000.txt;0,005079
decrescentes;d30000.txt;0,005152
decrescentes;d30000.txt;0,005219
decrescentes;d30000.txt;0,005077
decrescentes;d30000.txt;0,005171
decrescentes;d30000.txt;0,005197
decrescentes;d30000.txt;0,005157
decrescentes;d30000.txt;0,005178
decrescentes;d30000.txt;0,005114
decrescentes;d30000.txt;0,005110
decrescentes;d30000.txt;0,005074
decrescentes;d30000.txt;0,005128
decrescentes;d30000.txt;0,005242
decrescentes;d30000.txt;0,006555
decrescentes;d30000.txt;0,005117
decrescentes;d30000.txt;0,005275
decrescentes;d30000.txt;0,005015
decrescentes;d30000.txt;0,005145
decrescentes;d30000.txt;0,005068
decrescentes;d30000.txt;0,005086
decrescentes;d50000.txt;0,006537
decrescentes;d50000.txt;0,006516
decrescentes;d50000.txt;0,006645
decrescentes;d50000.txt;0,006559
decrescentes;d50000.txt;0,006626
decrescentes;d50000.txt;0,006825
decrescentes;d50000.txt;0,006653
decrescentes;d50000.txt;0,006501
decrescentes;d50000.txt;0,006676
decrescentes;d50000.txt;0,006745
decrescentes;d50000.txt;0,006713
decrescentes;d50000.txt;0,006888
decrescentes;d50000.txt;0,006575
decrescentes;d50000.txt;0,006494
decrescentes;d50000.txt;0,006779
decrescentes;d50000.txt;0,006680
decrescentes;d50000.txt;0,006672
decrescentes;d50000.txt;0,006678
decrescentes;d50000.txt;0,006497
decrescentes;d50000.txt;0,006512
decrescentes;d50000.txt;0,006572
decrescentes;d50000.txt;0,006616
decrescentes;d50000.txt;0,006696
decrescentes;d50000.txt;0,006767
decrescentes;d50000.txt;0,006584
decrescentes;d50000.txt;0,006650
decrescentes;d50000.txt;0,006741
decrescentes;d50000.txt;0,006778
decrescentes;d50000.txt;0,006558
decrescentes;d50000.txt;0,006502
decrescentes;d75000.txt;0,008160
decrescentes;d75000.txt;0,008382
decrescentes;d75000.txt;0,008635
decrescentes;d75000.txt;0,008380
decrescentes;d75000.txt;0,008491
decrescentes;d75000.txt;0,008410
decrescentes;d75000.txt;0,008102
decrescentes;d75000.txt;0,008190
decrescentes;d75000.txt;0,008232
decrescentes;d75000.txt;0,008138
decrescentes;d75000.txt;0,008535
decrescentes;d75000.txt;0,008417
decrescentes;d75000.txt;0,008453
decrescentes;d75000.txt;0,008577
decrescentes;d75000.txt;0,008377
decrescentes;d75000.txt;0,008550
decrescentes;d75000.txt;0,008194
decrescentes;d75000.txt;0,008374
decrescentes;d75000.txt;0,008515
decrescentes;d75000.txt;0,008175
decrescentes;d75000.txt;0,008239
decrescentes;d75000.txt;0,008194
decrescentes;d75000.txt;0,008119
decrescentes;d75000.txt;0,008687
decrescentes;d75000.txt;0,008280
decrescentes;d75000.txt;0,008502
decrescentes;d75000.txt;0,008435
decrescentes;d75000.txt;0,008170
decrescentes;d75000.txt;0,008198
decrescentes;d75000.txt;0,008395
decrescentes;d100000.txt;0,009804
decrescentes;d100000.txt;0,010257
decrescentes;d100000.txt;0,010193
decrescentes;d100000.txt;0,010271
decrescentes;d100000.txt;0,009820
decrescentes;d100000.txt;0,009817
decrescentes;d100000.txt;0,009936
decrescentes;d100000.txt;0,010290
decrescentes;d100000.txt;0,009934
decrescentes;d100000.txt;0,010153
decrescentes;d100000.txt;0,009973
decrescentes;d100000.txt;0,009778
decrescentes;d100000.txt;0,010298
decrescentes;d100000.txt;0,009880
decrescentes;d100000.txt;0,009912
decrescentes;d100000.txt;0,010413
decrescentes;d100000.txt;0,010409
decrescentes;d100000.txt;0,009839
decrescentes;d100000.txt;0,009947
decrescentes;d100000.txt;0,009926
decrescentes;d100000.txt;0,010042
decrescentes;d100000.txt;0,010334
decrescentes;d100000.txt;0,010294
decrescentes;d100000.txt;0,010280
decrescentes;d100000.txt;0,010303
decrescentes;d100000.txt;0,010314
decrescentes;d100000.txt;0,010277
decrescentes;d100000.txt;0,009920
decrescentes;d100000.txt;0,009800
decrescentes;d100000.txt;0,010320
decrescentes;d200000.txt;0,018016
decrescentes;d200000.txt;0,017610
decrescentes;d200000.txt;0,017850
decrescentes;d200000.txt;0,017795
decrescentes;d200000.txt;0,017903
decrescentes;d200000.txt;0,017861
decrescentes;d200000.txt;0,016887
decrescentes;d200000.txt;0,017753
decrescentes;d200000.txt;0,017997
decrescentes;d200000.txt;0,017025
decrescentes;d200000.txt;0,017751
decrescentes;d200000.txt;0,017942
decrescentes;d200000.txt;0,017798
decrescentes;d200000.txt;0,017911
decrescentes;d200000.txt;0,017781
decrescentes;d200000.txt;0,016971
decrescentes;d200000.txt;0,016853
decrescentes;d200000.txt;0,017808
decrescentes;d200000.txt;0,017757
decrescentes;d200000.txt;0,017014
decrescentes;d200000.txt;0,016914
decrescentes;d200000.txt;0,018232
decrescentes;d200000.txt;0,017118
decrescentes;d200000.txt;0,017125
decrescentes;d200000.txt;0,017950
decrescentes;d200000.txt;0,017746
decrescentes;d200000.txt;0,017178
decrescentes;d200000.txt;0,016993
decrescentes;d200000.txt;0,017105
decrescentes;d200000.txt;0,016916
decrescentes;d500000.txt;0,035962
decrescentes;d500000.txt;0,038375
decrescentes;d500000.txt;0,036619
decrescentes;d500000.txt;0,036201
decrescentes;d500000.txt;0,038042
decrescentes;d500000.txt;0,037791
decrescentes;d500000.txt;0,038297
decrescentes;d500000.txt;0,036081
decrescentes;d500000.txt;0,038674
decrescentes;d500000.txt;0,036260
decrescentes;d500000.txt;0,038284
decrescentes;d500000.txt;0,035951
decrescentes;d500000.txt;0,036076
decrescentes;d500000.txt;0,036061
decrescentes;d500000.txt;0,036121
decrescentes;d500000.txt;0,036176
decrescentes;d500000.txt;0,038157
decrescentes;d500000.txt;0,036130
decrescentes;d500000.txt;0,036222
decrescentes;d500000.txt;0,036328
decrescentes;d500000.txt;0,037864
decrescentes;d500000.txt;0,038213
decrescentes;d500000.txt;0,038006
decrescentes;d500000.txt;0,037964
decrescentes;d500000.txt;0,038698
decrescentes;d500000.txt;0,038060
decrescentes;d500000.txt;0,038018
decrescentes;d500000.txt;0,038187
decrescentes;d500000.txt;0,038261
decrescentes;d500000.txt;0,036153
decrescentes;d750000.txt;0,053213
decrescentes;d750000.txt;0,055842
decrescentes;d750000.txt;0,056099
decrescentes;d750000.txt;0,053170
decrescentes;d750000.txt;0,056067
decrescentes;d750000.txt;0,053193
decrescentes;d750000.txt;0,056094
decrescentes;d750000.txt;0,055934
decrescentes;d750000.txt;0,053660
decrescentes;d750000.txt;0,056243
decrescentes;d750000.txt;0,053110
decrescentes;d750000.txt;0,053235
decrescentes;d750000.txt;0,052941
decrescentes;d750000.txt;0,056033
decrescentes;d750000.txt;0,056167
decrescentes;d750000.txt;0,058326
decrescentes;d750000.txt;0,053261
decrescentes;d750000.txt;0,053157
decrescentes;d750000.txt;0,053186
decrescentes;d750000.txt;0,053144
decrescentes;d750000.txt;0,055898
decrescentes;d750000.txt;0,053136
decrescentes;d750000.txt;0,053308
decrescentes;d750000.txt;0,053228
decrescentes;d750000.txt;0,056102
decrescentes;d750000.txt;0,053289
decrescentes;d750000.txt;0,055965
decrescentes;d750000.txt;0,055838
decrescentes;d750000.txt;0,056072
decrescentes;d750000.txt;0,056071
decrescentes;d1000000.txt;0,068239
decrescentes;d1000000.txt;0,068411
decrescentes;d1000000.txt;0,071744
decrescentes;d1000000.txt;0,071882
decrescentes;d1000000.txt;0,071772
decrescentes;d1000000.txt;0,071970
decrescentes;d1000000.txt;0,071902
decrescentes;d1000000.txt;0,072018
decrescentes;d1000000.txt;0,072243
decrescentes;d1000000.txt;0,071733
decrescentes;d1000000.txt;0,072070
decrescentes;d1000000.txt;0,071871
decrescentes;d1000000.txt;0,068391
decrescentes;d1000000.txt;0,068513
decrescentes;d1000000.txt;0,071940
decrescentes;d1000000.txt;0,071998
decrescentes;d1000000.txt;0,068461
decrescentes;d1000000.txt;0,068542
decrescentes;d1000000.txt;0,068322
decrescentes;d1000000.txt;0,071859
decrescentes;d1000000.txt;0,068202
decrescentes;d1000000.txt;0,071854
decrescentes;d1000000.txt;0,071940
decrescentes;d1000000.txt;0,071817
decrescentes;d1000000.txt;0,072112
decrescentes;d1000000.txt;0,068464
decrescentes;d1000000.txt;0,068206
decrescentes;d1000000.txt;0,068434
decrescentes;d1000000.txt;0,071862
decrescentes;d1000000.txt;0,068215
decrescentes;d1250000.txt;0,083168
decrescentes;d1250000.txt;0,093489
decrescentes;d1250000.txt;0,083243
decrescentes;d1250000.txt;0,083300
decrescentes;d1250000.txt;0,083063
decrescentes;d1250000.txt;0,087515
decrescentes;d1250000.txt;0,083250
decrescentes;d1250000.txt;0,087850
decrescentes;d1250000.txt;0,083089
decrescentes;d1250000.txt;0,082893
decrescentes;d1250000.txt;0,083383
decrescentes;d1250000.txt;0,087466
decrescentes;d1250000.txt;0,087501
decrescentes;d1250000.txt;0,083058
decrescentes;d1250000.txt;0,087443
decrescentes;d1250000.txt;0,087593
decrescentes;d1250000.txt;0,083266
decrescentes;d1250000.txt;0,087605
decrescentes;d1250000.txt;0,087423
decrescentes;d1250000.txt;0,087454
decrescentes;d1250000.txt;0,083206
decrescentes;d1250000.txt;0,083043
decrescentes;d1250000.txt;0,087304
decrescentes;d1250000.txt;0,087555
decrescentes;d1250000.txt;0,087315
decrescentes;d1250000.txt;0,087664
decrescentes;d1250000.txt;0,087432
decrescentes;d1250000.txt;0,087429
decrescentes;d1250000.txt;0,082989
decrescentes;d1250000.txt;0,087408
decrescentes;d1500000.txt;0,103052
decrescentes;d1500000.txt;0,102572
decrescentes;d1500000.txt;0,102497
decrescentes;d1500000.txt;0,107898
decrescentes;d1500000.txt;0,108238
decrescentes;d1500000.txt;0,103041
decrescentes;d1500000.txt;0,102654
decrescentes;d1500000.txt;0,107875
decrescentes;d1500000.txt;0,102713
decrescentes;d1500000.txt;0,107781
decrescentes;d1500000.txt;0,103039
decrescentes;d1500000.txt;0,107925
decrescentes;d1500000.txt;0,107966
decrescentes;d1500000.txt;0,102730
decrescentes;d1500000.txt;0,108210
decrescentes;d1500000.txt;0,107947
decrescentes;d1500000.txt;0,107772
decrescentes;d1500000.txt;0,107949
decrescentes;d1500000.txt;0,108064
decrescentes;d1500000.txt;0,107786
decrescentes;d1500000.txt;0,102633
decrescentes;d1500000.txt;0,108102
decrescentes;d1500000.txt;0,107971
decrescentes;d1500000.txt;0,107819
decrescentes;d1500000.txt;0,103100
decrescentes;d1500000.txt;0,102788
decrescentes;d1500000.txt;0,108236
decrescentes;d1500000.txt;0,102804
decrescentes;d1500000.txt;0,107856
decrescentes;d1500000.txt;0,102674
decrescentes;d2000000.txt;0,133307
decrescentes;d2000000.txt;0,133652
decrescentes;d2000000.txt;0,133534
decrescentes;d2000000.txt;0,134715
decrescentes;d2000000.txt;0,137252
decrescentes;d2000000.txt;0,133250
decrescentes;d2000000.txt;0,133626
decrescentes;d2000000.txt;0,133639
decrescentes;d2000000.txt;0,137101
decrescentes;d2000000.txt;0,134492
decrescentes;d2000000.txt;0,134512
decrescentes;d2000000.txt;0,136796
decrescentes;d2000000.txt;0,133517
decrescentes;d2000000.txt;0,136649
decrescentes;d2000000.txt;0,133438
decrescentes;d2000000.txt;0,136570
decrescentes;d2000000.txt;0,137317
decrescentes;d2000000.txt;0,139435
decrescentes;d2000000.txt;0,133490
decrescentes;d2000000.txt;0,133416
decrescentes;d2000000.txt;0,135802
decrescentes;d2000000.txt;0,136499
decrescentes;d2000000.txt;0,133288
decrescentes;d2000000.txt;0,134007
decrescentes;d2000000.txt;0,133843
decrescentes;d2000000.txt;0,134019
decrescentes;d2000000.txt;0,133394
decrescentes;d2000000.txt;0,133330
decrescentes;d2000000.txt;0,136191
decrescentes;d2000000.txt;0,134750
