decrescentes;d100.txt;0.000016
decrescentes;d100.txt;0.000011
decrescentes;d100.txt;0.000012
decrescentes;d100.txt;0.000011
decrescentes;d100.txt;0.000014
decrescentes;d100.txt;0.000012
decrescentes;d100.txt;0.000014
decrescentes;d100.txt;0.000015
decrescentes;d100.txt;0.000014
decrescentes;d100.txt;0.000012
decrescentes;d100.txt;0.000019
decrescentes;d100.txt;0.000015
decrescentes;d100.txt;0.000014
decrescentes;d100.txt;0.000014
decrescentes;d100.txt;0.000015
decrescentes;d100.txt;0.000012
decrescentes;d100.txt;0.000012
decrescentes;d100.txt;0.000014
decrescentes;d100.txt;0.000015
decrescentes;d100.txt;0.000015
decrescentes;d100.txt;0.000011
decrescentes;d100.txt;0.000012
decrescentes;d100.txt;0.000015
decrescentes;d100.txt;0.000014
decrescentes;d100.txt;0.000021
decrescentes;d100.txt;0.000012
decrescentes;d100.txt;0.000014
decrescentes;d100.txt;0.000012
decrescentes;d100.txt;0.000014
decrescentes;d100.txt;0.000012
decrescentes;d200.txt;0.000017
decrescentes;d200.txt;0.000020
decrescentes;d200.txt;0.000017
decrescentes;d200.txt;0.000019
decrescentes;d200.txt;0.000017
decrescentes;d200.txt;0.000017
decrescentes;d200.txt;0.000019
decrescentes;d200.txt;0.000020
decrescentes;d200.txt;0.000017
decrescentes;d200.txt;0.000019
decrescentes;d200.txt;0.000017
decrescentes;d200.txt;0.000017
decrescentes;d200.txt;0.000020
decrescentes;d200.txt;0.000019
decrescentes;d200.txt;0.000016
decrescentes;d200.txt;0.000017
decrescentes;d200.txt;0.000017
decrescentes;d200.txt;0.000019
decrescentes;d200.txt;0.000017
decrescentes;d200.txt;0.000017
decrescentes;d200.txt;0.000020
decrescentes;d200.txt;0.000017
decrescentes;d200.txt;0.000020
decrescentes;d200.txt;0.000021
decrescentes;d200.txt;0.000022
decrescentes;d200.txt;0.000018
decrescentes;d200.txt;0.000017
decrescentes;d200.txt;0.000017
decrescentes;d200.txt;0.000016
decrescentes;d200.txt;0.000017
decrescentes;d500.txt;0.000055
decrescentes;d500.txt;0.000056
decrescentes;d500.txt;0.000051
decrescentes;d500.txt;0.000051
decrescentes;d500.txt;0.000052
decrescentes;d500.txt;0.000052
decrescentes;d500.txt;0.000051
decrescentes;d500.txt;0.000049
decrescentes;d500.txt;0.000050
decrescentes;d500.txt;0.000050
decrescentes;d500.txt;0.000053
decrescentes;d500.txt;0.000052
decrescentes;d500.txt;0.000052
decrescentes;d500.txt;0.000052
decrescentes;d500.txt;0.000051
decrescentes;d500.txt;0.000051
decrescentes;d500.txt;0.000051
decrescentes;d500.txt;0.000049
decrescentes;d500.txt;0.000050
decrescentes;d500.txt;0.000049
decrescentes;d500.txt;0.000052
decrescentes;d500.txt;0.000052
decrescentes;d500.txt;0.000052
decrescentes;d500.txt;0.000053
decrescentes;d500.txt;0.000051
decrescentes;d500.txt;0.000052
decrescentes;d500.txt;0.000055
decrescentes;d500.txt;0.000051
decrescentes;d500.txt;0.000049
decrescentes;d500.txt;0.000051
decrescentes;d1000.txt;0.000105
decrescentes;d1000.txt;0.000108
decrescentes;d1000.txt;0.000109
decrescentes;d1000.txt;0.000106
decrescentes;d1000.txt;0.000109
decrescentes;d1000.txt;0.000112
decrescentes;d1000.txt;0.000111
decrescentes;d1000.txt;0.000107
decrescentes;d1000.txt;0.000106
decrescentes;d1000.txt;0.000110
decrescentes;d1000.txt;0.000109
decrescentes;d1000.txt;0.000109
decrescentes;d1000.txt;0.000105
decrescentes;d1000.txt;0.000108
decrescentes;d1000.txt;0.000115
decrescentes;d1000.txt;0.000106
decrescentes;d1000.txt;0.000110
decrescentes;d1000.txt;0.000104
decrescentes;d1000.txt;0.000112
decrescentes;d1000.txt;0.000105
decrescentes;d1000.txt;0.000111
decrescentes;d1000.txt;0.000106
decrescentes;d1000.txt;0.000112
decrescentes;d1000.txt;0.000111
decrescentes;d1000.txt;0.000106
decrescentes;d1000.txt;0.000116
decrescentes;d1000.txt;0.000109
decrescentes;d1000.txt;0.000109
decrescentes;d1000.txt;0.000109
decrescentes;d1000.txt;0.000115
decrescentes;d2000.txt;0.000227
decrescentes;d2000.txt;0.000819
decrescentes;d2000.txt;0.000218
decrescentes;d2000.txt;0.000220
decrescentes;d2000.txt;0.000230
decrescentes;d2000.txt;0.000224
decrescentes;d2000.txt;0.000230
decrescentes;d2000.txt;0.000762
decrescentes;d2000.txt;0.000222
decrescentes;d2000.txt;0.000216
decrescentes;d2000.txt;0.000759
decrescentes;d2000.txt;0.000228
decrescentes;d2000.txt;0.000713
decrescentes;d2000.txt;0.000219
decrescentes;d2000.txt;0.000229
decrescentes;d2000.txt;0.000222
decrescentes;d2000.txt;0.000748
decrescentes;d2000.txt;0.000697
decrescentes;d2000.txt;0.000222
decrescentes;d2000.txt;0.000683
decrescentes;d2000.txt;0.000231
decrescentes;d2000.txt;0.000224
decrescentes;d2000.txt;0.000802
decrescentes;d2000.txt;0.000232
decrescentes;d2000.txt;0.000828
decrescentes;d2000.txt;0.000221
decrescentes;d2000.txt;0.000227
decrescentes;d2000.txt;0.000701
decrescentes;d2000.txt;0.000214
decrescentes;d2000.txt;0.000930
decrescentes;d5000.txt;0.000475
decrescentes;d5000.txt;0.000468
decrescentes;d5000.txt;0.000491
decrescentes;d5000.txt;0.000487
decrescentes;d5000.txt;0.000483
decrescentes;d5000.txt;0.000490
decrescentes;d5000.txt;0.000468
decrescentes;d5000.txt;0.000499
decrescentes;d5000.txt;0.000500
decrescentes;d5000.txt;0.000481
decrescentes;d5000.txt;0.000534
decrescentes;d5000.txt;0.000464
decrescentes;d5000.txt;0.000471
decrescentes;d5000.txt;0.000487
decrescentes;d5000.txt;0.000473
decrescentes;d5000.txt;0.000495
decrescentes;d5000.txt;0.000467
decrescentes;d5000.txt;0.000492
decrescentes;d5000.txt;0.000483
decrescentes;d5000.txt;0.000498
decrescentes;d5000.txt;0.000467
decrescentes;d5000.txt;0.000485
decrescentes;d5000.txt;0.000484
decrescentes;d5000.txt;0.000486
decrescentes;d5000.txt;0.000465
decrescentes;d5000.txt;0.000477
decrescentes;d5000.txt;0.000485
decrescentes;d5000.txt;0.000470
decrescentes;d5000.txt;0.000471
decrescentes;d5000.txt;0.000484
decrescentes;d7500.txt;0.000782
decrescentes;d7500.txt;0.000800
decrescentes;d7500.txt;0.000784
decrescentes;d7500.txt;0.000813
decrescentes;d7500.txt;0.000801
decrescentes;d7500.txt;0.000826
decrescentes;d7500.txt;0.000806
decrescentes;d7500.txt;0.000887
decrescentes;d7500.txt;0.000797
decrescentes;d7500.txt;0.000812
decrescentes;d7500.txt;0.000809
decrescentes;d7500.txt;0.000795
decrescentes;d7500.txt;0.000802
decrescentes;d7500.txt;0.000814
decrescentes;d7500.txt;0.000805
decrescentes;d7500.txt;0.000818
decrescentes;d7500.txt;0.000793
decrescentes;d7500.txt;0.000810
decrescentes;d7500.txt;0.000819
decrescentes;d7500.txt;0.000813
decrescentes;d7500.txt;0.000817
decrescentes;d7500.txt;0.000808
decrescentes;d7500.txt;0.000811
decrescentes;d7500.txt;0.000823
decrescentes;d7500.txt;0.000809
decrescentes;d7500.txt;0.000804
decrescentes;d7500.txt;0.000815
decrescentes;d7500.txt;0.000777
decrescentes;d7500.txt;0.000785
decrescentes;d7500.txt;0.000781
decrescentes;d10000.txt;0.001104
decrescentes;d10000.txt;0.001089
decrescentes;d10000.txt;0.001103
decrescentes;d10000.txt;0.001093
decrescentes;d10000.txt;0.001084
decrescentes;d10000.txt;0.001096
decrescentes;d10000.txt;0.001113
decrescentes;d10000.txt;0.001113
decrescentes;d10000.txt;0.001118
decrescentes;d10000.txt;0.001104
decrescentes;d10000.txt;0.001129
decrescentes;d10000.txt;0.001100
decrescentes;d10000.txt;0.001095
decrescentes;d10000.txt;0.001096
decrescentes;d10000.txt;0.001105
decrescentes;d10000.txt;0.001085
decrescentes;d10000.txt;0.001113
decrescentes;d10000.txt;0.001135
decrescentes;d10000.txt;0.001110
decrescentes;d10000.txt;0.001098
decrescentes;d10000.txt;0.001096
decrescentes;d10000.txt;0.001123
decrescentes;d10000.txt;0.001114
decrescentes;d10000.txt;0.001104
decrescentes;d10000.txt;0.001136
decrescentes;d10000.txt;0.001112
decrescentes;d10000.txt;0.001099
decrescentes;d10000.txt;0.001111
decrescentes;d10000.txt;0.001104
decrescentes;d10000.txt;0.001114
decrescentes;d15000.txt;0.001651
decrescentes;d15000.txt;0.001744
decrescentes;d15000.txt;0.001684
decrescentes;d15000.txt;0.001698
decrescentes;d15000.txt;0.001713
decrescentes;d15000.txt;0.001657
decrescentes;d15000.txt;0.001696
decrescentes;d15000.txt;0.001611
decrescentes;d15000.txt;0.001686
decrescentes;d15000.txt;0.001686
decrescentes;d15000.txt;0.001734
decrescentes;d15000.txt;0.001697
decrescentes;d15000.txt;0.001692
decrescentes;d15000.txt;0.001651
decrescentes;d15000.txt;0.001707
decrescentes;d15000.txt;0.001705
decrescentes;d15000.txt;0.001780
decrescentes;d15000.txt;0.001689
decrescentes;d15000.txt;0.001680
decrescentes;d15000.txt;0.001676
decrescentes;d15000.txt;0.001665
decrescentes;d15000.txt;0.001654
decrescentes;d15000.txt;0.001702
decrescentes;d15000.txt;0.001654
decrescentes;d15000.txt;0.001797
decrescentes;d15000.txt;0.001645
decrescentes;d15000.txt;0.001709
decrescentes;d15000.txt;0.001676
decrescentes;d15000.txt;0.001706
decrescentes;d15000.txt;0.001696
decrescentes;d30000.txt;0.002764
decrescentes;d30000.txt;0.002874
decrescentes;d30000.txt;0.002761
decrescentes;d30000.txt;0.002797
decrescentes;d30000.txt;0.004064
decrescentes;d30000.txt;0.002952
decrescentes;d30000.txt;0.002730
decrescentes;d30000.txt;0.002794
decrescentes;d30000.txt;0.002757
decrescentes;d30000.txt;0.002809
decrescentes;d30000.txt;0.002715
decrescentes;d30000.txt;0.002805
decrescentes;d30000.txt;0.002780
decrescentes;d30000.txt;0.002721
decrescentes;d30000.txt;0.002690
decrescentes;d30000.txt;0.003700
decrescentes;d30000.txt;0.002842
decrescentes;d30000.txt;0.002798
decrescentes;d30000.txt;0.002754
decrescentes;d30000.txt;0.002769
decrescentes;d30000.txt;0.002778
decrescentes;d30000.txt;0.002774
decrescentes;d30000.txt;0.002793
decrescentes;d30000.txt;0.002712
decrescentes;d30000.txt;0.002730
decrescentes;d30000.txt;0.002747
decrescentes;d30000.txt;0.002816
decrescentes;d30000.txt;0.002723
decrescentes;d30000.txt;0.002800
decrescentes;d30000.txt;0.002889
decrescentes;d50000.txt;0.005620
decrescentes;d50000.txt;0.004185
decrescentes;d50000.txt;0.005646
decrescentes;d50000.txt;0.004267
decrescentes;d50000.txt;0.005730
decrescentes;d50000.txt;0.005645
decrescentes;d50000.txt;0.005640
decrescentes;d50000.txt;0.004088
decrescentes;d50000.txt;0.006026
decrescentes;d50000.txt;0.004462
decrescentes;d50000.txt;0.005869
decrescentes;d50000.txt;0.004057
decrescentes;d50000.txt;0.005641
decrescentes;d50000.txt;0.004129
decrescentes;d50000.txt;0.004305
decrescentes;d50000.txt;0.005599
decrescentes;d50000.txt;0.006167
decrescentes;d50000.txt;0.005852
decrescentes;d50000.txt;0.005819
decrescentes;d50000.txt;0.005825
decrescentes;d50000.txt;0.005562
decrescentes;d50000.txt;0.004254
decrescentes;d50000.txt;0.005811
decrescentes;d50000.txt;0.005794
decrescentes;d50000.txt;0.005615
decrescentes;d50000.txt;0.005625
decrescentes;d50000.txt;0.004143
decrescentes;d50000.txt;0.005536
decrescentes;d50000.txt;0.004349
decrescentes;d50000.txt;0.006093
decrescentes;d75000.txt;0.005485
decrescentes;d75000.txt;0.005368
decrescentes;d75000.txt;0.005563
decrescentes;d75000.txt;0.005407
decrescentes;d75000.txt;0.005581
decrescentes;d75000.txt;0.005482
decrescentes;d75000.txt;0.005604
decrescentes;d75000.txt;0.005551
decrescentes;d75000.txt;0.005572
decrescentes;d75000.txt;0.005712
decrescentes;d75000.txt;0.005379
decrescentes;d75000.txt;0.005396
decrescentes;d75000.txt;0.005415
decrescentes;d75000.txt;0.005355
decrescentes;d75000.txt;0.005549
decrescentes;d75000.txt;0.005502
decrescentes;d75000.txt;0.005469
decrescentes;d75000.txt;0.005540
decrescentes;d75000.txt;0.005917
decrescentes;d75000.txt;0.005397
decrescentes;d75000.txt;0.005803
decrescentes;d75000.txt;0.005595
decrescentes;d75000.txt;0.005435
decrescentes;d75000.txt;0.005610
decrescentes;d75000.txt;0.005755
decrescentes;d75000.txt;0.005662
decrescentes;d75000.txt;0.005633
decrescentes;d75000.txt;0.005520
decrescentes;d75000.txt;0.005391
decrescentes;d75000.txt;0.005473
decrescentes;d100000.txt;0.008247
decrescentes;d100000.txt;0.007790
decrescentes;d100000.txt;0.008210
decrescentes;d100000.txt;0.007973
decrescentes;d100000.txt;0.007824
decrescentes;d100000.txt;0.009509
decrescentes;d100000.txt;0.007907
decrescentes;d100000.txt;0.008136
decrescentes;d100000.txt;0.007881
decrescentes;d100000.txt;0.008071
decrescentes;d100000.txt;0.007977
decrescentes;d100000.txt;0.007980
decrescentes;d100000.txt;0.007924
decrescentes;d100000.txt;0.008210
decrescentes;d100000.txt;0.008016
decrescentes;d100000.txt;0.007899
decrescentes;d100000.txt;0.008086
decrescentes;d100000.txt;0.008230
decrescentes;d100000.txt;0.007916
decrescentes;d100000.txt;0.007932
decrescentes;d100000.txt;0.008026
decrescentes;d100000.txt;0.007874
decrescentes;d100000.txt;0.007914
decrescentes;d100000.txt;0.007971
decrescentes;d100000.txt;0.007893
decrescentes;d100000.txt;0.007908
decrescentes;d100000.txt;0.008023
decrescentes;d100000.txt;0.008142
decrescentes;d100000.txt;0.007953
decrescentes;d100000.txt;0.007768
decrescentes;d200000.txt;0.013475
decrescentes;d200000.txt;0.013461
decrescentes;d200000.txt;0.013458
decrescentes;d200000.txt;0.013721
decrescentes;d200000.txt;0.013649
decrescentes;d200000.txt;0.013432
decrescentes;d200000.txt;0.013497
decrescentes;d200000.txt;0.013410
decrescentes;d200000.txt;0.013763
decrescentes;d200000.txt;0.013521
decrescentes;d200000.txt;0.013741
decrescentes;d200000.txt;0.013767
decrescentes;d200000.txt;0.013711
decrescentes;d200000.txt;0.013405
decrescentes;d200000.txt;0.013871
decrescentes;d200000.txt;0.013743
decrescentes;d200000.txt;0.013509
decrescentes;d200000.txt;0.013774
decrescentes;d200000.txt;0.013523
decrescentes;d200000.txt;0.013790
decrescentes;d200000.txt;0.013506
decrescentes;d200000.txt;0.013476
decrescentes;d200000.txt;0.013457
decrescentes;d200000.txt;0.013664
decrescentes;d200000.txt;0.013754
decrescentes;d200000.txt;0.013476
decrescentes;d200000.txt;0.013755
decrescentes;d200000.txt;0.013348
decrescentes;d200000.txt;0.013916
decrescentes;d200000.txt;0.014193
decrescentes;d500000.txt;0.015947
decrescentes;d500000.txt;0.016698
decrescentes;d500000.txt;0.015601
decrescentes;d500000.txt;0.015924
decrescentes;d500000.txt;0.015650
decrescentes;d500000.txt;0.015877
decrescentes;d500000.txt;0.015775
decrescentes;d500000.txt;0.016241
decrescentes;d500000.txt;0.017150
decrescentes;d500000.txt;0.015867
decrescentes;d500000.txt;0.017284
decrescentes;d500000.txt;0.015643
decrescentes;d500000.txt;0.015832
decrescentes;d500000.txt;0.015995
decrescentes;d500000.txt;0.015924
decrescentes;d500000.txt;0.017863
decrescentes;d500000.txt;0.015717
decrescentes;d500000.txt;0.016166
decrescentes;d500000.txt;0.016352
decrescentes;d500000.txt;0.016613
decrescentes;d500000.txt;0.016058
decrescentes;d500000.txt;0.015993
decrescentes;d500000.txt;0.015675
decrescentes;d500000.txt;0.015718
decrescentes;d500000.txt;0.015941
decrescentes;d500000.txt;0.015872
decrescentes;d500000.txt;0.015845
decrescentes;d500000.txt;0.016113
decrescentes;d500000.txt;0.016592
decrescentes;d500000.txt;0.016164
decrescentes;d750000.txt;0.022918
decrescentes;d750000.txt;0.023116
decrescentes;d750000.txt;0.023161
decrescentes;d750000.txt;0.023200
decrescentes;d750000.txt;0.023150
decrescentes;d750000.txt;0.023543
decrescentes;d750000.txt;0.023487
decrescentes;d750000.txt;0.023238
decrescentes;d750000.txt;0.023759
decrescentes;d750000.txt;0.024095
decrescentes;d750000.txt;0.023495
decrescentes;d750000.txt;0.023547
decrescentes;d750000.txt;0.023510
decrescentes;d750000.txt;0.023486
decrescentes;d750000.txt;0.023187
decrescentes;d750000.txt;0.023334
decrescentes;d750000.txt;0.023379
decrescentes;d750000.txt;0.023478
decrescentes;d750000.txt;0.022951
decrescentes;d750000.txt;0.022969
decrescentes;d750000.txt;0.023678
decrescentes;d750000.txt;0.023145
decrescentes;d750000.txt;0.023055
decrescentes;d750000.txt;0.023359
decrescentes;d750000.txt;0.022988
decrescentes;d750000.txt;0.023010
decrescentes;d750000.txt;0.023000
decrescentes;d750000.txt;0.022961
decrescentes;d750000.txt;0.023590
decrescentes;d750000.txt;0.023197
decrescentes;d1000000.txt;0.030519
decrescentes;d1000000.txt;0.029896
decrescentes;d1000000.txt;0.030006
decrescentes;d1000000.txt;0.029838
decrescentes;d1000000.txt;0.029283
decrescentes;d1000000.txt;0.029106
decrescentes;d1000000.txt;0.030009
decrescentes;d1000000.txt;0.029205
decrescentes;d1000000.txt;0.029741
decrescentes;d1000000.txt;0.030022
decrescentes;d1000000.txt;0.029310
decrescentes;d1000000.txt;0.029975
decrescentes;d1000000.txt;0.030291
decrescentes;d1000000.txt;0.030072
decrescentes;d1000000.txt;0.029761
decrescentes;d1000000.txt;0.029783
decrescentes;d1000000.txt;0.029332
decrescentes;d1000000.txt;0.029194
decrescentes;d1000000.txt;0.029565
decrescentes;d1000000.txt;0.029817
decrescentes;d1000000.txt;0.029640
decrescentes;d1000000.txt;0.029378
decrescentes;d1000000.txt;0.029833
decrescentes;d1000000.txt;0.029156
decrescentes;d1000000.txt;0.029901
decrescentes;d1000000.txt;0.029587
decrescentes;d1000000.txt;0.030081
decrescentes;d1000000.txt;0.029729
decrescentes;d1000000.txt;0.029324
decrescentes;d1000000.txt;0.030004
decrescentes;d1250000.txt;0.037110
decrescentes;d1250000.txt;0.037884
decrescentes;d1250000.txt;0.038377
decrescentes;d1250000.txt;0.037644
decrescentes;d1250000.txt;0.038095
decrescentes;d1250000.txt;0.037493
decrescentes;d1250000.txt;0.037025
decrescentes;d1250000.txt;0.037660
decrescentes;d1250000.txt;0.038044
decrescentes;d1250000.txt;0.038030
decrescentes;d1250000.txt;0.037653
decrescentes;d1250000.txt;0.037774
decrescentes;d1250000.txt;0.038009
decrescentes;d1250000.txt;0.037607
decrescentes;d1250000.txt;0.037687
decrescentes;d1250000.txt;0.037686
decrescentes;d1250000.txt;0.037304
decrescentes;d1250000.txt;0.037665
decrescentes;d1250000.txt;0.037080
decrescentes;d1250000.txt;0.037795
decrescentes;d1250000.txt;0.037074
decrescentes;d1250000.txt;0.038529
decrescentes;d1250000.txt;0.037621
decrescentes;d1250000.txt;0.037558
decrescentes;d1250000.txt;0.036929
decrescentes;d1250000.txt;0.038413
decrescentes;d1250000.txt;0.037750
decrescentes;d1250000.txt;0.037396
decrescentes;d1250000.txt;0.037004
decrescentes;d1250000.txt;0.037873
decrescentes;d1500000.txt;0.046006
decrescentes;d1500000.txt;0.045084
decrescentes;d1500000.txt;0.045949
decrescentes;d1500000.txt;0.045891
decrescentes;d1500000.txt;0.045511
decrescentes;d1500000.txt;0.045320
decrescentes;d1500000.txt;0.046569
decrescentes;d1500000.txt;0.046652
decrescentes;d1500000.txt;0.045699
decrescentes;d1500000.txt;0.045997
decrescentes;d1500000.txt;0.045641
decrescentes;d1500000.txt;0.047057
decrescentes;d1500000.txt;0.045711
decrescentes;d1500000.txt;0.046062
decrescentes;d1500000.txt;0.046170
decrescentes;d1500000.txt;0.047497
decrescentes;d1500000.txt;0.047223
decrescentes;d1500000.txt;0.046370
decrescentes;d1500000.txt;0.045926
decrescentes;d1500000.txt;0.047042
decrescentes;d1500000.txt;0.046182
decrescentes;d1500000.txt;0.046152
decrescentes;d1500000.txt;0.048572
decrescentes;d1500000.txt;0.045126
decrescentes;d1500000.txt;0.045973
decrescentes;d1500000.txt;0.046888
decrescentes;d1500000.txt;0.045299
decrescentes;d1500000.txt;0.046289
decrescentes;d1500000.txt;0.046596
decrescentes;d1500000.txt;0.047571
decrescentes;d2000000.txt;0.060281
decrescentes;d2000000.txt;0.060445
decrescentes;d2000000.txt;0.059731
decrescentes;d2000000.txt;0.060471
decrescentes;d2000000.txt;0.059372
decrescentes;d2000000.txt;0.059347
decrescentes;d2000000.txt;0.060059
decrescentes;d2000000.txt;0.059090
decrescentes;d2000000.txt;0.060280
decrescentes;d2000000.txt;0.058612
decrescentes;d2000000.txt;0.060709
decrescentes;d2000000.txt;0.060048
decrescentes;d2000000.txt;0.059683
decrescentes;d2000000.txt;0.059617
decrescentes;d2000000.txt;0.059345
decrescentes;d2000000.txt;0.059433
decrescentes;d2000000.txt;0.059723
decrescentes;d2000000.txt;0.060173
decrescentes;d2000000.txt;0.058854
decrescentes;d2000000.txt;0.058689
decrescentes;d2000000.txt;0.058730
decrescentes;d2000000.txt;0.059669
decrescentes;d2000000.txt;0.058792
decrescentes;d2000000.txt;0.059437
decrescentes;d2000000.txt;0.060236
decrescentes;d2000000.txt;0.059851
decrescentes;d2000000.txt;0.058974
decrescentes;d2000000.txt;0.060883
decrescentes;d2000000.txt;0.058896
decrescentes;d2000000.txt;0.059869
