Pasta;Arquivo;Tempo_Segundos
decrescentes;d100.txt;0.000001
decrescentes;d100.txt;0.000001
decrescentes;d100.txt;0.000001
decrescentes;d100.txt;0.000001
decrescentes;d100.txt;0.000003
decrescentes;d100.txt;0.000001
decrescentes;d100.txt;0.000001
decrescentes;d100.txt;0.000003
decrescentes;d100.txt;0.000001
decrescentes;d100.txt;0.000001
decrescentes;d100.txt;0.000001
decrescentes;d100.txt;0.000001
decrescentes;d100.txt;0.000001
decrescentes;d100.txt;0.000001
decrescentes;d100.txt;0.000001
decrescentes;d100.txt;0.000001
decrescentes;d100.txt;0.000001
decrescentes;d100.txt;0.000001
decrescentes;d100.txt;0.000001
decrescentes;d100.txt;0.000001
decrescentes;d100.txt;0.000001
decrescentes;d100.txt;0.000001
decrescentes;d100.txt;0.000001
decrescentes;d100.txt;0.000002
decrescentes;d100.txt;0.000001
decrescentes;d100.txt;0.000002
decrescentes;d100.txt;0.000001
decrescentes;d100.txt;0.000001
decrescentes;d100.txt;0.000002
decrescentes;d100.txt;0.000001
decrescentes;d200.txt;0.000003
decrescentes;d200.txt;0.000005
decrescentes;d200.txt;0.000005
decrescentes;d200.txt;0.000004
decrescentes;d200.txt;0.000005
decrescentes;d200.txt;0.000004
decrescentes;d200.txt;0.000005
decrescentes;d200.txt;0.000005
decrescentes;d200.txt;0.000005
decrescentes;d200.txt;0.000004
decrescentes;d200.txt;0.000005
decrescentes;d200.txt;0.000004
decrescentes;d200.txt;0.000004
decrescentes;d200.txt;0.000004
decrescentes;d200.txt;0.000004
decrescentes;d200.txt;0.000003
decrescentes;d200.txt;0.000003
decrescentes;d200.txt;0.000003
decrescentes;d200.txt;0.000004
decrescentes;d200.txt;0.000004
decrescentes;d200.txt;0.000006
decrescentes;d200.txt;0.000004
decrescentes;d200.txt;0.000003
decrescentes;d200.txt;0.000005
decrescentes;d200.txt;0.000004
decrescentes;d200.txt;0.000005
decrescentes;d200.txt;0.000003
decrescentes;d200.txt;0.000009
decrescentes;d200.txt;0.000004
decrescentes;d200.txt;0.000004
decrescentes;d500.txt;0.000016
decrescentes;d500.txt;0.000009
decrescentes;d500.txt;0.000009
decrescentes;d500.txt;0.000021
decrescentes;d500.txt;0.000011
decrescentes;d500.txt;0.000011
decrescentes;d500.txt;0.000011
decrescentes;d500.txt;0.000009
decrescentes;d500.txt;0.000015
decrescentes;d500.txt;0.000023
decrescentes;d500.txt;0.000013
decrescentes;d500.txt;0.000011
decrescentes;d500.txt;0.000011
decrescentes;d500.txt;0.000009
decrescentes;d500.txt;0.000011
decrescentes;d500.txt;0.000010
decrescentes;d500.txt;0.000009
decrescentes;d500.txt;0.000011
decrescentes;d500.txt;0.000011
decrescentes;d500.txt;0.000009
decrescentes;d500.txt;0.000011
decrescentes;d500.txt;0.000013
decrescentes;d500.txt;0.000013
decrescentes;d500.txt;0.000011
decrescentes;d500.txt;0.000016
decrescentes;d500.txt;0.000011
decrescentes;d500.txt;0.000011
decrescentes;d500.txt;0.000010
decrescentes;d500.txt;0.000011
decrescentes;d500.txt;0.000011
decrescentes;d1000.txt;0.000042
decrescentes;d1000.txt;0.000021
decrescentes;d1000.txt;0.000023
decrescentes;d1000.txt;0.000026
decrescentes;d1000.txt;0.000029
decrescentes;d1000.txt;0.000024
decrescentes;d1000.txt;0.000024
decrescentes;d1000.txt;0.000023
decrescentes;d1000.txt;0.000022
decrescentes;d1000.txt;0.000046
decrescentes;d1000.txt;0.000025
decrescentes;d1000.txt;0.000025
decrescentes;d1000.txt;0.000019
decrescentes;d1000.txt;0.000024
decrescentes;d1000.txt;0.000020
decrescentes;d1000.txt;0.000020
decrescentes;d1000.txt;0.000020
decrescentes;d1000.txt;0.000020
decrescentes;d1000.txt;0.000019
decrescentes;d1000.txt;0.000019
decrescentes;d1000.txt;0.000020
decrescentes;d1000.txt;0.000020
decrescentes;d1000.txt;0.000020
decrescentes;d1000.txt;0.000024
decrescentes;d1000.txt;0.000019
decrescentes;d1000.txt;0.000022
decrescentes;d1000.txt;0.000024
decrescentes;d1000.txt;0.000026
decrescentes;d1000.txt;0.000024
decrescentes;d1000.txt;0.000026
decrescentes;d2000.txt;0.000042
decrescentes;d2000.txt;0.000050
decrescentes;d2000.txt;0.000072
decrescentes;d2000.txt;0.000048
decrescentes;d2000.txt;0.000049
decrescentes;d2000.txt;0.000106
decrescentes;d2000.txt;0.000041
decrescentes;d2000.txt;0.000043
decrescentes;d2000.txt;0.000075
decrescentes;d2000.txt;0.000067
decrescentes;d2000.txt;0.000049
decrescentes;d2000.txt;0.000088
decrescentes;d2000.txt;0.000041
decrescentes;d2000.txt;0.000051
decrescentes;d2000.txt;0.000073
decrescentes;d2000.txt;0.000048
decrescentes;d2000.txt;0.000063
decrescentes;d2000.txt;0.000106
decrescentes;d2000.txt;0.000041
decrescentes;d2000.txt;0.000059
decrescentes;d2000.txt;0.000066
decrescentes;d2000.txt;0.000049
decrescentes;d2000.txt;0.000048
decrescentes;d2000.txt;0.000050
decrescentes;d2000.txt;0.000040
decrescentes;d2000.txt;0.000049
decrescentes;d2000.txt;0.000048
decrescentes;d2000.txt;0.000051
decrescentes;d2000.txt;0.000056
decrescentes;d2000.txt;0.000049
decrescentes;d5000.txt;0.000150
decrescentes;d5000.txt;0.000109
decrescentes;d5000.txt;0.000143
decrescentes;d5000.txt;0.000175
decrescentes;d5000.txt;0.000191
decrescentes;d5000.txt;0.000163
decrescentes;d5000.txt;0.000135
decrescentes;d5000.txt;0.000135
decrescentes;d5000.txt;0.000141
decrescentes;d5000.txt;0.000177
decrescentes;d5000.txt;0.000110
decrescentes;d5000.txt;0.000109
decrescentes;d5000.txt;0.000109
decrescentes;d5000.txt;0.000111
decrescentes;d5000.txt;0.000110
decrescentes;d5000.txt;0.000174
decrescentes;d5000.txt;0.000110
decrescentes;d5000.txt;0.000110
decrescentes;d5000.txt;0.000137
decrescentes;d5000.txt;0.000136
decrescentes;d5000.txt;0.000234
decrescentes;d5000.txt;0.000185
decrescentes;d5000.txt;0.000109
decrescentes;d5000.txt;0.000132
decrescentes;d5000.txt;0.000186
decrescentes;d5000.txt;0.000135
decrescentes;d5000.txt;0.000139
decrescentes;d5000.txt;0.000315
decrescentes;d5000.txt;0.000120
decrescentes;d5000.txt;0.000125
decrescentes;d7500.txt;0.000261
decrescentes;d7500.txt;0.000220
decrescentes;d7500.txt;0.000263
decrescentes;d7500.txt;0.000240
decrescentes;d7500.txt;0.000233
decrescentes;d7500.txt;0.000235
decrescentes;d7500.txt;0.000236
decrescentes;d7500.txt;0.000187
decrescentes;d7500.txt;0.000253
decrescentes;d7500.txt;0.000214
decrescentes;d7500.txt;0.000209
decrescentes;d7500.txt;0.000269
decrescentes;d7500.txt;0.000282
decrescentes;d7500.txt;0.000175
decrescentes;d7500.txt;0.000230
decrescentes;d7500.txt;0.000261
decrescentes;d7500.txt;0.000213
decrescentes;d7500.txt;0.000214
decrescentes;d7500.txt;0.000181
decrescentes;d7500.txt;0.000234
decrescentes;d7500.txt;0.000350
decrescentes;d7500.txt;0.000211
decrescentes;d7500.txt;0.000211
decrescentes;d7500.txt;0.000216
decrescentes;d7500.txt;0.000225
decrescentes;d7500.txt;0.000337
decrescentes;d7500.txt;0.000211
decrescentes;d7500.txt;0.000182
decrescentes;d7500.txt;0.000219
decrescentes;d7500.txt;0.000217
decrescentes;d10000.txt;0.000456
decrescentes;d10000.txt;0.000430
decrescentes;d10000.txt;0.000289
decrescentes;d10000.txt;0.000276
decrescentes;d10000.txt;0.000404
decrescentes;d10000.txt;0.000294
decrescentes;d10000.txt;0.000435
decrescentes;d10000.txt;0.000291
decrescentes;d10000.txt;0.000286
decrescentes;d10000.txt;0.000490
decrescentes;d10000.txt;0.000460
decrescentes;d10000.txt;0.000287
decrescentes;d10000.txt;0.000233
decrescentes;d10000.txt;0.000228
decrescentes;d10000.txt;0.000238
decrescentes;d10000.txt;0.000762
decrescentes;d10000.txt;0.000289
decrescentes;d10000.txt;0.000278
decrescentes;d10000.txt;0.000335
decrescentes;d10000.txt;0.000235
decrescentes;d10000.txt;0.000285
decrescentes;d10000.txt;0.000289
decrescentes;d10000.txt;0.000310
decrescentes;d10000.txt;0.000282
decrescentes;d10000.txt;0.000284
decrescentes;d10000.txt;0.000228
decrescentes;d10000.txt;0.000258
decrescentes;d10000.txt;0.000233
decrescentes;d10000.txt;0.000231
decrescentes;d10000.txt;0.000234
decrescentes;d15000.txt;0.000949
decrescentes;d15000.txt;0.000432
decrescentes;d15000.txt;0.000440
decrescentes;d15000.txt;0.000447
decrescentes;d15000.txt;0.000744
decrescentes;d15000.txt;0.000535
decrescentes;d15000.txt;0.000565
decrescentes;d15000.txt;0.000459
decrescentes;d15000.txt;0.000443
decrescentes;d15000.txt;0.000657
decrescentes;d15000.txt;0.000356
decrescentes;d15000.txt;0.000356
decrescentes;d15000.txt;0.000365
decrescentes;d15000.txt;0.000360
decrescentes;d15000.txt;0.000527
decrescentes;d15000.txt;0.000662
decrescentes;d15000.txt;0.000433
decrescentes;d15000.txt;0.000370
decrescentes;d15000.txt;0.000395
decrescentes;d15000.txt;0.000540
decrescentes;d15000.txt;0.000510
decrescentes;d15000.txt;0.000371
decrescentes;d15000.txt;0.000453
decrescentes;d15000.txt;0.000446
decrescentes;d15000.txt;0.000435
decrescentes;d15000.txt;0.000363
decrescentes;d15000.txt;0.000370
decrescentes;d15000.txt;0.000360
decrescentes;d15000.txt;0.000441
decrescentes;d15000.txt;0.000421
decrescentes;d30000.txt;0.000815
decrescentes;d30000.txt;0.000833
decrescentes;d30000.txt;0.000700
decrescentes;d30000.txt;0.000671
decrescentes;d30000.txt;0.000686
decrescentes;d30000.txt;0.000801
decrescentes;d30000.txt;0.000788
decrescentes;d30000.txt;0.000802
decrescentes;d30000.txt;0.000685
decrescentes;d30000.txt;0.000661
decrescentes;d30000.txt;0.000924
decrescentes;d30000.txt;0.000802
decrescentes;d30000.txt;0.001057
decrescentes;d30000.txt;0.000803
decrescentes;d30000.txt;0.000805
decrescentes;d30000.txt;0.000802
decrescentes;d30000.txt;0.000662
decrescentes;d30000.txt;0.000677
decrescentes;d30000.txt;0.000689
decrescentes;d30000.txt;0.000864
decrescentes;d30000.txt;0.000961
decrescentes;d30000.txt;0.000817
decrescentes;d30000.txt;0.000701
decrescentes;d30000.txt;0.000679
decrescentes;d30000.txt;0.000662
decrescentes;d30000.txt;0.000894
decrescentes;d30000.txt;0.000795
decrescentes;d30000.txt;0.000798
decrescentes;d30000.txt;0.000662
decrescentes;d30000.txt;0.000684
decrescentes;d50000.txt;0.001326
decrescentes;d50000.txt;0.001108
decrescentes;d50000.txt;0.001581
decrescentes;d50000.txt;0.001331
decrescentes;d50000.txt;0.001348
decrescentes;d50000.txt;0.001367
decrescentes;d50000.txt;0.001105
decrescentes;d50000.txt;0.001301
decrescentes;d50000.txt;0.001112
decrescentes;d50000.txt;0.001103
decrescentes;d50000.txt;0.001146
decrescentes;d50000.txt;0.001432
decrescentes;d50000.txt;0.001100
decrescentes;d50000.txt;0.001286
decrescentes;d50000.txt;0.001195
decrescentes;d50000.txt;0.001103
decrescentes;d50000.txt;0.001110
decrescentes;d50000.txt;0.001329
decrescentes;d50000.txt;0.001302
decrescentes;d50000.txt;0.001305
decrescentes;d50000.txt;0.001315
decrescentes;d50000.txt;0.001303
decrescentes;d50000.txt;0.001315
decrescentes;d50000.txt;0.001316
decrescentes;d50000.txt;0.001119
decrescentes;d50000.txt;0.001100
decrescentes;d50000.txt;0.001093
decrescentes;d50000.txt;0.001083
decrescentes;d50000.txt;0.001196
decrescentes;d50000.txt;0.001098
decrescentes;d75000.txt;0.001657
decrescentes;d75000.txt;0.001590
decrescentes;d75000.txt;0.001998
decrescentes;d75000.txt;0.001988
decrescentes;d75000.txt;0.001837
decrescentes;d75000.txt;0.001620
decrescentes;d75000.txt;0.001625
decrescentes;d75000.txt;0.001943
decrescentes;d75000.txt;0.001893
decrescentes;d75000.txt;0.001894
decrescentes;d75000.txt;0.001887
decrescentes;d75000.txt;0.001885
decrescentes;d75000.txt;0.001883
decrescentes;d75000.txt;0.001880
decrescentes;d75000.txt;0.001881
decrescentes;d75000.txt;0.001881
decrescentes;d75000.txt;0.001896
decrescentes;d75000.txt;0.001888
decrescentes;d75000.txt;0.001898
decrescentes;d75000.txt;0.001629
decrescentes;d75000.txt;0.001649
decrescentes;d75000.txt;0.001576
decrescentes;d75000.txt;0.001626
decrescentes;d75000.txt;0.001661
decrescentes;d75000.txt;0.001596
decrescentes;d75000.txt;0.001614
decrescentes;d75000.txt;0.001591
decrescentes;d75000.txt;0.001583
decrescentes;d75000.txt;0.001594
decrescentes;d75000.txt;0.001589
decrescentes;d100000.txt;0.002126
decrescentes;d100000.txt;0.002109
decrescentes;d100000.txt;0.002097
decrescentes;d100000.txt;0.002095
decrescentes;d100000.txt;0.002093
decrescentes;d100000.txt;0.002097
decrescentes;d100000.txt;0.002099
decrescentes;d100000.txt;0.002081
decrescentes;d100000.txt;0.002657
decrescentes;d100000.txt;0.002519
decrescentes;d100000.txt;0.002115
decrescentes;d100000.txt;0.002201
decrescentes;d100000.txt;0.002297
decrescentes;d100000.txt;0.002674
decrescentes;d100000.txt;0.002215
decrescentes;d100000.txt;0.002131
decrescentes;d100000.txt;0.002686
decrescentes;d100000.txt;0.002556
decrescentes;d100000.txt;0.002543
decrescentes;d100000.txt;0.002165
decrescentes;d100000.txt;0.002157
decrescentes;d100000.txt;0.002571
decrescentes;d100000.txt;0.002413
decrescentes;d100000.txt;0.002582
decrescentes;d100000.txt;0.002580
decrescentes;d100000.txt;0.002540
decrescentes;d100000.txt;0.003450
decrescentes;d100000.txt;0.002157
decrescentes;d100000.txt;0.002102
decrescentes;d100000.txt;0.002603
decrescentes;d200000.txt;0.003953
decrescentes;d200000.txt;0.003832
decrescentes;d200000.txt;0.003851
decrescentes;d200000.txt;0.003811
decrescentes;d200000.txt;0.004709
decrescentes;d200000.txt;0.003928
decrescentes;d200000.txt;0.003870
decrescentes;d200000.txt;0.003847
decrescentes;d200000.txt;0.003854
decrescentes;d200000.txt;0.004878
decrescentes;d200000.txt;0.004619
decrescentes;d200000.txt;0.004629
decrescentes;d200000.txt;0.004602
decrescentes;d200000.txt;0.004584
decrescentes;d200000.txt;0.004603
decrescentes;d200000.txt;0.004610
decrescentes;d200000.txt;0.004044
decrescentes;d200000.txt;0.003872
decrescentes;d200000.txt;0.003848
decrescentes;d200000.txt;0.003862
decrescentes;d200000.txt;0.003843
decrescentes;d200000.txt;0.003850
decrescentes;d200000.txt;0.003838
decrescentes;d200000.txt;0.004699
decrescentes;d200000.txt;0.004606
decrescentes;d200000.txt;0.004646
decrescentes;d200000.txt;0.004603
decrescentes;d200000.txt;0.004597
decrescentes;d200000.txt;0.004605
decrescentes;d200000.txt;0.004639
decrescentes;d500000.txt;0.005756
decrescentes;d500000.txt;0.005806
decrescentes;d500000.txt;0.005228
decrescentes;d500000.txt;0.005126
decrescentes;d500000.txt;0.005023
decrescentes;d500000.txt;0.005045
decrescentes;d500000.txt;0.005995
decrescentes;d500000.txt;0.005144
decrescentes;d500000.txt;0.005083
decrescentes;d500000.txt;0.005990
decrescentes;d500000.txt;0.005733
decrescentes;d500000.txt;0.005786
decrescentes;d500000.txt;0.005740
decrescentes;d500000.txt;0.005238
decrescentes;d500000.txt;0.006067
decrescentes;d500000.txt;0.005723
decrescentes;d500000.txt;0.005205
decrescentes;d500000.txt;0.005034
decrescentes;d500000.txt;0.005001
decrescentes;d500000.txt;0.006001
decrescentes;d500000.txt;0.005159
decrescentes;d500000.txt;0.005180
decrescentes;d500000.txt;0.005992
decrescentes;d500000.txt;0.005796
decrescentes;d500000.txt;0.005195
decrescentes;d500000.txt;0.006016
decrescentes;d500000.txt;0.005251
decrescentes;d500000.txt;0.006054
decrescentes;d500000.txt;0.005779
decrescentes;d500000.txt;0.005759
decrescentes;d750000.txt;0.008490
decrescentes;d750000.txt;0.008544
decrescentes;d750000.txt;0.008583
decrescentes;d750000.txt;0.007745
decrescentes;d750000.txt;0.007473
decrescentes;d750000.txt;0.008766
decrescentes;d750000.txt;0.008503
decrescentes;d750000.txt;0.008605
decrescentes;d750000.txt;0.008453
decrescentes;d750000.txt;0.008541
decrescentes;d750000.txt;0.008582
decrescentes;d750000.txt;0.007855
decrescentes;d750000.txt;0.008708
decrescentes;d750000.txt;0.008512
decrescentes;d750000.txt;0.008562
decrescentes;d750000.txt;0.007855
decrescentes;d750000.txt;0.007774
decrescentes;d750000.txt;0.008772
decrescentes;d750000.txt;0.008588
decrescentes;d750000.txt;0.008477
decrescentes;d750000.txt;0.007801
decrescentes;d750000.txt;0.007549
decrescentes;d750000.txt;0.008721
decrescentes;d750000.txt;0.007697
decrescentes;d750000.txt;0.007564
decrescentes;d750000.txt;0.008750
decrescentes;d750000.txt;0.008512
decrescentes;d750000.txt;0.008479
decrescentes;d750000.txt;0.008528
decrescentes;d750000.txt;0.007953
decrescentes;d1000000.txt;0.011353
decrescentes;d1000000.txt;0.011254
decrescentes;d1000000.txt;0.011054
decrescentes;d1000000.txt;0.010120
decrescentes;d1000000.txt;0.011338
decrescentes;d1000000.txt;0.011101
decrescentes;d1000000.txt;0.011010
decrescentes;d1000000.txt;0.011127
decrescentes;d1000000.txt;0.010996
decrescentes;d1000000.txt;0.011005
decrescentes;d1000000.txt;0.011169
decrescentes;d1000000.txt;0.011021
decrescentes;d1000000.txt;0.010163
decrescentes;d1000000.txt;0.009782
decrescentes;d1000000.txt;0.009769
decrescentes;d1000000.txt;0.010043
decrescentes;d1000000.txt;0.009738
decrescentes;d1000000.txt;0.010028
decrescentes;d1000000.txt;0.011289
decrescentes;d1000000.txt;0.011014
decrescentes;d1000000.txt;0.011109
decrescentes;d1000000.txt;0.011056
decrescentes;d1000000.txt;0.010091
decrescentes;d1000000.txt;0.009898
decrescentes;d1000000.txt;0.011350
decrescentes;d1000000.txt;0.010129
decrescentes;d1000000.txt;0.011388
decrescentes;d1000000.txt;0.011006
decrescentes;d1000000.txt;0.010067
decrescentes;d1000000.txt;0.011271
decrescentes;d1250000.txt;0.013419
decrescentes;d1250000.txt;0.014694
decrescentes;d1250000.txt;0.014610
decrescentes;d1250000.txt;0.013170
decrescentes;d1250000.txt;0.014737
decrescentes;d1250000.txt;0.014772
decrescentes;d1250000.txt;0.013321
decrescentes;d1250000.txt;0.013402
decrescentes;d1250000.txt;0.013152
decrescentes;d1250000.txt;0.014697
decrescentes;d1250000.txt;0.013413
decrescentes;d1250000.txt;0.014663
decrescentes;d1250000.txt;0.013346
decrescentes;d1250000.txt;0.013151
decrescentes;d1250000.txt;0.013049
decrescentes;d1250000.txt;0.014743
decrescentes;d1250000.txt;0.013304
decrescentes;d1250000.txt;0.013118
decrescentes;d1250000.txt;0.015003
decrescentes;d1250000.txt;0.014874
decrescentes;d1250000.txt;0.014673
decrescentes;d1250000.txt;0.013122
decrescentes;d1250000.txt;0.013019
decrescentes;d1250000.txt;0.013218
decrescentes;d1250000.txt;0.014685
decrescentes;d1250000.txt;0.014728
decrescentes;d1250000.txt;0.013144
decrescentes;d1250000.txt;0.014684
decrescentes;d1250000.txt;0.014626
decrescentes;d1250000.txt;0.013130
decrescentes;d1500000.txt;0.017414
decrescentes;d1500000.txt;0.015591
decrescentes;d1500000.txt;0.015313
decrescentes;d1500000.txt;0.015363
decrescentes;d1500000.txt;0.015480
decrescentes;d1500000.txt;0.015284
decrescentes;d1500000.txt;0.015238
decrescentes;d1500000.txt;0.017288
decrescentes;d1500000.txt;0.017248
decrescentes;d1500000.txt;0.015519
decrescentes;d1500000.txt;0.017312
decrescentes;d1500000.txt;0.017029
decrescentes;d1500000.txt;0.017037
decrescentes;d1500000.txt;0.018841
decrescentes;d1500000.txt;0.017167
decrescentes;d1500000.txt;0.015603
decrescentes;d1500000.txt;0.017179
decrescentes;d1500000.txt;0.017116
decrescentes;d1500000.txt;0.017051
decrescentes;d1500000.txt;0.017149
decrescentes;d1500000.txt;0.016996
decrescentes;d1500000.txt;0.016953
decrescentes;d1500000.txt;0.016991
decrescentes;d1500000.txt;0.017124
decrescentes;d1500000.txt;0.015617
decrescentes;d1500000.txt;0.015153
decrescentes;d1500000.txt;0.017294
decrescentes;d1500000.txt;0.015711
decrescentes;d1500000.txt;0.017201
decrescentes;d1500000.txt;0.015667
decrescentes;d2000000.txt;0.020482
decrescentes;d2000000.txt;0.020614
decrescentes;d2000000.txt;0.020700
decrescentes;d2000000.txt;0.022972
decrescentes;d2000000.txt;0.020692
decrescentes;d2000000.txt;0.023229
decrescentes;d2000000.txt;0.023265
decrescentes;d2000000.txt;0.020688
decrescentes;d2000000.txt;0.020445
decrescentes;d2000000.txt;0.022942
decrescentes;d2000000.txt;0.022829
decrescentes;d2000000.txt;0.023107
decrescentes;d2000000.txt;0.022791
decrescentes;d2000000.txt;0.022983
decrescentes;d2000000.txt;0.022930
decrescentes;d2000000.txt;0.022667
decrescentes;d2000000.txt;0.022768
decrescentes;d2000000.txt;0.022644
decrescentes;d2000000.txt;0.022811
decrescentes;d2000000.txt;0.022735
decrescentes;d2000000.txt;0.022764
decrescentes;d2000000.txt;0.022780
decrescentes;d2000000.txt;0.023172
decrescentes;d2000000.txt;0.023857
decrescentes;d2000000.txt;0.022816
decrescentes;d2000000.txt;0.022759
decrescentes;d2000000.txt;0.023057
decrescentes;d2000000.txt;0.021230
decrescentes;d2000000.txt;0.020482
decrescentes;d2000000.txt;0.023160
