decrescentes;d100.txt;0,000179
decrescentes;d100.txt;0,000184
decrescentes;d100.txt;0,000182
decrescentes;d100.txt;0,000185
decrescentes;d100.txt;0,000180
decrescentes;d100.txt;0,000173
decrescentes;d100.txt;0,000182
decrescentes;d100.txt;0,000326
decrescentes;d100.txt;0,000175
decrescentes;d100.txt;0,000178
decrescentes;d100.txt;0,000252
decrescentes;d100.txt;0,000174
decrescentes;d100.txt;0,000190
decrescentes;d100.txt;0,000184
decrescentes;d100.txt;0,000238
decrescentes;d100.txt;0,000184
decrescentes;d100.txt;0,000178
decrescentes;d100.txt;0,000182
decrescentes;d100.txt;0,000179
decrescentes;d100.txt;0,000200
decrescentes;d100.txt;0,000183
decrescentes;d100.txt;0,000181
decrescentes;d100.txt;0,000184
decrescentes;d100.txt;0,000182
decrescentes;d100.txt;0,000238
decrescentes;d100.txt;0,000205
decrescentes;d100.txt;0,000233
decrescentes;d100.txt;0,000190
decrescentes;d100.txt;0,000175
decrescentes;d100.txt;0,000418
decrescentes;d200.txt;0,000192
decrescentes;d200.txt;0,000458
decrescentes;d200.txt;0,000183
decrescentes;d200.txt;0,000181
decrescentes;d200.txt;0,000192
decrescentes;d200.txt;0,000211
decrescentes;d200.txt;0,000183
decrescentes;d200.txt;0,000180
decrescentes;d200.txt;0,000180
decrescentes;d200.txt;0,000181
decrescentes;d200.txt;0,000182
decrescentes;d200.txt;0,000225
decrescentes;d200.txt;0,000180
decrescentes;d200.txt;0,000341
decrescentes;d200.txt;0,000510
decrescentes;d200.txt;0,000181
decrescentes;d200.txt;0,000184
decrescentes;d200.txt;0,000259
decrescentes;d200.txt;0,000182
decrescentes;d200.txt;0,000182
decrescentes;d200.txt;0,000183
decrescentes;d200.txt;0,000180
decrescentes;d200.txt;0,000190
decrescentes;d200.txt;0,000181
decrescentes;d200.txt;0,000256
decrescentes;d200.txt;0,000192
decrescentes;d200.txt;0,000190
decrescentes;d200.txt;0,000183
decrescentes;d200.txt;0,000182
decrescentes;d200.txt;0,000196
decrescentes;d500.txt;0,000231
decrescentes;d500.txt;0,000218
decrescentes;d500.txt;0,000205
decrescentes;d500.txt;0,000191
decrescentes;d500.txt;0,000184
decrescentes;d500.txt;0,000194
decrescentes;d500.txt;0,000210
decrescentes;d500.txt;0,000189
decrescentes;d500.txt;0,000206
decrescentes;d500.txt;0,000204
decrescentes;d500.txt;0,000199
decrescentes;d500.txt;0,000196
decrescentes;d500.txt;0,000238
decrescentes;d500.txt;0,000196
decrescentes;d500.txt;0,000256
decrescentes;d500.txt;0,000192
decrescentes;d500.txt;0,000201
decrescentes;d500.txt;0,000184
decrescentes;d500.txt;0,000212
decrescentes;d500.txt;0,000196
decrescentes;d500.txt;0,000187
decrescentes;d500.txt;0,000193
decrescentes;d500.txt;0,000223
decrescentes;d500.txt;0,000225
decrescentes;d500.txt;0,000202
decrescentes;d500.txt;0,000207
decrescentes;d500.txt;0,000201
decrescentes;d500.txt;0,000215
decrescentes;d500.txt;0,000192
decrescentes;d500.txt;0,000200
decrescentes;d1000.txt;0,000205
decrescentes;d1000.txt;0,000224
decrescentes;d1000.txt;0,000231
decrescentes;d1000.txt;0,000243
decrescentes;d1000.txt;0,000224
decrescentes;d1000.txt;0,000203
decrescentes;d1000.txt;0,000228
decrescentes;d1000.txt;0,000236
decrescentes;d1000.txt;0,000207
decrescentes;d1000.txt;0,000219
decrescentes;d1000.txt;0,000241
decrescentes;d1000.txt;0,000221
decrescentes;d1000.txt;0,000236
decrescentes;d1000.txt;0,000232
decrescentes;d1000.txt;0,000227
decrescentes;d1000.txt;0,000258
decrescentes;d1000.txt;0,000227
decrescentes;d1000.txt;0,000222
decrescentes;d1000.txt;0,000243
decrescentes;d1000.txt;0,000204
decrescentes;d1000.txt;0,000231
decrescentes;d1000.txt;0,000225
decrescentes;d1000.txt;0,000223
decrescentes;d1000.txt;0,000234
decrescentes;d1000.txt;0,000232
decrescentes;d1000.txt;0,000314
decrescentes;d1000.txt;0,000290
decrescentes;d1000.txt;0,000235
decrescentes;d1000.txt;0,000205
decrescentes;d1000.txt;0,000226
decrescentes;d2000.txt;0,000259
decrescentes;d2000.txt;0,000230
decrescentes;d2000.txt;0,000226
decrescentes;d2000.txt;0,000235
decrescentes;d2000.txt;0,000232
decrescentes;d2000.txt;0,000231
decrescentes;d2000.txt;0,000248
decrescentes;d2000.txt;0,000229
decrescentes;d2000.txt;0,000225
decrescentes;d2000.txt;0,000226
decrescentes;d2000.txt;0,000221
decrescentes;d2000.txt;0,000235
decrescentes;d2000.txt;0,000243
decrescentes;d2000.txt;0,000225
decrescentes;d2000.txt;0,000232
decrescentes;d2000.txt;0,000241
decrescentes;d2000.txt;0,000230
decrescentes;d2000.txt;0,000233
decrescentes;d2000.txt;0,000233
decrescentes;d2000.txt;0,000224
decrescentes;d2000.txt;0,000224
decrescentes;d2000.txt;0,000247
decrescentes;d2000.txt;0,000233
decrescentes;d2000.txt;0,000229
decrescentes;d2000.txt;0,000225
decrescentes;d2000.txt;0,000236
decrescentes;d2000.txt;0,000232
decrescentes;d2000.txt;0,000232
decrescentes;d2000.txt;0,000226
decrescentes;d2000.txt;0,000222
decrescentes;d5000.txt;0,000274
decrescentes;d5000.txt;0,000281
decrescentes;d5000.txt;0,000274
decrescentes;d5000.txt;0,000329
decrescentes;d5000.txt;0,000276
decrescentes;d5000.txt;0,000281
decrescentes;d5000.txt;0,000274
decrescentes;d5000.txt;0,000282
decrescentes;d5000.txt;0,000282
decrescentes;d5000.txt;0,000286
decrescentes;d5000.txt;0,000277
decrescentes;d5000.txt;0,000277
decrescentes;d5000.txt;0,000280
decrescentes;d5000.txt;0,000284
decrescentes;d5000.txt;0,000276
decrescentes;d5000.txt;0,000275
decrescentes;d5000.txt;0,000286
decrescentes;d5000.txt;0,000271
decrescentes;d5000.txt;0,000269
decrescentes;d5000.txt;0,000273
decrescentes;d5000.txt;0,000275
decrescentes;d5000.txt;0,000276
decrescentes;d5000.txt;0,000272
decrescentes;d5000.txt;0,000272
decrescentes;d5000.txt;0,000265
decrescentes;d5000.txt;0,000287
decrescentes;d5000.txt;0,000283
decrescentes;d5000.txt;0,000290
decrescentes;d5000.txt;0,000281
decrescentes;d5000.txt;0,000273
decrescentes;d7500.txt;0,000325
decrescentes;d7500.txt;0,000319
decrescentes;d7500.txt;0,000322
decrescentes;d7500.txt;0,000320
decrescentes;d7500.txt;0,000334
decrescentes;d7500.txt;0,000316
decrescentes;d7500.txt;0,000328
decrescentes;d7500.txt;0,000319
decrescentes;d7500.txt;0,000327
decrescentes;d7500.txt;0,000318
decrescentes;d7500.txt;0,000358
decrescentes;d7500.txt;0,000315
decrescentes;d7500.txt;0,000352
decrescentes;d7500.txt;0,000322
decrescentes;d7500.txt;0,000326
decrescentes;d7500.txt;0,000327
decrescentes;d7500.txt;0,000318
decrescentes;d7500.txt;0,000326
decrescentes;d7500.txt;0,000323
decrescentes;d7500.txt;0,000332
decrescentes;d7500.txt;0,000308
decrescentes;d7500.txt;0,000324
decrescentes;d7500.txt;0,000319
decrescentes;d7500.txt;0,000317
decrescentes;d7500.txt;0,000318
decrescentes;d7500.txt;0,000320
decrescentes;d7500.txt;0,000360
decrescentes;d7500.txt;0,000323
decrescentes;d7500.txt;0,000320
decrescentes;d7500.txt;0,000326
decrescentes;d10000.txt;0,000384
decrescentes;d10000.txt;0,000367
decrescentes;d10000.txt;0,000390
decrescentes;d10000.txt;0,000396
decrescentes;d10000.txt;0,000378
decrescentes;d10000.txt;0,000362
decrescentes;d10000.txt;0,000368
decrescentes;d10000.txt;0,000372
decrescentes;d10000.txt;0,000365
decrescentes;d10000.txt;0,000371
decrescentes;d10000.txt;0,000365
decrescentes;d10000.txt;0,000364
decrescentes;d10000.txt;0,000445
decrescentes;d10000.txt;0,000367
decrescentes;d10000.txt;0,000379
decrescentes;d10000.txt;0,000370
decrescentes;d10000.txt;0,000376
decrescentes;d10000.txt;0,000365
decrescentes;d10000.txt;0,000364
decrescentes;d10000.txt;0,000375
decrescentes;d10000.txt;0,000366
decrescentes;d10000.txt;0,000371
decrescentes;d10000.txt;0,000366
decrescentes;d10000.txt;0,000375
decrescentes;d10000.txt;0,000371
decrescentes;d10000.txt;0,000367
decrescentes;d10000.txt;0,000362
decrescentes;d10000.txt;0,000367
decrescentes;d10000.txt;0,000368
decrescentes;d10000.txt;0,000368
decrescentes;d15000.txt;0,000488
decrescentes;d15000.txt;0,000453
decrescentes;d15000.txt;0,000450
decrescentes;d15000.txt;0,000452
decrescentes;d15000.txt;0,000449
decrescentes;d15000.txt;0,000454
decrescentes;d15000.txt;0,000450
decrescentes;d15000.txt;0,000471
decrescentes;d15000.txt;0,000458
decrescentes;d15000.txt;0,000452
decrescentes;d15000.txt;0,000475
decrescentes;d15000.txt;0,000466
decrescentes;d15000.txt;0,000475
decrescentes;d15000.txt;0,000456
decrescentes;d15000.txt;0,000477
decrescentes;d15000.txt;0,000452
decrescentes;d15000.txt;0,000449
decrescentes;d15000.txt;0,000461
decrescentes;d15000.txt;0,000453
decrescentes;d15000.txt;0,000455
decrescentes;d15000.txt;0,000454
decrescentes;d15000.txt;0,000447
decrescentes;d15000.txt;0,000450
decrescentes;d15000.txt;0,000448
decrescentes;d15000.txt;0,000611
decrescentes;d15000.txt;0,000447
decrescentes;d15000.txt;0,000451
decrescentes;d15000.txt;0,000453
decrescentes;d15000.txt;0,000463
decrescentes;d15000.txt;0,000462
decrescentes;d30000.txt;0,000711
decrescentes;d30000.txt;0,000775
decrescentes;d30000.txt;0,000716
decrescentes;d30000.txt;0,000699
decrescentes;d30000.txt;0,000714
decrescentes;d30000.txt;0,000721
decrescentes;d30000.txt;0,000729
decrescentes;d30000.txt;0,000725
decrescentes;d30000.txt;0,000720
decrescentes;d30000.txt;0,000743
decrescentes;d30000.txt;0,000718
decrescentes;d30000.txt;0,000711
decrescentes;d30000.txt;0,000801
decrescentes;d30000.txt;0,000720
decrescentes;d30000.txt;0,000716
decrescentes;d30000.txt;0,000707
decrescentes;d30000.txt;0,000698
decrescentes;d30000.txt;0,000723
decrescentes;d30000.txt;0,000699
decrescentes;d30000.txt;0,000712
decrescentes;d30000.txt;0,000722
decrescentes;d30000.txt;0,000702
decrescentes;d30000.txt;0,000711
decrescentes;d30000.txt;0,000717
decrescentes;d30000.txt;0,000738
decrescentes;d30000.txt;0,000715
decrescentes;d30000.txt;0,000724
decrescentes;d30000.txt;0,000717
decrescentes;d30000.txt;0,000710
decrescentes;d30000.txt;0,000717
decrescentes;d50000.txt;0,001081
decrescentes;d50000.txt;0,001104
decrescentes;d50000.txt;0,001071
decrescentes;d50000.txt;0,001081
decrescentes;d50000.txt;0,001264
decrescentes;d50000.txt;0,001074
decrescentes;d50000.txt;0,001084
decrescentes;d50000.txt;0,001068
decrescentes;d50000.txt;0,001109
decrescentes;d50000.txt;0,001073
decrescentes;d50000.txt;0,001082
decrescentes;d50000.txt;0,001079
decrescentes;d50000.txt;0,001066
decrescentes;d50000.txt;0,001326
decrescentes;d50000.txt;0,001089
decrescentes;d50000.txt;0,001073
decrescentes;d50000.txt;0,001072
decrescentes;d50000.txt;0,001071
decrescentes;d50000.txt;0,001289
decrescentes;d50000.txt;0,001074
decrescentes;d50000.txt;0,001098
decrescentes;d50000.txt;0,001117
decrescentes;d50000.txt;0,001077
decrescentes;d50000.txt;0,001075
decrescentes;d50000.txt;0,001075
decrescentes;d50000.txt;0,001082
decrescentes;d50000.txt;0,001080
decrescentes;d50000.txt;0,001084
decrescentes;d50000.txt;0,001074
decrescentes;d50000.txt;0,001077
decrescentes;d75000.txt;0,001497
decrescentes;d75000.txt;0,001549
decrescentes;d75000.txt;0,001506
decrescentes;d75000.txt;0,001505
decrescentes;d75000.txt;0,001499
decrescentes;d75000.txt;0,001525
decrescentes;d75000.txt;0,001531
decrescentes;d75000.txt;0,001536
decrescentes;d75000.txt;0,001497
decrescentes;d75000.txt;0,001525
decrescentes;d75000.txt;0,001534
decrescentes;d75000.txt;0,001530
decrescentes;d75000.txt;0,001494
decrescentes;d75000.txt;0,001516
decrescentes;d75000.txt;0,001520
decrescentes;d75000.txt;0,001507
decrescentes;d75000.txt;0,001514
decrescentes;d75000.txt;0,002059
decrescentes;d75000.txt;0,001539
decrescentes;d75000.txt;0,001497
decrescentes;d75000.txt;0,001493
decrescentes;d75000.txt;0,001512
decrescentes;d75000.txt;0,001504
decrescentes;d75000.txt;0,001527
decrescentes;d75000.txt;0,001533
decrescentes;d75000.txt;0,001529
decrescentes;d75000.txt;0,001498
decrescentes;d75000.txt;0,001488
decrescentes;d75000.txt;0,001537
decrescentes;d75000.txt;0,001498
decrescentes;d100000.txt;0,001839
decrescentes;d100000.txt;0,001828
decrescentes;d100000.txt;0,002096
decrescentes;d100000.txt;0,001990
decrescentes;d100000.txt;0,001915
decrescentes;d100000.txt;0,001876
decrescentes;d100000.txt;0,001951
decrescentes;d100000.txt;0,001843
decrescentes;d100000.txt;0,001851
decrescentes;d100000.txt;0,001780
decrescentes;d100000.txt;0,001912
decrescentes;d100000.txt;0,001983
decrescentes;d100000.txt;0,001767
decrescentes;d100000.txt;0,001916
decrescentes;d100000.txt;0,001928
decrescentes;d100000.txt;0,001820
decrescentes;d100000.txt;0,001838
decrescentes;d100000.txt;0,001762
decrescentes;d100000.txt;0,001873
decrescentes;d100000.txt;0,001881
decrescentes;d100000.txt;0,001883
decrescentes;d100000.txt;0,001865
decrescentes;d100000.txt;0,001848
decrescentes;d100000.txt;0,001898
decrescentes;d100000.txt;0,001817
decrescentes;d100000.txt;0,001824
decrescentes;d100000.txt;0,001754
decrescentes;d100000.txt;0,001733
decrescentes;d100000.txt;0,001947
decrescentes;d100000.txt;0,001828
decrescentes;d200000.txt;0,001690
decrescentes;d200000.txt;0,001643
decrescentes;d200000.txt;0,001530
decrescentes;d200000.txt;0,001605
decrescentes;d200000.txt;0,001620
decrescentes;d200000.txt;0,001588
decrescentes;d200000.txt;0,001541
decrescentes;d200000.txt;0,001650
decrescentes;d200000.txt;0,001528
decrescentes;d200000.txt;0,001534
decrescentes;d200000.txt;0,001630
decrescentes;d200000.txt;0,001544
decrescentes;d200000.txt;0,001531
decrescentes;d200000.txt;0,001652
decrescentes;d200000.txt;0,001618
decrescentes;d200000.txt;0,001592
decrescentes;d200000.txt;0,001545
decrescentes;d200000.txt;0,001620
decrescentes;d200000.txt;0,001619
decrescentes;d200000.txt;0,001520
decrescentes;d200000.txt;0,001503
decrescentes;d200000.txt;0,001518
decrescentes;d200000.txt;0,001514
decrescentes;d200000.txt;0,001632
decrescentes;d200000.txt;0,001521
decrescentes;d200000.txt;0,001534
decrescentes;d200000.txt;0,001512
decrescentes;d200000.txt;0,001534
decrescentes;d200000.txt;0,001535
decrescentes;d200000.txt;0,001531
decrescentes;d500000.txt;0,002438
decrescentes;d500000.txt;0,002484
decrescentes;d500000.txt;0,002482
decrescentes;d500000.txt;0,002446
decrescentes;d500000.txt;0,002486
decrescentes;d500000.txt;0,002461
decrescentes;d500000.txt;0,002535
decrescentes;d500000.txt;0,002493
decrescentes;d500000.txt;0,002546
decrescentes;d500000.txt;0,002436
decrescentes;d500000.txt;0,002460
decrescentes;d500000.txt;0,002588
decrescentes;d500000.txt;0,002445
decrescentes;d500000.txt;0,002396
decrescentes;d500000.txt;0,002396
decrescentes;d500000.txt;0,002468
decrescentes;d500000.txt;0,002420
decrescentes;d500000.txt;0,002415
decrescentes;d500000.txt;0,002509
decrescentes;d500000.txt;0,002546
decrescentes;d500000.txt;0,002598
decrescentes;d500000.txt;0,002419
decrescentes;d500000.txt;0,002418
decrescentes;d500000.txt;0,002495
decrescentes;d500000.txt;0,002465
decrescentes;d500000.txt;0,002508
decrescentes;d500000.txt;0,002412
decrescentes;d500000.txt;0,002411
decrescentes;d500000.txt;0,002424
decrescentes;d500000.txt;0,002421
decrescentes;d750000.txt;0,003136
decrescentes;d750000.txt;0,003147
decrescentes;d750000.txt;0,003147
decrescentes;d750000.txt;0,003170
decrescentes;d750000.txt;0,003236
decrescentes;d750000.txt;0,003127
decrescentes;d750000.txt;0,003218
decrescentes;d750000.txt;0,003143
decrescentes;d750000.txt;0,003166
decrescentes;d750000.txt;0,003127
decrescentes;d750000.txt;0,003133
decrescentes;d750000.txt;0,003134
decrescentes;d750000.txt;0,003124
decrescentes;d750000.txt;0,003158
decrescentes;d750000.txt;0,003178
decrescentes;d750000.txt;0,003286
decrescentes;d750000.txt;0,003134
decrescentes;d750000.txt;0,003132
decrescentes;d750000.txt;0,003154
decrescentes;d750000.txt;0,003123
decrescentes;d750000.txt;0,003195
decrescentes;d750000.txt;0,003141
decrescentes;d750000.txt;0,003140
decrescentes;d750000.txt;0,003120
decrescentes;d750000.txt;0,003145
decrescentes;d750000.txt;0,003130
decrescentes;d750000.txt;0,003218
decrescentes;d750000.txt;0,003129
decrescentes;d750000.txt;0,003130
decrescentes;d750000.txt;0,003207
decrescentes;d1000000.txt;0,012668
decrescentes;d1000000.txt;0,003970
decrescentes;d1000000.txt;0,003970
decrescentes;d1000000.txt;0,003899
decrescentes;d1000000.txt;0,003847
decrescentes;d1000000.txt;0,003921
decrescentes;d1000000.txt;0,003864
decrescentes;d1000000.txt;0,003841
decrescentes;d1000000.txt;0,003845
decrescentes;d1000000.txt;0,003840
decrescentes;d1000000.txt;0,003855
decrescentes;d1000000.txt;0,012645
decrescentes;d1000000.txt;0,003926
decrescentes;d1000000.txt;0,003849
decrescentes;d1000000.txt;0,003859
decrescentes;d1000000.txt;0,003926
decrescentes;d1000000.txt;0,003959
decrescentes;d1000000.txt;0,003968
decrescentes;d1000000.txt;0,003860
decrescentes;d1000000.txt;0,012477
decrescentes;d1000000.txt;0,003909
decrescentes;d1000000.txt;0,003851
decrescentes;d1000000.txt;0,003836
decrescentes;d1000000.txt;0,003963
decrescentes;d1000000.txt;0,003881
decrescentes;d1000000.txt;0,003871
decrescentes;d1000000.txt;0,012421
decrescentes;d1000000.txt;0,003909
decrescentes;d1000000.txt;0,003923
decrescentes;d1000000.txt;0,003949
decrescentes;d1250000.txt;0,005024
decrescentes;d1250000.txt;0,015156
decrescentes;d1250000.txt;0,004955
decrescentes;d1250000.txt;0,014176
decrescentes;d1250000.txt;0,005084
decrescentes;d1250000.txt;0,015389
decrescentes;d1250000.txt;0,004660
decrescentes;d1250000.txt;0,005304
decrescentes;d1250000.txt;0,004925
decrescentes;d1250000.txt;0,005237
decrescentes;d1250000.txt;0,005202
decrescentes;d1250000.txt;0,005023
decrescentes;d1250000.txt;0,004993
decrescentes;d1250000.txt;0,004934
decrescentes;d1250000.txt;0,004708
decrescentes;d1250000.txt;0,005145
decrescentes;d1250000.txt;0,005320
decrescentes;d1250000.txt;0,005298
decrescentes;d1250000.txt;0,005105
decrescentes;d1250000.txt;0,005026
decrescentes;d1250000.txt;0,005092
decrescentes;d1250000.txt;0,005014
decrescentes;d1250000.txt;0,004961
decrescentes;d1250000.txt;0,005222
decrescentes;d1250000.txt;0,013477
decrescentes;d1250000.txt;0,004966
decrescentes;d1250000.txt;0,005069
decrescentes;d1250000.txt;0,004921
decrescentes;d1250000.txt;0,014172
decrescentes;d1250000.txt;0,004913
decrescentes;d1500000.txt;0,005423
decrescentes;d1500000.txt;0,005487
decrescentes;d1500000.txt;0,013632
decrescentes;d1500000.txt;0,005636
decrescentes;d1500000.txt;0,005632
decrescentes;d1500000.txt;0,005445
decrescentes;d1500000.txt;0,005418
decrescentes;d1500000.txt;0,005684
decrescentes;d1500000.txt;0,005754
decrescentes;d1500000.txt;0,005479
decrescentes;d1500000.txt;0,005411
decrescentes;d1500000.txt;0,013808
decrescentes;d1500000.txt;0,005477
decrescentes;d1500000.txt;0,013903
decrescentes;d1500000.txt;0,005620
decrescentes;d1500000.txt;0,005366
decrescentes;d1500000.txt;0,013803
decrescentes;d1500000.txt;0,014367
decrescentes;d1500000.txt;0,005627
decrescentes;d1500000.txt;0,005391
decrescentes;d1500000.txt;0,005483
decrescentes;d1500000.txt;0,005673
decrescentes;d1500000.txt;0,005370
decrescentes;d1500000.txt;0,005656
decrescentes;d1500000.txt;0,005770
decrescentes;d1500000.txt;0,005502
decrescentes;d1500000.txt;0,005344
decrescentes;d1500000.txt;0,013555
decrescentes;d1500000.txt;0,005535
decrescentes;d1500000.txt;0,005489
decrescentes;d2000000.txt;0,006115
decrescentes;d2000000.txt;0,014343
decrescentes;d2000000.txt;0,014163
decrescentes;d2000000.txt;0,016867
decrescentes;d2000000.txt;0,014148
decrescentes;d2000000.txt;0,006207
decrescentes;d2000000.txt;0,014513
decrescentes;d2000000.txt;0,006137
decrescentes;d2000000.txt;0,006303
decrescentes;d2000000.txt;0,015215
decrescentes;d2000000.txt;0,006139
decrescentes;d2000000.txt;0,006281
decrescentes;d2000000.txt;0,006334
decrescentes;d2000000.txt;0,006026
decrescentes;d2000000.txt;0,006601
decrescentes;d2000000.txt;0,015908
decrescentes;d2000000.txt;0,006339
decrescentes;d2000000.txt;0,006363
decrescentes;d2000000.txt;0,016310
decrescentes;d2000000.txt;0,006132
decrescentes;d2000000.txt;0,006035
decrescentes;d2000000.txt;0,006107
decrescentes;d2000000.txt;0,013798
decrescentes;d2000000.txt;0,006506
decrescentes;d2000000.txt;0,006354
decrescentes;d2000000.txt;0,006105
decrescentes;d2000000.txt;0,006253
decrescentes;d2000000.txt;0,014667
decrescentes;d2000000.txt;0,014591
decrescentes;d2000000.txt;0,015294
