decrescentes;d100.txt;0.000003
decrescentes;d100.txt;0.000003
decrescentes;d100.txt;0.000003
decrescentes;d100.txt;0.000004
decrescentes;d100.txt;0.000003
decrescentes;d100.txt;0.000004
decrescentes;d100.txt;0.000003
decrescentes;d100.txt;0.000004
decrescentes;d100.txt;0.000003
decrescentes;d100.txt;0.000003
decrescentes;d100.txt;0.000003
decrescentes;d100.txt;0.000004
decrescentes;d100.txt;0.000003
decrescentes;d100.txt;0.000003
decrescentes;d100.txt;0.000003
decrescentes;d100.txt;0.000004
decrescentes;d100.txt;0.000004
decrescentes;d100.txt;0.000004
decrescentes;d100.txt;0.000004
decrescentes;d100.txt;0.000005
decrescentes;d100.txt;0.000006
decrescentes;d100.txt;0.000005
decrescentes;d100.txt;0.000006
decrescentes;d100.txt;0.000007
decrescentes;d100.txt;0.000009
decrescentes;d100.txt;0.000009
decrescentes;d100.txt;0.000008
decrescentes;d100.txt;0.000008
decrescentes;d100.txt;0.000008
decrescentes;d100.txt;0.000007
decrescentes;d200.txt;0.000014
decrescentes;d200.txt;0.000015
decrescentes;d200.txt;0.000015
decrescentes;d200.txt;0.000014
decrescentes;d200.txt;0.000014
decrescentes;d200.txt;0.000013
decrescentes;d200.txt;0.000014
decrescentes;d200.txt;0.000015
decrescentes;d200.txt;0.000013
decrescentes;d200.txt;0.000016
decrescentes;d200.txt;0.000018
decrescentes;d200.txt;0.000014
decrescentes;d200.txt;0.000015
decrescentes;d200.txt;0.000015
decrescentes;d200.txt;0.000014
decrescentes;d200.txt;0.000016
decrescentes;d200.txt;0.000013
decrescentes;d200.txt;0.000014
decrescentes;d200.txt;0.000014
decrescentes;d200.txt;0.000013
decrescentes;d200.txt;0.000015
decrescentes;d200.txt;0.000013
decrescentes;d200.txt;0.000017
decrescentes;d200.txt;0.000016
decrescentes;d200.txt;0.000014
decrescentes;d200.txt;0.000017
decrescentes;d200.txt;0.000015
decrescentes;d200.txt;0.000015
decrescentes;d200.txt;0.000014
decrescentes;d200.txt;0.000014
decrescentes;d500.txt;0.000034
decrescentes;d500.txt;0.000034
decrescentes;d500.txt;0.000034
decrescentes;d500.txt;0.000030
decrescentes;d500.txt;0.000035
decrescentes;d500.txt;0.000034
decrescentes;d500.txt;0.000033
decrescentes;d500.txt;0.000033
decrescentes;d500.txt;0.000065
decrescentes;d500.txt;0.000037
decrescentes;d500.txt;0.000036
decrescentes;d500.txt;0.000036
decrescentes;d500.txt;0.000034
decrescentes;d500.txt;0.000034
decrescentes;d500.txt;0.000035
decrescentes;d500.txt;0.000033
decrescentes;d500.txt;0.000033
decrescentes;d500.txt;0.000033
decrescentes;d500.txt;0.000034
decrescentes;d500.txt;0.000029
decrescentes;d500.txt;0.000032
decrescentes;d500.txt;0.000032
decrescentes;d500.txt;0.000031
decrescentes;d500.txt;0.000033
decrescentes;d500.txt;0.000034
decrescentes;d500.txt;0.000037
decrescentes;d500.txt;0.000036
decrescentes;d500.txt;0.000030
decrescentes;d500.txt;0.000036
decrescentes;d500.txt;0.000034
decrescentes;d1000.txt;0.000069
decrescentes;d1000.txt;0.000070
decrescentes;d1000.txt;0.000068
decrescentes;d1000.txt;0.000069
decrescentes;d1000.txt;0.000058
decrescentes;d1000.txt;0.000074
decrescentes;d1000.txt;0.000066
decrescentes;d1000.txt;0.000068
decrescentes;d1000.txt;0.000068
decrescentes;d1000.txt;0.000075
decrescentes;d1000.txt;0.000059
decrescentes;d1000.txt;0.000060
decrescentes;d1000.txt;0.000064
decrescentes;d1000.txt;0.000068
decrescentes;d1000.txt;0.000081
decrescentes;d1000.txt;0.000081
decrescentes;d1000.txt;0.000066
decrescentes;d1000.txt;0.000068
decrescentes;d1000.txt;0.000079
decrescentes;d1000.txt;0.000059
decrescentes;d1000.txt;0.000068
decrescentes;d1000.txt;0.000067
decrescentes;d1000.txt;0.000068
decrescentes;d1000.txt;0.000068
decrescentes;d1000.txt;0.000063
decrescentes;d1000.txt;0.000058
decrescentes;d1000.txt;0.000068
decrescentes;d1000.txt;0.000056
decrescentes;d1000.txt;0.000066
decrescentes;d1000.txt;0.000080
decrescentes;d2000.txt;0.000155
decrescentes;d2000.txt;0.000146
decrescentes;d2000.txt;0.000165
decrescentes;d2000.txt;0.000146
decrescentes;d2000.txt;0.000147
decrescentes;d2000.txt;0.000172
decrescentes;d2000.txt;0.000145
decrescentes;d2000.txt;0.000126
decrescentes;d2000.txt;0.000141
decrescentes;d2000.txt;0.000157
decrescentes;d2000.txt;0.000146
decrescentes;d2000.txt;0.000144
decrescentes;d2000.txt;0.000147
decrescentes;d2000.txt;0.000144
decrescentes;d2000.txt;0.000144
decrescentes;d2000.txt;0.000121
decrescentes;d2000.txt;0.000142
decrescentes;d2000.txt;0.000152
decrescentes;d2000.txt;0.000146
decrescentes;d2000.txt;0.000143
decrescentes;d2000.txt;0.000133
decrescentes;d2000.txt;0.000157
decrescentes;d2000.txt;0.000168
decrescentes;d2000.txt;0.000143
decrescentes;d2000.txt;0.000144
decrescentes;d2000.txt;0.000158
decrescentes;d2000.txt;0.000136
decrescentes;d2000.txt;0.000145
decrescentes;d2000.txt;0.000143
decrescentes;d2000.txt;0.000138
decrescentes;d5000.txt;0.000413
decrescentes;d5000.txt;0.000379
decrescentes;d5000.txt;0.000455
decrescentes;d5000.txt;0.000449
decrescentes;d5000.txt;0.000417
decrescentes;d5000.txt;0.000410
decrescentes;d5000.txt;0.000335
decrescentes;d5000.txt;0.000352
decrescentes;d5000.txt;0.000350
decrescentes;d5000.txt;0.000420
decrescentes;d5000.txt;0.000415
decrescentes;d5000.txt;0.000397
decrescentes;d5000.txt;0.000453
decrescentes;d5000.txt;0.000450
decrescentes;d5000.txt;0.000356
decrescentes;d5000.txt;0.000431
decrescentes;d5000.txt;0.000415
decrescentes;d5000.txt;0.000355
decrescentes;d5000.txt;0.000383
decrescentes;d5000.txt;0.000448
decrescentes;d5000.txt;0.000415
decrescentes;d5000.txt;0.000359
decrescentes;d5000.txt;0.000320
decrescentes;d5000.txt;0.000422
decrescentes;d5000.txt;0.000393
decrescentes;d5000.txt;0.000405
decrescentes;d5000.txt;0.000372
decrescentes;d5000.txt;0.000344
decrescentes;d5000.txt;0.000419
decrescentes;d5000.txt;0.000328
decrescentes;d7500.txt;0.000656
decrescentes;d7500.txt;0.000624
decrescentes;d7500.txt;0.000721
decrescentes;d7500.txt;0.000666
decrescentes;d7500.txt;0.000621
decrescentes;d7500.txt;0.000524
decrescentes;d7500.txt;0.000637
decrescentes;d7500.txt;0.000655
decrescentes;d7500.txt;0.000536
decrescentes;d7500.txt;0.000713
decrescentes;d7500.txt;0.000629
decrescentes;d7500.txt;0.000618
decrescentes;d7500.txt;0.000696
decrescentes;d7500.txt;0.000662
decrescentes;d7500.txt;0.000619
decrescentes;d7500.txt;0.000589
decrescentes;d7500.txt;0.000527
decrescentes;d7500.txt;0.000655
decrescentes;d7500.txt;0.000522
decrescentes;d7500.txt;0.000620
decrescentes;d7500.txt;0.000613
decrescentes;d7500.txt;0.000658
decrescentes;d7500.txt;0.000488
decrescentes;d7500.txt;0.000646
decrescentes;d7500.txt;0.000569
decrescentes;d7500.txt;0.000747
decrescentes;d7500.txt;0.000548
decrescentes;d7500.txt;0.000624
decrescentes;d7500.txt;0.000637
decrescentes;d7500.txt;0.000527
decrescentes;d10000.txt;0.000854
decrescentes;d10000.txt;0.000897
decrescentes;d10000.txt;0.000695
decrescentes;d10000.txt;0.000806
decrescentes;d10000.txt;0.000847
decrescentes;d10000.txt;0.000928
decrescentes;d10000.txt;0.000767
decrescentes;d10000.txt;0.000842
decrescentes;d10000.txt;0.000726
decrescentes;d10000.txt;0.000977
decrescentes;d10000.txt;0.000769
decrescentes;d10000.txt;0.000764
decrescentes;d10000.txt;0.000911
decrescentes;d10000.txt;0.000817
decrescentes;d10000.txt;0.000946
decrescentes;d10000.txt;0.000771
decrescentes;d10000.txt;0.000929
decrescentes;d10000.txt;0.000882
decrescentes;d10000.txt;0.000837
decrescentes;d10000.txt;0.000877
decrescentes;d10000.txt;0.000681
decrescentes;d10000.txt;0.000761
decrescentes;d10000.txt;0.000547
decrescentes;d10000.txt;0.000621
decrescentes;d10000.txt;0.000452
decrescentes;d10000.txt;0.000705
decrescentes;d10000.txt;0.000634
decrescentes;d10000.txt;0.000850
decrescentes;d10000.txt;0.000725
decrescentes;d10000.txt;0.000905
decrescentes;d15000.txt;0.001178
decrescentes;d15000.txt;0.001384
decrescentes;d15000.txt;0.001401
decrescentes;d15000.txt;0.001177
decrescentes;d15000.txt;0.001484
decrescentes;d15000.txt;0.001176
decrescentes;d15000.txt;0.001187
decrescentes;d15000.txt;0.001412
decrescentes;d15000.txt;0.001097
decrescentes;d15000.txt;0.001375
decrescentes;d15000.txt;0.001471
decrescentes;d15000.txt;0.001369
decrescentes;d15000.txt;0.001292
decrescentes;d15000.txt;0.000846
decrescentes;d15000.txt;0.001518
decrescentes;d15000.txt;0.001162
decrescentes;d15000.txt;0.001339
decrescentes;d15000.txt;0.001381
decrescentes;d15000.txt;0.001171
decrescentes;d15000.txt;0.001165
decrescentes;d15000.txt;0.001169
decrescentes;d15000.txt;0.001170
decrescentes;d15000.txt;0.001385
decrescentes;d15000.txt;0.001166
decrescentes;d15000.txt;0.001169
decrescentes;d15000.txt;0.001178
decrescentes;d15000.txt;0.001177
decrescentes;d15000.txt;0.001396
decrescentes;d15000.txt;0.001389
decrescentes;d15000.txt;0.001172
decrescentes;d30000.txt;0.002311
decrescentes;d30000.txt;0.002514
decrescentes;d30000.txt;0.001578
decrescentes;d30000.txt;0.002336
decrescentes;d30000.txt;0.002322
decrescentes;d30000.txt;0.001842
decrescentes;d30000.txt;0.002314
decrescentes;d30000.txt;0.002119
decrescentes;d30000.txt;0.002199
decrescentes;d30000.txt;0.001237
decrescentes;d30000.txt;0.001152
decrescentes;d30000.txt;0.000919
decrescentes;d30000.txt;0.001182
decrescentes;d30000.txt;0.000804
decrescentes;d30000.txt;0.001634
decrescentes;d30000.txt;0.001422
decrescentes;d30000.txt;0.001998
decrescentes;d30000.txt;0.002163
decrescentes;d30000.txt;0.002327
decrescentes;d30000.txt;0.002306
decrescentes;d30000.txt;0.002221
decrescentes;d30000.txt;0.002679
decrescentes;d30000.txt;0.001672
decrescentes;d30000.txt;0.002653
decrescentes;d30000.txt;0.002616
decrescentes;d30000.txt;0.002182
decrescentes;d30000.txt;0.002168
decrescentes;d30000.txt;0.002623
decrescentes;d30000.txt;0.001492
decrescentes;d30000.txt;0.002698
decrescentes;d50000.txt;0.003846
decrescentes;d50000.txt;0.004832
decrescentes;d50000.txt;0.003825
decrescentes;d50000.txt;0.004357
decrescentes;d50000.txt;0.003646
decrescentes;d50000.txt;0.003593
decrescentes;d50000.txt;0.002258
decrescentes;d50000.txt;0.004053
decrescentes;d50000.txt;0.004499
decrescentes;d50000.txt;0.001717
decrescentes;d50000.txt;0.003379
decrescentes;d50000.txt;0.004778
decrescentes;d50000.txt;0.003582
decrescentes;d50000.txt;0.003760
decrescentes;d50000.txt;0.003573
decrescentes;d50000.txt;0.004568
decrescentes;d50000.txt;0.003827
decrescentes;d50000.txt;0.004708
decrescentes;d50000.txt;0.003837
decrescentes;d50000.txt;0.002363
decrescentes;d50000.txt;0.003978
decrescentes;d50000.txt;0.004258
decrescentes;d50000.txt;0.003984
decrescentes;d50000.txt;0.004767
decrescentes;d50000.txt;0.002312
decrescentes;d50000.txt;0.003786
decrescentes;d50000.txt;0.001693
decrescentes;d50000.txt;0.003506
decrescentes;d50000.txt;0.003599
decrescentes;d50000.txt;0.003820
decrescentes;d75000.txt;0.005601
decrescentes;d75000.txt;0.007343
decrescentes;d75000.txt;0.006263
decrescentes;d75000.txt;0.004692
decrescentes;d75000.txt;0.002521
decrescentes;d75000.txt;0.002753
decrescentes;d75000.txt;0.005195
decrescentes;d75000.txt;0.006182
decrescentes;d75000.txt;0.002456
decrescentes;d75000.txt;0.003810
decrescentes;d75000.txt;0.003465
decrescentes;d75000.txt;0.005399
decrescentes;d75000.txt;0.006202
decrescentes;d75000.txt;0.002255
decrescentes;d75000.txt;0.006890
decrescentes;d75000.txt;0.003500
decrescentes;d75000.txt;0.002090
decrescentes;d75000.txt;0.002500
decrescentes;d75000.txt;0.002436
decrescentes;d75000.txt;0.002270
decrescentes;d75000.txt;0.003413
decrescentes;d75000.txt;0.003792
decrescentes;d75000.txt;0.002451
decrescentes;d75000.txt;0.004714
decrescentes;d75000.txt;0.004602
decrescentes;d75000.txt;0.005126
decrescentes;d75000.txt;0.005478
decrescentes;d75000.txt;0.006827
decrescentes;d75000.txt;0.005505
decrescentes;d75000.txt;0.003773
decrescentes;d100000.txt;0.007349
decrescentes;d100000.txt;0.002652
decrescentes;d100000.txt;0.007421
decrescentes;d100000.txt;0.006474
decrescentes;d100000.txt;0.005755
decrescentes;d100000.txt;0.002655
decrescentes;d100000.txt;0.009430
decrescentes;d100000.txt;0.008637
decrescentes;d100000.txt;0.008620
decrescentes;d100000.txt;0.006964
decrescentes;d100000.txt;0.004006
decrescentes;d100000.txt;0.003020
decrescentes;d100000.txt;0.005335
decrescentes;d100000.txt;0.003662
decrescentes;d100000.txt;0.002650
decrescentes;d100000.txt;0.002646
decrescentes;d100000.txt;0.003204
decrescentes;d100000.txt;0.002834
decrescentes;d100000.txt;0.003724
decrescentes;d100000.txt;0.002913
decrescentes;d100000.txt;0.006018
decrescentes;d100000.txt;0.007165
decrescentes;d100000.txt;0.006936
decrescentes;d100000.txt;0.009106
decrescentes;d100000.txt;0.002646
decrescentes;d100000.txt;0.008854
decrescentes;d100000.txt;0.007328
decrescentes;d100000.txt;0.006322
decrescentes;d100000.txt;0.005041
decrescentes;d100000.txt;0.004863
decrescentes;d200000.txt;0.007332
decrescentes;d200000.txt;0.005513
decrescentes;d200000.txt;0.005584
decrescentes;d200000.txt;0.006451
decrescentes;d200000.txt;0.006570
decrescentes;d200000.txt;0.007124
decrescentes;d200000.txt;0.012118
decrescentes;d200000.txt;0.009362
decrescentes;d200000.txt;0.006436
decrescentes;d200000.txt;0.007088
decrescentes;d200000.txt;0.006668
decrescentes;d200000.txt;0.006443
decrescentes;d200000.txt;0.005970
decrescentes;d200000.txt;0.005605
decrescentes;d200000.txt;0.005454
decrescentes;d200000.txt;0.007514
decrescentes;d200000.txt;0.005740
decrescentes;d200000.txt;0.007788
decrescentes;d200000.txt;0.006758
decrescentes;d200000.txt;0.006446
decrescentes;d200000.txt;0.007333
decrescentes;d200000.txt;0.005969
decrescentes;d200000.txt;0.008382
decrescentes;d200000.txt;0.006181
decrescentes;d200000.txt;0.005421
decrescentes;d200000.txt;0.005445
decrescentes;d200000.txt;0.008852
decrescentes;d200000.txt;0.006439
decrescentes;d200000.txt;0.007871
decrescentes;d200000.txt;0.007149
decrescentes;d500000.txt;0.016731
decrescentes;d500000.txt;0.016808
decrescentes;d500000.txt;0.016834
decrescentes;d500000.txt;0.013977
decrescentes;d500000.txt;0.013778
decrescentes;d500000.txt;0.013774
decrescentes;d500000.txt;0.013797
decrescentes;d500000.txt;0.013806
decrescentes;d500000.txt;0.013861
decrescentes;d500000.txt;0.015126
decrescentes;d500000.txt;0.014186
decrescentes;d500000.txt;0.013933
decrescentes;d500000.txt;0.013796
decrescentes;d500000.txt;0.013991
decrescentes;d500000.txt;0.013818
decrescentes;d500000.txt;0.014255
decrescentes;d500000.txt;0.013917
decrescentes;d500000.txt;0.013939
decrescentes;d500000.txt;0.017078
decrescentes;d500000.txt;0.016994
decrescentes;d500000.txt;0.016697
decrescentes;d500000.txt;0.013936
decrescentes;d500000.txt;0.016721
decrescentes;d500000.txt;0.013865
decrescentes;d500000.txt;0.013820
decrescentes;d500000.txt;0.013797
decrescentes;d500000.txt;0.014166
decrescentes;d500000.txt;0.016782
decrescentes;d500000.txt;0.019308
decrescentes;d500000.txt;0.013792
decrescentes;d750000.txt;0.025484
decrescentes;d750000.txt;0.021647
decrescentes;d750000.txt;0.025429
decrescentes;d750000.txt;0.025333
decrescentes;d750000.txt;0.025500
decrescentes;d750000.txt;0.021140
decrescentes;d750000.txt;0.023786
decrescentes;d750000.txt;0.021067
decrescentes;d750000.txt;0.020936
decrescentes;d750000.txt;0.021041
decrescentes;d750000.txt;0.021004
decrescentes;d750000.txt;0.020970
decrescentes;d750000.txt;0.020989
decrescentes;d750000.txt;0.023287
decrescentes;d750000.txt;0.021036
decrescentes;d750000.txt;0.021017
decrescentes;d750000.txt;0.021008
decrescentes;d750000.txt;0.020999
decrescentes;d750000.txt;0.021012
decrescentes;d750000.txt;0.020991
decrescentes;d750000.txt;0.021005
decrescentes;d750000.txt;0.025587
decrescentes;d750000.txt;0.025347
decrescentes;d750000.txt;0.021030
decrescentes;d750000.txt;0.025507
decrescentes;d750000.txt;0.021439
decrescentes;d750000.txt;0.025545
decrescentes;d750000.txt;0.025370
decrescentes;d750000.txt;0.021060
decrescentes;d750000.txt;0.020998
decrescentes;d1000000.txt;0.034775
decrescentes;d1000000.txt;0.034690
decrescentes;d1000000.txt;0.028878
decrescentes;d1000000.txt;0.028715
decrescentes;d1000000.txt;0.028727
decrescentes;d1000000.txt;0.034711
decrescentes;d1000000.txt;0.034607
decrescentes;d1000000.txt;0.034671
decrescentes;d1000000.txt;0.034810
decrescentes;d1000000.txt;0.034685
decrescentes;d1000000.txt;0.028959
decrescentes;d1000000.txt;0.034730
decrescentes;d1000000.txt;0.034625
decrescentes;d1000000.txt;0.034766
decrescentes;d1000000.txt;0.033151
decrescentes;d1000000.txt;0.028968
decrescentes;d1000000.txt;0.028764
decrescentes;d1000000.txt;0.034678
decrescentes;d1000000.txt;0.034622
decrescentes;d1000000.txt;0.034669
decrescentes;d1000000.txt;0.028751
decrescentes;d1000000.txt;0.028884
decrescentes;d1000000.txt;0.028963
decrescentes;d1000000.txt;0.028808
decrescentes;d1000000.txt;0.034811
decrescentes;d1000000.txt;0.028972
decrescentes;d1000000.txt;0.028798
decrescentes;d1000000.txt;0.028847
decrescentes;d1000000.txt;0.028701
decrescentes;d1000000.txt;0.028685
decrescentes;d1250000.txt;0.036002
decrescentes;d1250000.txt;0.043339
decrescentes;d1250000.txt;0.043538
decrescentes;d1250000.txt;0.043372
decrescentes;d1250000.txt;0.036129
decrescentes;d1250000.txt;0.043380
decrescentes;d1250000.txt;0.043409
decrescentes;d1250000.txt;0.043438
decrescentes;d1250000.txt;0.043298
decrescentes;d1250000.txt;0.043404
decrescentes;d1250000.txt;0.043354
decrescentes;d1250000.txt;0.043302
decrescentes;d1250000.txt;0.036400
decrescentes;d1250000.txt;0.043332
decrescentes;d1250000.txt;0.036494
decrescentes;d1250000.txt;0.043403
decrescentes;d1250000.txt;0.036170
decrescentes;d1250000.txt;0.043675
decrescentes;d1250000.txt;0.043257
decrescentes;d1250000.txt;0.036122
decrescentes;d1250000.txt;0.043439
decrescentes;d1250000.txt;0.043343
decrescentes;d1250000.txt;0.043302
decrescentes;d1250000.txt;0.043400
decrescentes;d1250000.txt;0.043387
decrescentes;d1250000.txt;0.043477
decrescentes;d1250000.txt;0.036286
decrescentes;d1250000.txt;0.043462
decrescentes;d1250000.txt;0.043323
decrescentes;d1250000.txt;0.036293
decrescentes;d1500000.txt;0.052518
decrescentes;d1500000.txt;0.052571
decrescentes;d1500000.txt;0.052630
decrescentes;d1500000.txt;0.052723
decrescentes;d1500000.txt;0.052735
decrescentes;d1500000.txt;0.052792
decrescentes;d1500000.txt;0.043876
decrescentes;d1500000.txt;0.043896
decrescentes;d1500000.txt;0.052631
decrescentes;d1500000.txt;0.052480
decrescentes;d1500000.txt;0.043902
decrescentes;d1500000.txt;0.043898
decrescentes;d1500000.txt;0.052653
decrescentes;d1500000.txt;0.052794
decrescentes;d1500000.txt;0.052744
decrescentes;d1500000.txt;0.044096
decrescentes;d1500000.txt;0.044055
decrescentes;d1500000.txt;0.043866
decrescentes;d1500000.txt;0.052881
decrescentes;d1500000.txt;0.044137
decrescentes;d1500000.txt;0.043847
decrescentes;d1500000.txt;0.043898
decrescentes;d1500000.txt;0.052788
decrescentes;d1500000.txt;0.052525
decrescentes;d1500000.txt;0.052555
decrescentes;d1500000.txt;0.052628
decrescentes;d1500000.txt;0.052589
decrescentes;d1500000.txt;0.052592
decrescentes;d1500000.txt;0.052694
decrescentes;d1500000.txt;0.043796
decrescentes;d2000000.txt;0.072000
decrescentes;d2000000.txt;0.071836
decrescentes;d2000000.txt;0.060446
decrescentes;d2000000.txt;0.059932
decrescentes;d2000000.txt;0.072054
decrescentes;d2000000.txt;0.071924
decrescentes;d2000000.txt;0.072116
decrescentes;d2000000.txt;0.071967
decrescentes;d2000000.txt;0.071720
decrescentes;d2000000.txt;0.072123
decrescentes;d2000000.txt;0.071809
decrescentes;d2000000.txt;0.071761
decrescentes;d2000000.txt;0.072362
decrescentes;d2000000.txt;0.072129
decrescentes;d2000000.txt;0.071756
decrescentes;d2000000.txt;0.071969
decrescentes;d2000000.txt;0.059898
decrescentes;d2000000.txt;0.071881
decrescentes;d2000000.txt;0.060119
decrescentes;d2000000.txt;0.072279
decrescentes;d2000000.txt;0.071531
decrescentes;d2000000.txt;0.071630
decrescentes;d2000000.txt;0.059883
decrescentes;d2000000.txt;0.059661
decrescentes;d2000000.txt;0.059652
decrescentes;d2000000.txt;0.060300
decrescentes;d2000000.txt;0.072302
decrescentes;d2000000.txt;0.059809
decrescentes;d2000000.txt;0.071993
decrescentes;d2000000.txt;0.071545
