Pasta;Arquivo;Tempo_Segundos
decrescentes;d100.txt;0.000007
decrescentes;d100.txt;0.000007
decrescentes;d100.txt;0.000012
decrescentes;d100.txt;0.000017
decrescentes;d100.txt;0.000011
decrescentes;d100.txt;0.000006
decrescentes;d100.txt;0.000006
decrescentes;d100.txt;0.000006
decrescentes;d100.txt;0.000007
decrescentes;d100.txt;0.000018
decrescentes;d100.txt;0.000007
decrescentes;d100.txt;0.000007
decrescentes;d100.txt;0.000019
decrescentes;d100.txt;0.000007
decrescentes;d100.txt;0.000006
decrescentes;d100.txt;0.000018
decrescentes;d100.txt;0.000017
decrescentes;d100.txt;0.000007
decrescentes;d100.txt;0.000007
decrescentes;d100.txt;0.000007
decrescentes;d100.txt;0.000006
decrescentes;d100.txt;0.000018
decrescentes;d100.txt;0.000018
decrescentes;d100.txt;0.000014
decrescentes;d100.txt;0.000017
decrescentes;d100.txt;0.000011
decrescentes;d100.txt;0.000008
decrescentes;d100.txt;0.000006
decrescentes;d100.txt;0.000006
decrescentes;d100.txt;0.000012
decrescentes;d200.txt;0.000020
decrescentes;d200.txt;0.000023
decrescentes;d200.txt;0.000015
decrescentes;d200.txt;0.000031
decrescentes;d200.txt;0.000039
decrescentes;d200.txt;0.000014
decrescentes;d200.txt;0.000031
decrescentes;d200.txt;0.000015
decrescentes;d200.txt;0.000014
decrescentes;d200.txt;0.000023
decrescentes;d200.txt;0.000024
decrescentes;d200.txt;0.000041
decrescentes;d200.txt;0.000014
decrescentes;d200.txt;0.000015
decrescentes;d200.txt;0.000018
decrescentes;d200.txt;0.000014
decrescentes;d200.txt;0.000013
decrescentes;d200.txt;0.000014
decrescentes;d200.txt;0.000013
decrescentes;d200.txt;0.000013
decrescentes;d200.txt;0.000021
decrescentes;d200.txt;0.000015
decrescentes;d200.txt;0.000014
decrescentes;d200.txt;0.000015
decrescentes;d200.txt;0.000039
decrescentes;d200.txt;0.000034
decrescentes;d200.txt;0.000015
decrescentes;d200.txt;0.000035
decrescentes;d200.txt;0.000019
decrescentes;d200.txt;0.000020
decrescentes;d500.txt;0.000057
decrescentes;d500.txt;0.000052
decrescentes;d500.txt;0.000047
decrescentes;d500.txt;0.000029
decrescentes;d500.txt;0.000030
decrescentes;d500.txt;0.000049
decrescentes;d500.txt;0.000070
decrescentes;d500.txt;0.000065
decrescentes;d500.txt;0.000031
decrescentes;d500.txt;0.000029
decrescentes;d500.txt;0.000040
decrescentes;d500.txt;0.000070
decrescentes;d500.txt;0.000041
decrescentes;d500.txt;0.000057
decrescentes;d500.txt;0.000029
decrescentes;d500.txt;0.000044
decrescentes;d500.txt;0.000080
decrescentes;d500.txt;0.000029
decrescentes;d500.txt;0.000075
decrescentes;d500.txt;0.000041
decrescentes;d500.txt;0.000030
decrescentes;d500.txt;0.000037
decrescentes;d500.txt;0.000078
decrescentes;d500.txt;0.000080
decrescentes;d500.txt;0.000060
decrescentes;d500.txt;0.000032
decrescentes;d500.txt;0.000044
decrescentes;d500.txt;0.000071
decrescentes;d500.txt;0.000029
decrescentes;d500.txt;0.000030
decrescentes;d1000.txt;0.000070
decrescentes;d1000.txt;0.000158
decrescentes;d1000.txt;0.000174
decrescentes;d1000.txt;0.000100
decrescentes;d1000.txt;0.000085
decrescentes;d1000.txt;0.000088
decrescentes;d1000.txt;0.000074
decrescentes;d1000.txt;0.000063
decrescentes;d1000.txt;0.000151
decrescentes;d1000.txt;0.000083
decrescentes;d1000.txt;0.000141
decrescentes;d1000.txt;0.000122
decrescentes;d1000.txt;0.000125
decrescentes;d1000.txt;0.000057
decrescentes;d1000.txt;0.000066
decrescentes;d1000.txt;0.000090
decrescentes;d1000.txt;0.000062
decrescentes;d1000.txt;0.000078
decrescentes;d1000.txt;0.000067
decrescentes;d1000.txt;0.000173
decrescentes;d1000.txt;0.000062
decrescentes;d1000.txt;0.000100
decrescentes;d1000.txt;0.000061
decrescentes;d1000.txt;0.000073
decrescentes;d1000.txt;0.000072
decrescentes;d1000.txt;0.000063
decrescentes;d1000.txt;0.000100
decrescentes;d1000.txt;0.000172
decrescentes;d1000.txt;0.000115
decrescentes;d1000.txt;0.000088
decrescentes;d2000.txt;0.000192
decrescentes;d2000.txt;0.000184
decrescentes;d2000.txt;0.000135
decrescentes;d2000.txt;0.000224
decrescentes;d2000.txt;0.000165
decrescentes;d2000.txt;0.000285
decrescentes;d2000.txt;0.000247
decrescentes;d2000.txt;0.000382
decrescentes;d2000.txt;0.000320
decrescentes;d2000.txt;0.000319
decrescentes;d2000.txt;0.000368
decrescentes;d2000.txt;0.000134
decrescentes;d2000.txt;0.000225
decrescentes;d2000.txt;0.000241
decrescentes;d2000.txt;0.000135
decrescentes;d2000.txt;0.000133
decrescentes;d2000.txt;0.000129
decrescentes;d2000.txt;0.000138
decrescentes;d2000.txt;0.000134
decrescentes;d2000.txt;0.000132
decrescentes;d2000.txt;0.000136
decrescentes;d2000.txt;0.000141
decrescentes;d2000.txt;0.000172
decrescentes;d2000.txt;0.000132
decrescentes;d2000.txt;0.000179
decrescentes;d2000.txt;0.000179
decrescentes;d2000.txt;0.000218
decrescentes;d2000.txt;0.000182
decrescentes;d2000.txt;0.000233
decrescentes;d2000.txt;0.000172
decrescentes;d5000.txt;0.000466
decrescentes;d5000.txt;0.000723
decrescentes;d5000.txt;0.001055
decrescentes;d5000.txt;0.001051
decrescentes;d5000.txt;0.000397
decrescentes;d5000.txt;0.000661
decrescentes;d5000.txt;0.000651
decrescentes;d5000.txt;0.000418
decrescentes;d5000.txt;0.000521
decrescentes;d5000.txt;0.000378
decrescentes;d5000.txt;0.000388
decrescentes;d5000.txt;0.000378
decrescentes;d5000.txt;0.000436
decrescentes;d5000.txt;0.000410
decrescentes;d5000.txt;0.000376
decrescentes;d5000.txt;0.000381
decrescentes;d5000.txt;0.000592
decrescentes;d5000.txt;0.000391
decrescentes;d5000.txt;0.000388
decrescentes;d5000.txt;0.000384
decrescentes;d5000.txt;0.000379
decrescentes;d5000.txt;0.000743
decrescentes;d5000.txt;0.000703
decrescentes;d5000.txt;0.000404
decrescentes;d5000.txt;0.001054
decrescentes;d5000.txt;0.000385
decrescentes;d5000.txt;0.001066
decrescentes;d5000.txt;0.001077
decrescentes;d5000.txt;0.000658
decrescentes;d5000.txt;0.000610
decrescentes;d7500.txt;0.000984
decrescentes;d7500.txt;0.000637
decrescentes;d7500.txt;0.000525
decrescentes;d7500.txt;0.000579
decrescentes;d7500.txt;0.000627
decrescentes;d7500.txt;0.001251
decrescentes;d7500.txt;0.001252
decrescentes;d7500.txt;0.000560
decrescentes;d7500.txt;0.000567
decrescentes;d7500.txt;0.000643
decrescentes;d7500.txt;0.000552
decrescentes;d7500.txt;0.001529
decrescentes;d7500.txt;0.001010
decrescentes;d7500.txt;0.000676
decrescentes;d7500.txt;0.000576
decrescentes;d7500.txt;0.000535
decrescentes;d7500.txt;0.001271
decrescentes;d7500.txt;0.001194
decrescentes;d7500.txt;0.000653
decrescentes;d7500.txt;0.000570
decrescentes;d7500.txt;0.001120
decrescentes;d7500.txt;0.000551
decrescentes;d7500.txt;0.000681
decrescentes;d7500.txt;0.000564
decrescentes;d7500.txt;0.000659
decrescentes;d7500.txt;0.000792
decrescentes;d7500.txt;0.000996
decrescentes;d7500.txt;0.000771
decrescentes;d7500.txt;0.000548
decrescentes;d7500.txt;0.001277
decrescentes;d10000.txt;0.001336
decrescentes;d10000.txt;0.000891
decrescentes;d10000.txt;0.000802
decrescentes;d10000.txt;0.000793
decrescentes;d10000.txt;0.001115
decrescentes;d10000.txt;0.002128
decrescentes;d10000.txt;0.002150
decrescentes;d10000.txt;0.002145
decrescentes;d10000.txt;0.002157
decrescentes;d10000.txt;0.002159
decrescentes;d10000.txt;0.001968
decrescentes;d10000.txt;0.002063
decrescentes;d10000.txt;0.001794
decrescentes;d10000.txt;0.001797
decrescentes;d10000.txt;0.001761
decrescentes;d10000.txt;0.001210
decrescentes;d10000.txt;0.001070
decrescentes;d10000.txt;0.000799
decrescentes;d10000.txt;0.001743
decrescentes;d10000.txt;0.001257
decrescentes;d10000.txt;0.000838
decrescentes;d10000.txt;0.001273
decrescentes;d10000.txt;0.001903
decrescentes;d10000.txt;0.001298
decrescentes;d10000.txt;0.000783
decrescentes;d10000.txt;0.001732
decrescentes;d10000.txt;0.001477
decrescentes;d10000.txt;0.002218
decrescentes;d10000.txt;0.000793
decrescentes;d10000.txt;0.000797
decrescentes;d15000.txt;0.002369
decrescentes;d15000.txt;0.001124
decrescentes;d15000.txt;0.001198
decrescentes;d15000.txt;0.001144
decrescentes;d15000.txt;0.001138
decrescentes;d15000.txt;0.001128
decrescentes;d15000.txt;0.001314
decrescentes;d15000.txt;0.001142
decrescentes;d15000.txt;0.001152
decrescentes;d15000.txt;0.001106
decrescentes;d15000.txt;0.001108
decrescentes;d15000.txt;0.001147
decrescentes;d15000.txt;0.001378
decrescentes;d15000.txt;0.001156
decrescentes;d15000.txt;0.001387
decrescentes;d15000.txt;0.001158
decrescentes;d15000.txt;0.001639
decrescentes;d15000.txt;0.003196
decrescentes;d15000.txt;0.002023
decrescentes;d15000.txt;0.003164
decrescentes;d15000.txt;0.001373
decrescentes;d15000.txt;0.001245
decrescentes;d15000.txt;0.002130
decrescentes;d15000.txt;0.001133
decrescentes;d15000.txt;0.002040
decrescentes;d15000.txt;0.001221
decrescentes;d15000.txt;0.001496
decrescentes;d15000.txt;0.001164
decrescentes;d15000.txt;0.001137
decrescentes;d15000.txt;0.001150
decrescentes;d30000.txt;0.003301
decrescentes;d30000.txt;0.003211
decrescentes;d30000.txt;0.003473
decrescentes;d30000.txt;0.002324
decrescentes;d30000.txt;0.002866
decrescentes;d30000.txt;0.002412
decrescentes;d30000.txt;0.002365
decrescentes;d30000.txt;0.003905
decrescentes;d30000.txt;0.002308
decrescentes;d30000.txt;0.002333
decrescentes;d30000.txt;0.002254
decrescentes;d30000.txt;0.002360
decrescentes;d30000.txt;0.002350
decrescentes;d30000.txt;0.002532
decrescentes;d30000.txt;0.004006
decrescentes;d30000.txt;0.002274
decrescentes;d30000.txt;0.002672
decrescentes;d30000.txt;0.003263
decrescentes;d30000.txt;0.002298
decrescentes;d30000.txt;0.002351
decrescentes;d30000.txt;0.002311
decrescentes;d30000.txt;0.002388
decrescentes;d30000.txt;0.004022
decrescentes;d30000.txt;0.003374
decrescentes;d30000.txt;0.002372
decrescentes;d30000.txt;0.003459
decrescentes;d30000.txt;0.003722
decrescentes;d30000.txt;0.006418
decrescentes;d30000.txt;0.005473
decrescentes;d30000.txt;0.004211
decrescentes;d50000.txt;0.007014
decrescentes;d50000.txt;0.004971
decrescentes;d50000.txt;0.005064
decrescentes;d50000.txt;0.004533
decrescentes;d50000.txt;0.004442
decrescentes;d50000.txt;0.005269
decrescentes;d50000.txt;0.005469
decrescentes;d50000.txt;0.008215
decrescentes;d50000.txt;0.004455
decrescentes;d50000.txt;0.004329
decrescentes;d50000.txt;0.005044
decrescentes;d50000.txt;0.009406
decrescentes;d50000.txt;0.006702
decrescentes;d50000.txt;0.004808
decrescentes;d50000.txt;0.004570
decrescentes;d50000.txt;0.004458
decrescentes;d50000.txt;0.008910
decrescentes;d50000.txt;0.004933
decrescentes;d50000.txt;0.004736
decrescentes;d50000.txt;0.005346
decrescentes;d50000.txt;0.004664
decrescentes;d50000.txt;0.004467
decrescentes;d50000.txt;0.007244
decrescentes;d50000.txt;0.004388
decrescentes;d50000.txt;0.004498
decrescentes;d50000.txt;0.005952
decrescentes;d50000.txt;0.004586
decrescentes;d50000.txt;0.005839
decrescentes;d50000.txt;0.004468
decrescentes;d50000.txt;0.004702
decrescentes;d75000.txt;0.007467
decrescentes;d75000.txt;0.007118
decrescentes;d75000.txt;0.007251
decrescentes;d75000.txt;0.007031
decrescentes;d75000.txt;0.007156
decrescentes;d75000.txt;0.007175
decrescentes;d75000.txt;0.008062
decrescentes;d75000.txt;0.009258
decrescentes;d75000.txt;0.007473
decrescentes;d75000.txt;0.009616
decrescentes;d75000.txt;0.007626
decrescentes;d75000.txt;0.007438
decrescentes;d75000.txt;0.007617
decrescentes;d75000.txt;0.007262
decrescentes;d75000.txt;0.007552
decrescentes;d75000.txt;0.007093
decrescentes;d75000.txt;0.007077
decrescentes;d75000.txt;0.006924
decrescentes;d75000.txt;0.006937
decrescentes;d75000.txt;0.007250
decrescentes;d75000.txt;0.006913
decrescentes;d75000.txt;0.007181
decrescentes;d75000.txt;0.007824
decrescentes;d75000.txt;0.007152
decrescentes;d75000.txt;0.006888
decrescentes;d75000.txt;0.006949
decrescentes;d75000.txt;0.006982
decrescentes;d75000.txt;0.006908
decrescentes;d75000.txt;0.006979
decrescentes;d75000.txt;0.007153
decrescentes;d100000.txt;0.009327
decrescentes;d100000.txt;0.009679
decrescentes;d100000.txt;0.009192
decrescentes;d100000.txt;0.008857
decrescentes;d100000.txt;0.009136
decrescentes;d100000.txt;0.009504
decrescentes;d100000.txt;0.009191
decrescentes;d100000.txt;0.009013
decrescentes;d100000.txt;0.009185
decrescentes;d100000.txt;0.009149
decrescentes;d100000.txt;0.008930
decrescentes;d100000.txt;0.008857
decrescentes;d100000.txt;0.008754
decrescentes;d100000.txt;0.008907
decrescentes;d100000.txt;0.008768
decrescentes;d100000.txt;0.008825
decrescentes;d100000.txt;0.008954
decrescentes;d100000.txt;0.009265
decrescentes;d100000.txt;0.008885
decrescentes;d100000.txt;0.008765
decrescentes;d100000.txt;0.008929
decrescentes;d100000.txt;0.009438
decrescentes;d100000.txt;0.009484
decrescentes;d100000.txt;0.009306
decrescentes;d100000.txt;0.009118
decrescentes;d100000.txt;0.009695
decrescentes;d100000.txt;0.009179
decrescentes;d100000.txt;0.008960
decrescentes;d100000.txt;0.010228
decrescentes;d100000.txt;0.009242
decrescentes;d200000.txt;0.018086
decrescentes;d200000.txt;0.017917
decrescentes;d200000.txt;0.017811
decrescentes;d200000.txt;0.018070
decrescentes;d200000.txt;0.017845
decrescentes;d200000.txt;0.017845
decrescentes;d200000.txt;0.018008
decrescentes;d200000.txt;0.017893
decrescentes;d200000.txt;0.017896
decrescentes;d200000.txt;0.020043
decrescentes;d200000.txt;0.018447
decrescentes;d200000.txt;0.017947
decrescentes;d200000.txt;0.017693
decrescentes;d200000.txt;0.017905
decrescentes;d200000.txt;0.017907
decrescentes;d200000.txt;0.017832
decrescentes;d200000.txt;0.017883
decrescentes;d200000.txt;0.017928
decrescentes;d200000.txt;0.017922
decrescentes;d200000.txt;0.017908
decrescentes;d200000.txt;0.017983
decrescentes;d200000.txt;0.017756
decrescentes;d200000.txt;0.017996
decrescentes;d200000.txt;0.017975
decrescentes;d200000.txt;0.017760
decrescentes;d200000.txt;0.018001
decrescentes;d200000.txt;0.017854
decrescentes;d200000.txt;0.017861
decrescentes;d200000.txt;0.017839
decrescentes;d200000.txt;0.017819
decrescentes;d500000.txt;0.045952
decrescentes;d500000.txt;0.047130
decrescentes;d500000.txt;0.045711
decrescentes;d500000.txt;0.046093
decrescentes;d500000.txt;0.045759
decrescentes;d500000.txt;0.045749
decrescentes;d500000.txt;0.047330
decrescentes;d500000.txt;0.045923
decrescentes;d500000.txt;0.045810
decrescentes;d500000.txt;0.046645
decrescentes;d500000.txt;0.045709
decrescentes;d500000.txt;0.045778
decrescentes;d500000.txt;0.045647
decrescentes;d500000.txt;0.045632
decrescentes;d500000.txt;0.046012
decrescentes;d500000.txt;0.045582
decrescentes;d500000.txt;0.045586
decrescentes;d500000.txt;0.045896
decrescentes;d500000.txt;0.046028
decrescentes;d500000.txt;0.045938
decrescentes;d500000.txt;0.045622
decrescentes;d500000.txt;0.045664
decrescentes;d500000.txt;0.045573
decrescentes;d500000.txt;0.045663
decrescentes;d500000.txt;0.045638
decrescentes;d500000.txt;0.045665
decrescentes;d500000.txt;0.046119
decrescentes;d500000.txt;0.045835
decrescentes;d500000.txt;0.045715
decrescentes;d500000.txt;0.045576
decrescentes;d750000.txt;0.073296
decrescentes;d750000.txt;0.073351
decrescentes;d750000.txt;0.073621
decrescentes;d750000.txt;0.073690
decrescentes;d750000.txt;0.074230
decrescentes;d750000.txt;0.074369
decrescentes;d750000.txt;0.074159
decrescentes;d750000.txt;0.074288
decrescentes;d750000.txt;0.074239
decrescentes;d750000.txt;0.074267
decrescentes;d750000.txt;0.074283
decrescentes;d750000.txt;0.074357
decrescentes;d750000.txt;0.074858
decrescentes;d750000.txt;0.074699
decrescentes;d750000.txt;0.074331
decrescentes;d750000.txt;0.074286
decrescentes;d750000.txt;0.074789
decrescentes;d750000.txt;0.074208
decrescentes;d750000.txt;0.074567
decrescentes;d750000.txt;0.074057
decrescentes;d750000.txt;0.074516
decrescentes;d750000.txt;0.074919
decrescentes;d750000.txt;0.074388
decrescentes;d750000.txt;0.074245
decrescentes;d750000.txt;0.074279
decrescentes;d750000.txt;0.073965
decrescentes;d750000.txt;0.074379
decrescentes;d750000.txt;0.074229
decrescentes;d750000.txt;0.074384
decrescentes;d750000.txt;0.074293
decrescentes;d1000000.txt;0.097358
decrescentes;d1000000.txt;0.097004
decrescentes;d1000000.txt;0.097348
decrescentes;d1000000.txt;0.097657
decrescentes;d1000000.txt;0.098177
decrescentes;d1000000.txt;0.097985
decrescentes;d1000000.txt;0.097616
decrescentes;d1000000.txt;0.097380
decrescentes;d1000000.txt;0.098907
decrescentes;d1000000.txt;0.097450
decrescentes;d1000000.txt;0.098010
decrescentes;d1000000.txt;0.097250
decrescentes;d1000000.txt;0.097183
decrescentes;d1000000.txt;0.097807
decrescentes;d1000000.txt;0.097291
decrescentes;d1000000.txt;0.097625
decrescentes;d1000000.txt;0.097520
decrescentes;d1000000.txt;0.097999
decrescentes;d1000000.txt;0.097738
decrescentes;d1000000.txt;0.097450
decrescentes;d1000000.txt;0.097487
decrescentes;d1000000.txt;0.097084
decrescentes;d1000000.txt;0.097504
decrescentes;d1000000.txt;0.097887
decrescentes;d1000000.txt;0.097652
decrescentes;d1000000.txt;0.097513
decrescentes;d1000000.txt;0.097908
decrescentes;d1000000.txt;0.097566
decrescentes;d1000000.txt;0.098223
decrescentes;d1000000.txt;0.098620
decrescentes;d1250000.txt;0.136264
decrescentes;d1250000.txt;0.133600
decrescentes;d1250000.txt;0.134136
decrescentes;d1250000.txt;0.134675
decrescentes;d1250000.txt;0.133938
decrescentes;d1250000.txt;0.133956
decrescentes;d1250000.txt;0.134472
decrescentes;d1250000.txt;0.134056
decrescentes;d1250000.txt;0.134637
decrescentes;d1250000.txt;0.133368
decrescentes;d1250000.txt;0.133599
decrescentes;d1250000.txt;0.133188
decrescentes;d1250000.txt;0.134505
decrescentes;d1250000.txt;0.134282
decrescentes;d1250000.txt;0.133738
decrescentes;d1250000.txt;0.133553
decrescentes;d1250000.txt;0.133561
decrescentes;d1250000.txt;0.134657
decrescentes;d1250000.txt;0.134200
decrescentes;d1250000.txt;0.133186
decrescentes;d1250000.txt;0.133182
decrescentes;d1250000.txt;0.133637
decrescentes;d1250000.txt;0.133549
decrescentes;d1250000.txt;0.134342
decrescentes;d1250000.txt;0.133085
decrescentes;d1250000.txt;0.133436
decrescentes;d1250000.txt;0.133558
decrescentes;d1250000.txt;0.133899
decrescentes;d1250000.txt;0.133076
decrescentes;d1250000.txt;0.133706
decrescentes;d1500000.txt;0.159529
decrescentes;d1500000.txt;0.159541
decrescentes;d1500000.txt;0.158228
decrescentes;d1500000.txt;0.157658
decrescentes;d1500000.txt;0.158542
decrescentes;d1500000.txt;0.158218
decrescentes;d1500000.txt;0.158268
decrescentes;d1500000.txt;0.157552
decrescentes;d1500000.txt;0.157602
decrescentes;d1500000.txt;0.158158
decrescentes;d1500000.txt;0.158124
decrescentes;d1500000.txt;0.157664
decrescentes;d1500000.txt;0.158113
decrescentes;d1500000.txt;0.157821
decrescentes;d1500000.txt;0.157352
decrescentes;d1500000.txt;0.158300
decrescentes;d1500000.txt;0.157675
decrescentes;d1500000.txt;0.157695
decrescentes;d1500000.txt;0.159025
decrescentes;d1500000.txt;0.157795
decrescentes;d1500000.txt;0.158564
decrescentes;d1500000.txt;0.158081
decrescentes;d1500000.txt;0.157722
decrescentes;d1500000.txt;0.159303
decrescentes;d1500000.txt;0.158427
decrescentes;d1500000.txt;0.158883
decrescentes;d1500000.txt;0.157804
decrescentes;d1500000.txt;0.158355
decrescentes;d1500000.txt;0.158994
decrescentes;d1500000.txt;0.158608
decrescentes;d2000000.txt;0.206114
decrescentes;d2000000.txt;0.206457
decrescentes;d2000000.txt;0.205963
decrescentes;d2000000.txt;0.207045
decrescentes;d2000000.txt;0.206303
decrescentes;d2000000.txt;0.205884
decrescentes;d2000000.txt;0.206050
decrescentes;d2000000.txt;0.205249
decrescentes;d2000000.txt;0.206385
decrescentes;d2000000.txt;0.206057
decrescentes;d2000000.txt;0.206949
decrescentes;d2000000.txt;0.205185
decrescentes;d2000000.txt;0.206702
decrescentes;d2000000.txt;0.206115
decrescentes;d2000000.txt;0.206889
decrescentes;d2000000.txt;0.206765
decrescentes;d2000000.txt;0.206386
decrescentes;d2000000.txt;0.206020
decrescentes;d2000000.txt;0.206469
decrescentes;d2000000.txt;0.207198
decrescentes;d2000000.txt;0.206203
decrescentes;d2000000.txt;0.207394
decrescentes;d2000000.txt;0.206104
decrescentes;d2000000.txt;0.206881
decrescentes;d2000000.txt;0.206299
decrescentes;d2000000.txt;0.206759
decrescentes;d2000000.txt;0.207737
decrescentes;d2000000.txt;0.206849
decrescentes;d2000000.txt;0.207315
decrescentes;d2000000.txt;0.207209
