Pasta;Arquivo;Tempo_Segundos
decrescentes;d100.txt;0.000002
decrescentes;d100.txt;0.000002
decrescentes;d100.txt;0.000002
decrescentes;d100.txt;0.000002
decrescentes;d100.txt;0.000002
decrescentes;d100.txt;0.000001
decrescentes;d100.txt;0.000002
decrescentes;d100.txt;0.000002
decrescentes;d100.txt;0.000002
decrescentes;d100.txt;0.000002
decrescentes;d100.txt;0.000002
decrescentes;d100.txt;0.000002
decrescentes;d100.txt;0.000002
decrescentes;d100.txt;0.000001
decrescentes;d100.txt;0.000001
decrescentes;d100.txt;0.000001
decrescentes;d100.txt;0.000001
decrescentes;d100.txt;0.000002
decrescentes;d100.txt;0.000002
decrescentes;d100.txt;0.000002
decrescentes;d100.txt;0.000002
decrescentes;d100.txt;0.000002
decrescentes;d100.txt;0.000002
decrescentes;d100.txt;0.000003
decrescentes;d100.txt;0.000003
decrescentes;d100.txt;0.000003
decrescentes;d100.txt;0.000002
decrescentes;d100.txt;0.000003
decrescentes;d100.txt;0.000003
decrescentes;d100.txt;0.000004
decrescentes;d200.txt;0.000013
decrescentes;d200.txt;0.000013
decrescentes;d200.txt;0.000013
decrescentes;d200.txt;0.000013
decrescentes;d200.txt;0.000014
decrescentes;d200.txt;0.000013
decrescentes;d200.txt;0.000013
decrescentes;d200.txt;0.000014
decrescentes;d200.txt;0.000013
decrescentes;d200.txt;0.000014
decrescentes;d200.txt;0.000013
decrescentes;d200.txt;0.000013
decrescentes;d200.txt;0.000013
decrescentes;d200.txt;0.000013
decrescentes;d200.txt;0.000013
decrescentes;d200.txt;0.000013
decrescentes;d200.txt;0.000013
decrescentes;d200.txt;0.000013
decrescentes;d200.txt;0.000013
decrescentes;d200.txt;0.000013
decrescentes;d200.txt;0.000077
decrescentes;d200.txt;0.000013
decrescentes;d200.txt;0.000013
decrescentes;d200.txt;0.000013
decrescentes;d200.txt;0.000014
decrescentes;d200.txt;0.000013
decrescentes;d200.txt;0.000014
decrescentes;d200.txt;0.000019
decrescentes;d200.txt;0.000013
decrescentes;d200.txt;0.000013
decrescentes;d500.txt;0.000045
decrescentes;d500.txt;0.000044
decrescentes;d500.txt;0.000046
decrescentes;d500.txt;0.000046
decrescentes;d500.txt;0.000045
decrescentes;d500.txt;0.000045
decrescentes;d500.txt;0.000046
decrescentes;d500.txt;0.000046
decrescentes;d500.txt;0.000046
decrescentes;d500.txt;0.000049
decrescentes;d500.txt;0.000048
decrescentes;d500.txt;0.000050
decrescentes;d500.txt;0.000046
decrescentes;d500.txt;0.000047
decrescentes;d500.txt;0.000046
decrescentes;d500.txt;0.000049
decrescentes;d500.txt;0.000045
decrescentes;d500.txt;0.000046
decrescentes;d500.txt;0.000044
decrescentes;d500.txt;0.000044
decrescentes;d500.txt;0.000046
decrescentes;d500.txt;0.000046
decrescentes;d500.txt;0.000046
decrescentes;d500.txt;0.000050
decrescentes;d500.txt;0.000052
decrescentes;d500.txt;0.000045
decrescentes;d500.txt;0.000047
decrescentes;d500.txt;0.000046
decrescentes;d500.txt;0.000047
decrescentes;d500.txt;0.000046
decrescentes;d1000.txt;0.000127
decrescentes;d1000.txt;0.000137
decrescentes;d1000.txt;0.000136
decrescentes;d1000.txt;0.000132
decrescentes;d1000.txt;0.000133
decrescentes;d1000.txt;0.000144
decrescentes;d1000.txt;0.000132
decrescentes;d1000.txt;0.000127
decrescentes;d1000.txt;0.000137
decrescentes;d1000.txt;0.000128
decrescentes;d1000.txt;0.000146
decrescentes;d1000.txt;0.000138
decrescentes;d1000.txt;0.000134
decrescentes;d1000.txt;0.000126
decrescentes;d1000.txt;0.000133
decrescentes;d1000.txt;0.000137
decrescentes;d1000.txt;0.000127
decrescentes;d1000.txt;0.000133
decrescentes;d1000.txt;0.000128
decrescentes;d1000.txt;0.000134
decrescentes;d1000.txt;0.000213
decrescentes;d1000.txt;0.000133
decrescentes;d1000.txt;0.000135
decrescentes;d1000.txt;0.000131
decrescentes;d1000.txt;0.000131
decrescentes;d1000.txt;0.000133
decrescentes;d1000.txt;0.000133
decrescentes;d1000.txt;0.000133
decrescentes;d1000.txt;0.000134
decrescentes;d1000.txt;0.000130
decrescentes;d2000.txt;0.000353
decrescentes;d2000.txt;0.000333
decrescentes;d2000.txt;0.000362
decrescentes;d2000.txt;0.000324
decrescentes;d2000.txt;0.000340
decrescentes;d2000.txt;0.000354
decrescentes;d2000.txt;0.000337
decrescentes;d2000.txt;0.000325
decrescentes;d2000.txt;0.000369
decrescentes;d2000.txt;0.000336
decrescentes;d2000.txt;0.000347
decrescentes;d2000.txt;0.000343
decrescentes;d2000.txt;0.000366
decrescentes;d2000.txt;0.000320
decrescentes;d2000.txt;0.000337
decrescentes;d2000.txt;0.000351
decrescentes;d2000.txt;0.000358
decrescentes;d2000.txt;0.000321
decrescentes;d2000.txt;0.000341
decrescentes;d2000.txt;0.000355
decrescentes;d2000.txt;0.000429
decrescentes;d2000.txt;0.000339
decrescentes;d2000.txt;0.000340
decrescentes;d2000.txt;0.000341
decrescentes;d2000.txt;0.000361
decrescentes;d2000.txt;0.000348
decrescentes;d2000.txt;0.000358
decrescentes;d2000.txt;0.000362
decrescentes;d2000.txt;0.000333
decrescentes;d2000.txt;0.000355
decrescentes;d5000.txt;0.000891
decrescentes;d5000.txt;0.000900
decrescentes;d5000.txt;0.001019
decrescentes;d5000.txt;0.000976
decrescentes;d5000.txt;0.000903
decrescentes;d5000.txt;0.000901
decrescentes;d5000.txt;0.000904
decrescentes;d5000.txt;0.000901
decrescentes;d5000.txt;0.000926
decrescentes;d5000.txt;0.000978
decrescentes;d5000.txt;0.000932
decrescentes;d5000.txt;0.000875
decrescentes;d5000.txt;0.000902
decrescentes;d5000.txt;0.000889
decrescentes;d5000.txt;0.000902
decrescentes;d5000.txt;0.000891
decrescentes;d5000.txt;0.000882
decrescentes;d5000.txt;0.000955
decrescentes;d5000.txt;0.000912
decrescentes;d5000.txt;0.000879
decrescentes;d5000.txt;0.000905
decrescentes;d5000.txt;0.000931
decrescentes;d5000.txt;0.000962
decrescentes;d5000.txt;0.000899
decrescentes;d5000.txt;0.000932
decrescentes;d5000.txt;0.000948
decrescentes;d5000.txt;0.000931
decrescentes;d5000.txt;0.000922
decrescentes;d5000.txt;0.000911
decrescentes;d5000.txt;0.000916
decrescentes;d7500.txt;0.001395
decrescentes;d7500.txt;0.001398
decrescentes;d7500.txt;0.001375
decrescentes;d7500.txt;0.001373
decrescentes;d7500.txt;0.001464
decrescentes;d7500.txt;0.001475
decrescentes;d7500.txt;0.001458
decrescentes;d7500.txt;0.001452
decrescentes;d7500.txt;0.001438
decrescentes;d7500.txt;0.001416
decrescentes;d7500.txt;0.001445
decrescentes;d7500.txt;0.001430
decrescentes;d7500.txt;0.001434
decrescentes;d7500.txt;0.001456
decrescentes;d7500.txt;0.001374
decrescentes;d7500.txt;0.001366
decrescentes;d7500.txt;0.001407
decrescentes;d7500.txt;0.001472
decrescentes;d7500.txt;0.001432
decrescentes;d7500.txt;0.001427
decrescentes;d7500.txt;0.001455
decrescentes;d7500.txt;0.001428
decrescentes;d7500.txt;0.001549
decrescentes;d7500.txt;0.001395
decrescentes;d7500.txt;0.001392
decrescentes;d7500.txt;0.001470
decrescentes;d7500.txt;0.001402
decrescentes;d7500.txt;0.001517
decrescentes;d7500.txt;0.001467
decrescentes;d7500.txt;0.001262
decrescentes;d10000.txt;0.001975
decrescentes;d10000.txt;0.001963
decrescentes;d10000.txt;0.001707
decrescentes;d10000.txt;0.001721
decrescentes;d10000.txt;0.001894
decrescentes;d10000.txt;0.001506
decrescentes;d10000.txt;0.000826
decrescentes;d10000.txt;0.000646
decrescentes;d10000.txt;0.000687
decrescentes;d10000.txt;0.000772
decrescentes;d10000.txt;0.000659
decrescentes;d10000.txt;0.000653
decrescentes;d10000.txt;0.000651
decrescentes;d10000.txt;0.000659
decrescentes;d10000.txt;0.001073
decrescentes;d10000.txt;0.001931
decrescentes;d10000.txt;0.001826
decrescentes;d10000.txt;0.001839
decrescentes;d10000.txt;0.001797
decrescentes;d10000.txt;0.001816
decrescentes;d10000.txt;0.001321
decrescentes;d10000.txt;0.001875
decrescentes;d10000.txt;0.001351
decrescentes;d10000.txt;0.001788
decrescentes;d10000.txt;0.001121
decrescentes;d10000.txt;0.000997
decrescentes;d10000.txt;0.001483
decrescentes;d10000.txt;0.001178
decrescentes;d10000.txt;0.001734
decrescentes;d10000.txt;0.001724
decrescentes;d15000.txt;0.002881
decrescentes;d15000.txt;0.002914
decrescentes;d15000.txt;0.002892
decrescentes;d15000.txt;0.002456
decrescentes;d15000.txt;0.002534
decrescentes;d15000.txt;0.002202
decrescentes;d15000.txt;0.002548
decrescentes;d15000.txt;0.002760
decrescentes;d15000.txt;0.002796
decrescentes;d15000.txt;0.002129
decrescentes;d15000.txt;0.002617
decrescentes;d15000.txt;0.002647
decrescentes;d15000.txt;0.002656
decrescentes;d15000.txt;0.001007
decrescentes;d15000.txt;0.002263
decrescentes;d15000.txt;0.001104
decrescentes;d15000.txt;0.002832
decrescentes;d15000.txt;0.002786
decrescentes;d15000.txt;0.001935
decrescentes;d15000.txt;0.003025
decrescentes;d15000.txt;0.002806
decrescentes;d15000.txt;0.002964
decrescentes;d15000.txt;0.002747
decrescentes;d15000.txt;0.002837
decrescentes;d15000.txt;0.002897
decrescentes;d15000.txt;0.002624
decrescentes;d15000.txt;0.002922
decrescentes;d15000.txt;0.002812
decrescentes;d15000.txt;0.002777
decrescentes;d15000.txt;0.002856
decrescentes;d30000.txt;0.004703
decrescentes;d30000.txt;0.002485
decrescentes;d30000.txt;0.003949
decrescentes;d30000.txt;0.003274
decrescentes;d30000.txt;0.003273
decrescentes;d30000.txt;0.003878
decrescentes;d30000.txt;0.003005
decrescentes;d30000.txt;0.005312
decrescentes;d30000.txt;0.002421
decrescentes;d30000.txt;0.003880
decrescentes;d30000.txt;0.003293
decrescentes;d30000.txt;0.002181
decrescentes;d30000.txt;0.002477
decrescentes;d30000.txt;0.002110
decrescentes;d30000.txt;0.002483
decrescentes;d30000.txt;0.003983
decrescentes;d30000.txt;0.004054
decrescentes;d30000.txt;0.005311
decrescentes;d30000.txt;0.003597
decrescentes;d30000.txt;0.002087
decrescentes;d30000.txt;0.003968
decrescentes;d30000.txt;0.002874
decrescentes;d30000.txt;0.002417
decrescentes;d30000.txt;0.002025
decrescentes;d30000.txt;0.003816
decrescentes;d30000.txt;0.003944
decrescentes;d30000.txt;0.001997
decrescentes;d30000.txt;0.003138
decrescentes;d30000.txt;0.003315
decrescentes;d30000.txt;0.002224
decrescentes;d50000.txt;0.003142
decrescentes;d50000.txt;0.003143
decrescentes;d50000.txt;0.004794
decrescentes;d50000.txt;0.003166
decrescentes;d50000.txt;0.003057
decrescentes;d50000.txt;0.003226
decrescentes;d50000.txt;0.003031
decrescentes;d50000.txt;0.003086
decrescentes;d50000.txt;0.003190
decrescentes;d50000.txt;0.003210
decrescentes;d50000.txt;0.003017
decrescentes;d50000.txt;0.003198
decrescentes;d50000.txt;0.003085
decrescentes;d50000.txt;0.003596
decrescentes;d50000.txt;0.005396
decrescentes;d50000.txt;0.005647
decrescentes;d50000.txt;0.003232
decrescentes;d50000.txt;0.003624
decrescentes;d50000.txt;0.004958
decrescentes;d50000.txt;0.003257
decrescentes;d50000.txt;0.003249
decrescentes;d50000.txt;0.003035
decrescentes;d50000.txt;0.003188
decrescentes;d50000.txt;0.003096
decrescentes;d50000.txt;0.004692
decrescentes;d50000.txt;0.004656
decrescentes;d50000.txt;0.003096
decrescentes;d50000.txt;0.003515
decrescentes;d50000.txt;0.004543
decrescentes;d50000.txt;0.004201
decrescentes;d75000.txt;0.003740
decrescentes;d75000.txt;0.003924
decrescentes;d75000.txt;0.003762
decrescentes;d75000.txt;0.005202
decrescentes;d75000.txt;0.003942
decrescentes;d75000.txt;0.003693
decrescentes;d75000.txt;0.003705
decrescentes;d75000.txt;0.003860
decrescentes;d75000.txt;0.003617
decrescentes;d75000.txt;0.003942
decrescentes;d75000.txt;0.003600
decrescentes;d75000.txt;0.003594
decrescentes;d75000.txt;0.004118
decrescentes;d75000.txt;0.003715
decrescentes;d75000.txt;0.003652
decrescentes;d75000.txt;0.003759
decrescentes;d75000.txt;0.003622
decrescentes;d75000.txt;0.003973
decrescentes;d75000.txt;0.003637
decrescentes;d75000.txt;0.003766
decrescentes;d75000.txt;0.003594
decrescentes;d75000.txt;0.003594
decrescentes;d75000.txt;0.003782
decrescentes;d75000.txt;0.003600
decrescentes;d75000.txt;0.003739
decrescentes;d75000.txt;0.004837
decrescentes;d75000.txt;0.004170
decrescentes;d75000.txt;0.003711
decrescentes;d75000.txt;0.003624
decrescentes;d75000.txt;0.003834
decrescentes;d100000.txt;0.004387
decrescentes;d100000.txt;0.004361
decrescentes;d100000.txt;0.004377
decrescentes;d100000.txt;0.004406
decrescentes;d100000.txt;0.004469
decrescentes;d100000.txt;0.004367
decrescentes;d100000.txt;0.004433
decrescentes;d100000.txt;0.004601
decrescentes;d100000.txt;0.004657
decrescentes;d100000.txt;0.004377
decrescentes;d100000.txt;0.004375
decrescentes;d100000.txt;0.004471
decrescentes;d100000.txt;0.004339
decrescentes;d100000.txt;0.004719
decrescentes;d100000.txt;0.004418
decrescentes;d100000.txt;0.004612
decrescentes;d100000.txt;0.004389
decrescentes;d100000.txt;0.004380
decrescentes;d100000.txt;0.004784
decrescentes;d100000.txt;0.004329
decrescentes;d100000.txt;0.004367
decrescentes;d100000.txt;0.004566
decrescentes;d100000.txt;0.004363
decrescentes;d100000.txt;0.004311
decrescentes;d100000.txt;0.004341
decrescentes;d100000.txt;0.004490
decrescentes;d100000.txt;0.004457
decrescentes;d100000.txt;0.004800
decrescentes;d100000.txt;0.004346
decrescentes;d100000.txt;0.004490
decrescentes;d200000.txt;0.008927
decrescentes;d200000.txt;0.008753
decrescentes;d200000.txt;0.008812
decrescentes;d200000.txt;0.008660
decrescentes;d200000.txt;0.009236
decrescentes;d200000.txt;0.008821
decrescentes;d200000.txt;0.008828
decrescentes;d200000.txt;0.009036
decrescentes;d200000.txt;0.008816
decrescentes;d200000.txt;0.008948
decrescentes;d200000.txt;0.009117
decrescentes;d200000.txt;0.009005
decrescentes;d200000.txt;0.009101
decrescentes;d200000.txt;0.008916
decrescentes;d200000.txt;0.008750
decrescentes;d200000.txt;0.009179
decrescentes;d200000.txt;0.008925
decrescentes;d200000.txt;0.008735
decrescentes;d200000.txt;0.009466
decrescentes;d200000.txt;0.008926
decrescentes;d200000.txt;0.008742
decrescentes;d200000.txt;0.008843
decrescentes;d200000.txt;0.008762
decrescentes;d200000.txt;0.008591
decrescentes;d200000.txt;0.009086
decrescentes;d200000.txt;0.008704
decrescentes;d200000.txt;0.009197
decrescentes;d200000.txt;0.010014
decrescentes;d200000.txt;0.008964
decrescentes;d200000.txt;0.008792
decrescentes;d500000.txt;0.023674
decrescentes;d500000.txt;0.024444
decrescentes;d500000.txt;0.024226
decrescentes;d500000.txt;0.023583
decrescentes;d500000.txt;0.024351
decrescentes;d500000.txt;0.023642
decrescentes;d500000.txt;0.023984
decrescentes;d500000.txt;0.023324
decrescentes;d500000.txt;0.023525
decrescentes;d500000.txt;0.023714
decrescentes;d500000.txt;0.024536
decrescentes;d500000.txt;0.023053
decrescentes;d500000.txt;0.024284
decrescentes;d500000.txt;0.023525
decrescentes;d500000.txt;0.023416
decrescentes;d500000.txt;0.023764
decrescentes;d500000.txt;0.023870
decrescentes;d500000.txt;0.023488
decrescentes;d500000.txt;0.023415
decrescentes;d500000.txt;0.024716
decrescentes;d500000.txt;0.023818
decrescentes;d500000.txt;0.023627
decrescentes;d500000.txt;0.023319
decrescentes;d500000.txt;0.024601
decrescentes;d500000.txt;0.023457
decrescentes;d500000.txt;0.023664
decrescentes;d500000.txt;0.023352
decrescentes;d500000.txt;0.023509
decrescentes;d500000.txt;0.023934
decrescentes;d500000.txt;0.023820
decrescentes;d750000.txt;0.036189
decrescentes;d750000.txt;0.034384
decrescentes;d750000.txt;0.036198
decrescentes;d750000.txt;0.034908
decrescentes;d750000.txt;0.034875
decrescentes;d750000.txt;0.034742
decrescentes;d750000.txt;0.035815
decrescentes;d750000.txt;0.035247
decrescentes;d750000.txt;0.036208
decrescentes;d750000.txt;0.035637
decrescentes;d750000.txt;0.036475
decrescentes;d750000.txt;0.035896
decrescentes;d750000.txt;0.036864
decrescentes;d750000.txt;0.035663
decrescentes;d750000.txt;0.035701
decrescentes;d750000.txt;0.036692
decrescentes;d750000.txt;0.035220
decrescentes;d750000.txt;0.035373
decrescentes;d750000.txt;0.035617
decrescentes;d750000.txt;0.034613
decrescentes;d750000.txt;0.035271
decrescentes;d750000.txt;0.035446
decrescentes;d750000.txt;0.036734
decrescentes;d750000.txt;0.035931
decrescentes;d750000.txt;0.035087
decrescentes;d750000.txt;0.037078
decrescentes;d750000.txt;0.034830
decrescentes;d750000.txt;0.035374
decrescentes;d750000.txt;0.034492
decrescentes;d750000.txt;0.036388
decrescentes;d1000000.txt;0.043197
decrescentes;d1000000.txt;0.043386
decrescentes;d1000000.txt;0.042770
decrescentes;d1000000.txt;0.042409
decrescentes;d1000000.txt;0.042753
decrescentes;d1000000.txt;0.041452
decrescentes;d1000000.txt;0.041558
decrescentes;d1000000.txt;0.042889
decrescentes;d1000000.txt;0.042088
decrescentes;d1000000.txt;0.042092
decrescentes;d1000000.txt;0.041602
decrescentes;d1000000.txt;0.041455
decrescentes;d1000000.txt;0.042502
decrescentes;d1000000.txt;0.043758
decrescentes;d1000000.txt;0.043105
decrescentes;d1000000.txt;0.042846
decrescentes;d1000000.txt;0.041673
decrescentes;d1000000.txt;0.041586
decrescentes;d1000000.txt;0.044364
decrescentes;d1000000.txt;0.041903
decrescentes;d1000000.txt;0.041876
decrescentes;d1000000.txt;0.041142
decrescentes;d1000000.txt;0.041474
decrescentes;d1000000.txt;0.041726
decrescentes;d1000000.txt;0.043894
decrescentes;d1000000.txt;0.042253
decrescentes;d1000000.txt;0.044201
decrescentes;d1000000.txt;0.043333
decrescentes;d1000000.txt;0.041740
decrescentes;d1000000.txt;0.043121
decrescentes;d1250000.txt;0.052350
decrescentes;d1250000.txt;0.049508
decrescentes;d1250000.txt;0.051595
decrescentes;d1250000.txt;0.049917
decrescentes;d1250000.txt;0.050125
decrescentes;d1250000.txt;0.051857
decrescentes;d1250000.txt;0.049486
decrescentes;d1250000.txt;0.049966
decrescentes;d1250000.txt;0.049303
decrescentes;d1250000.txt;0.049193
decrescentes;d1250000.txt;0.051061
decrescentes;d1250000.txt;0.049866
decrescentes;d1250000.txt;0.049266
decrescentes;d1250000.txt;0.051283
decrescentes;d1250000.txt;0.049822
decrescentes;d1250000.txt;0.050094
decrescentes;d1250000.txt;0.049328
decrescentes;d1250000.txt;0.049678
decrescentes;d1250000.txt;0.049626
decrescentes;d1250000.txt;0.050760
decrescentes;d1250000.txt;0.049979
decrescentes;d1250000.txt;0.049588
decrescentes;d1250000.txt;0.049607
decrescentes;d1250000.txt;0.052183
decrescentes;d1250000.txt;0.050888
decrescentes;d1250000.txt;0.049748
decrescentes;d1250000.txt;0.049774
decrescentes;d1250000.txt;0.049610
decrescentes;d1250000.txt;0.050444
decrescentes;d1250000.txt;0.050473
decrescentes;d1500000.txt;0.067140
decrescentes;d1500000.txt;0.066121
decrescentes;d1500000.txt;0.066716
decrescentes;d1500000.txt;0.067737
decrescentes;d1500000.txt;0.068042
decrescentes;d1500000.txt;0.067517
decrescentes;d1500000.txt;0.068504
decrescentes;d1500000.txt;0.067530
decrescentes;d1500000.txt;0.067362
decrescentes;d1500000.txt;0.066623
decrescentes;d1500000.txt;0.067657
decrescentes;d1500000.txt;0.066244
decrescentes;d1500000.txt;0.068588
decrescentes;d1500000.txt;0.067041
decrescentes;d1500000.txt;0.067167
decrescentes;d1500000.txt;0.068894
decrescentes;d1500000.txt;0.069324
decrescentes;d1500000.txt;0.067539
decrescentes;d1500000.txt;0.067496
decrescentes;d1500000.txt;0.069524
decrescentes;d1500000.txt;0.067494
decrescentes;d1500000.txt;0.067128
decrescentes;d1500000.txt;0.066919
decrescentes;d1500000.txt;0.068128
decrescentes;d1500000.txt;0.068322
decrescentes;d1500000.txt;0.066952
decrescentes;d1500000.txt;0.067292
decrescentes;d1500000.txt;0.066657
decrescentes;d1500000.txt;0.067489
decrescentes;d1500000.txt;0.067330
decrescentes;d2000000.txt;0.078517
decrescentes;d2000000.txt;0.080070
decrescentes;d2000000.txt;0.081027
decrescentes;d2000000.txt;0.079000
decrescentes;d2000000.txt;0.079950
decrescentes;d2000000.txt;0.080147
decrescentes;d2000000.txt;0.079466
decrescentes;d2000000.txt;0.080438
decrescentes;d2000000.txt;0.078935
decrescentes;d2000000.txt;0.080231
decrescentes;d2000000.txt;0.080808
decrescentes;d2000000.txt;0.079696
decrescentes;d2000000.txt;0.081920
decrescentes;d2000000.txt;0.079244
decrescentes;d2000000.txt;0.079184
decrescentes;d2000000.txt;0.078922
decrescentes;d2000000.txt;0.082827
decrescentes;d2000000.txt;0.079956
decrescentes;d2000000.txt;0.082763
decrescentes;d2000000.txt;0.079421
decrescentes;d2000000.txt;0.081386
decrescentes;d2000000.txt;0.083544
decrescentes;d2000000.txt;0.079414
decrescentes;d2000000.txt;0.078539
decrescentes;d2000000.txt;0.079960
decrescentes;d2000000.txt;0.079001
decrescentes;d2000000.txt;0.081552
decrescentes;d2000000.txt;0.079495
decrescentes;d2000000.txt;0.079674
decrescentes;d2000000.txt;0.079051
