decrescentes;d100.txt;0.000011
decrescentes;d100.txt;0.000013
decrescentes;d100.txt;0.000012
decrescentes;d100.txt;0.000014
decrescentes;d100.txt;0.000012
decrescentes;d100.txt;0.000014
decrescentes;d100.txt;0.000011
decrescentes;d100.txt;0.000012
decrescentes;d100.txt;0.000012
decrescentes;d100.txt;0.000014
decrescentes;d100.txt;0.000011
decrescentes;d100.txt;0.000012
decrescentes;d100.txt;0.000011
decrescentes;d100.txt;0.000019
decrescentes;d100.txt;0.000014
decrescentes;d100.txt;0.000016
decrescentes;d100.txt;0.000012
decrescentes;d100.txt;0.000012
decrescentes;d100.txt;0.000011
decrescentes;d100.txt;0.000011
decrescentes;d100.txt;0.000014
decrescentes;d100.txt;0.000018
decrescentes;d100.txt;0.000014
decrescentes;d100.txt;0.000014
decrescentes;d100.txt;0.000011
decrescentes;d100.txt;0.000012
decrescentes;d100.txt;0.000014
decrescentes;d100.txt;0.000014
decrescentes;d100.txt;0.000014
decrescentes;d100.txt;0.000011
decrescentes;d200.txt;0.000017
decrescentes;d200.txt;0.000019
decrescentes;d200.txt;0.000017
decrescentes;d200.txt;0.000019
decrescentes;d200.txt;0.000017
decrescentes;d200.txt;0.000017
decrescentes;d200.txt;0.000017
decrescentes;d200.txt;0.000020
decrescentes;d200.txt;0.000017
decrescentes;d200.txt;0.000017
decrescentes;d200.txt;0.000017
decrescentes;d200.txt;0.000017
decrescentes;d200.txt;0.000020
decrescentes;d200.txt;0.000019
decrescentes;d200.txt;0.000017
decrescentes;d200.txt;0.000017
decrescentes;d200.txt;0.000017
decrescentes;d200.txt;0.000016
decrescentes;d200.txt;0.000016
decrescentes;d200.txt;0.000019
decrescentes;d200.txt;0.000017
decrescentes;d200.txt;0.000017
decrescentes;d200.txt;0.000017
decrescentes;d200.txt;0.000017
decrescentes;d200.txt;0.000017
decrescentes;d200.txt;0.000017
decrescentes;d200.txt;0.000020
decrescentes;d200.txt;0.000017
decrescentes;d200.txt;0.000017
decrescentes;d200.txt;0.000016
decrescentes;d500.txt;0.000050
decrescentes;d500.txt;0.000054
decrescentes;d500.txt;0.000049
decrescentes;d500.txt;0.000051
decrescentes;d500.txt;0.000053
decrescentes;d500.txt;0.000052
decrescentes;d500.txt;0.000055
decrescentes;d500.txt;0.000056
decrescentes;d500.txt;0.000049
decrescentes;d500.txt;0.000050
decrescentes;d500.txt;0.000058
decrescentes;d500.txt;0.000049
decrescentes;d500.txt;0.000053
decrescentes;d500.txt;0.000049
decrescentes;d500.txt;0.000060
decrescentes;d500.txt;0.000057
decrescentes;d500.txt;0.000052
decrescentes;d500.txt;0.000056
decrescentes;d500.txt;0.000049
decrescentes;d500.txt;0.000050
decrescentes;d500.txt;0.000050
decrescentes;d500.txt;0.000051
decrescentes;d500.txt;0.000051
decrescentes;d500.txt;0.000052
decrescentes;d500.txt;0.000053
decrescentes;d500.txt;0.000050
decrescentes;d500.txt;0.000052
decrescentes;d500.txt;0.000057
decrescentes;d500.txt;0.000054
decrescentes;d500.txt;0.000057
decrescentes;d1000.txt;0.000106
decrescentes;d1000.txt;0.000107
decrescentes;d1000.txt;0.000108
decrescentes;d1000.txt;0.000110
decrescentes;d1000.txt;0.000106
decrescentes;d1000.txt;0.000107
decrescentes;d1000.txt;0.000108
decrescentes;d1000.txt;0.000106
decrescentes;d1000.txt;0.000114
decrescentes;d1000.txt;0.000107
decrescentes;d1000.txt;0.000107
decrescentes;d1000.txt;0.000106
decrescentes;d1000.txt;0.000111
decrescentes;d1000.txt;0.000115
decrescentes;d1000.txt;0.000109
decrescentes;d1000.txt;0.000107
decrescentes;d1000.txt;0.000109
decrescentes;d1000.txt;0.000106
decrescentes;d1000.txt;0.000108
decrescentes;d1000.txt;0.000109
decrescentes;d1000.txt;0.000109
decrescentes;d1000.txt;0.000107
decrescentes;d1000.txt;0.000115
decrescentes;d1000.txt;0.000108
decrescentes;d1000.txt;0.000109
decrescentes;d1000.txt;0.000110
decrescentes;d1000.txt;0.000106
decrescentes;d1000.txt;0.000108
decrescentes;d1000.txt;0.000121
decrescentes;d1000.txt;0.000106
decrescentes;d2000.txt;0.000229
decrescentes;d2000.txt;0.000217
decrescentes;d2000.txt;0.000217
decrescentes;d2000.txt;0.000713
decrescentes;d2000.txt;0.000726
decrescentes;d2000.txt;0.000219
decrescentes;d2000.txt;0.000220
decrescentes;d2000.txt;0.000224
decrescentes;d2000.txt;0.000750
decrescentes;d2000.txt;0.000220
decrescentes;d2000.txt;0.000221
decrescentes;d2000.txt;0.000221
decrescentes;d2000.txt;0.000245
decrescentes;d2000.txt;0.000766
decrescentes;d2000.txt;0.000221
decrescentes;d2000.txt;0.000218
decrescentes;d2000.txt;0.000997
decrescentes;d2000.txt;0.000858
decrescentes;d2000.txt;0.000237
decrescentes;d2000.txt;0.000878
decrescentes;d2000.txt;0.000821
decrescentes;d2000.txt;0.000220
decrescentes;d2000.txt;0.000735
decrescentes;d2000.txt;0.000847
decrescentes;d2000.txt;0.000219
decrescentes;d2000.txt;0.000819
decrescentes;d2000.txt;0.000221
decrescentes;d2000.txt;0.000721
decrescentes;d2000.txt;0.000768
decrescentes;d2000.txt;0.000686
decrescentes;d5000.txt;0.000493
decrescentes;d5000.txt;0.000474
decrescentes;d5000.txt;0.000503
decrescentes;d5000.txt;0.000489
decrescentes;d5000.txt;0.000480
decrescentes;d5000.txt;0.000496
decrescentes;d5000.txt;0.000474
decrescentes;d5000.txt;0.000503
decrescentes;d5000.txt;0.000491
decrescentes;d5000.txt;0.000472
decrescentes;d5000.txt;0.000481
decrescentes;d5000.txt;0.000484
decrescentes;d5000.txt;0.000493
decrescentes;d5000.txt;0.000483
decrescentes;d5000.txt;0.000476
decrescentes;d5000.txt;0.000491
decrescentes;d5000.txt;0.000469
decrescentes;d5000.txt;0.000471
decrescentes;d5000.txt;0.000481
decrescentes;d5000.txt;0.000478
decrescentes;d5000.txt;0.000474
decrescentes;d5000.txt;0.000705
decrescentes;d5000.txt;0.000500
decrescentes;d5000.txt;0.000491
decrescentes;d5000.txt;0.000554
decrescentes;d5000.txt;0.000492
decrescentes;d5000.txt;0.000477
decrescentes;d5000.txt;0.000485
decrescentes;d5000.txt;0.000479
decrescentes;d5000.txt;0.000500
decrescentes;d7500.txt;0.000837
decrescentes;d7500.txt;0.000805
decrescentes;d7500.txt;0.000817
decrescentes;d7500.txt;0.000805
decrescentes;d7500.txt;0.000799
decrescentes;d7500.txt;0.000814
decrescentes;d7500.txt;0.000781
decrescentes;d7500.txt;0.000792
decrescentes;d7500.txt;0.000820
decrescentes;d7500.txt;0.000809
decrescentes;d7500.txt;0.000803
decrescentes;d7500.txt;0.000835
decrescentes;d7500.txt;0.000787
decrescentes;d7500.txt;0.000804
decrescentes;d7500.txt;0.000786
decrescentes;d7500.txt;0.000806
decrescentes;d7500.txt;0.000840
decrescentes;d7500.txt;0.000817
decrescentes;d7500.txt;0.000802
decrescentes;d7500.txt;0.000795
decrescentes;d7500.txt;0.000795
decrescentes;d7500.txt;0.000831
decrescentes;d7500.txt;0.000833
decrescentes;d7500.txt;0.000834
decrescentes;d7500.txt;0.000809
decrescentes;d7500.txt;0.000792
decrescentes;d7500.txt;0.000838
decrescentes;d7500.txt;0.000806
decrescentes;d7500.txt;0.000838
decrescentes;d7500.txt;0.000812
decrescentes;d10000.txt;0.001111
decrescentes;d10000.txt;0.001116
decrescentes;d10000.txt;0.001114
decrescentes;d10000.txt;0.001088
decrescentes;d10000.txt;0.001091
decrescentes;d10000.txt;0.001101
decrescentes;d10000.txt;0.001092
decrescentes;d10000.txt;0.001102
decrescentes;d10000.txt;0.001091
decrescentes;d10000.txt;0.001117
decrescentes;d10000.txt;0.001111
decrescentes;d10000.txt;0.001101
decrescentes;d10000.txt;0.001114
decrescentes;d10000.txt;0.001094
decrescentes;d10000.txt;0.001106
decrescentes;d10000.txt;0.001113
decrescentes;d10000.txt;0.001107
decrescentes;d10000.txt;0.001129
decrescentes;d10000.txt;0.001104
decrescentes;d10000.txt;0.001098
decrescentes;d10000.txt;0.001099
decrescentes;d10000.txt;0.001134
decrescentes;d10000.txt;0.001101
decrescentes;d10000.txt;0.001096
decrescentes;d10000.txt;0.001141
decrescentes;d10000.txt;0.001102
decrescentes;d10000.txt;0.001736
decrescentes;d10000.txt;0.001095
decrescentes;d10000.txt;0.001101
decrescentes;d10000.txt;0.001095
decrescentes;d15000.txt;0.001681
decrescentes;d15000.txt;0.001667
decrescentes;d15000.txt;0.001709
decrescentes;d15000.txt;0.001699
decrescentes;d15000.txt;0.001679
decrescentes;d15000.txt;0.001661
decrescentes;d15000.txt;0.001694
decrescentes;d15000.txt;0.001713
decrescentes;d15000.txt;0.001724
decrescentes;d15000.txt;0.001684
decrescentes;d15000.txt;0.001656
decrescentes;d15000.txt;0.001681
decrescentes;d15000.txt;0.001654
decrescentes;d15000.txt;0.001690
decrescentes;d15000.txt;0.001681
decrescentes;d15000.txt;0.001689
decrescentes;d15000.txt;0.001698
decrescentes;d15000.txt;0.001677
decrescentes;d15000.txt;0.001695
decrescentes;d15000.txt;0.001805
decrescentes;d15000.txt;0.001653
decrescentes;d15000.txt;0.001680
decrescentes;d15000.txt;0.001648
decrescentes;d15000.txt;0.001679
decrescentes;d15000.txt;0.001678
decrescentes;d15000.txt;0.001687
decrescentes;d15000.txt;0.001700
decrescentes;d15000.txt;0.001687
decrescentes;d15000.txt;0.001693
decrescentes;d15000.txt;0.001701
decrescentes;d30000.txt;0.002746
decrescentes;d30000.txt;0.002781
decrescentes;d30000.txt;0.003006
decrescentes;d30000.txt;0.002823
decrescentes;d30000.txt;0.002763
decrescentes;d30000.txt;0.002771
decrescentes;d30000.txt;0.002798
decrescentes;d30000.txt;0.002799
decrescentes;d30000.txt;0.003551
decrescentes;d30000.txt;0.002799
decrescentes;d30000.txt;0.002833
decrescentes;d30000.txt;0.002770
decrescentes;d30000.txt;0.002836
decrescentes;d30000.txt;0.002813
decrescentes;d30000.txt;0.002928
decrescentes;d30000.txt;0.002751
decrescentes;d30000.txt;0.002846
decrescentes;d30000.txt;0.003565
decrescentes;d30000.txt;0.002771
decrescentes;d30000.txt;0.002791
decrescentes;d30000.txt;0.002757
decrescentes;d30000.txt;0.002851
decrescentes;d30000.txt;0.002845
decrescentes;d30000.txt;0.002823
decrescentes;d30000.txt;0.002782
decrescentes;d30000.txt;0.002810
decrescentes;d30000.txt;0.002786
decrescentes;d30000.txt;0.002909
decrescentes;d30000.txt;0.002800
decrescentes;d30000.txt;0.002802
decrescentes;d50000.txt;0.005782
decrescentes;d50000.txt;0.005880
decrescentes;d50000.txt;0.004332
decrescentes;d50000.txt;0.004265
decrescentes;d50000.txt;0.006044
decrescentes;d50000.txt;0.005890
decrescentes;d50000.txt;0.006048
decrescentes;d50000.txt;0.005605
decrescentes;d50000.txt;0.005709
decrescentes;d50000.txt;0.005760
decrescentes;d50000.txt;0.005742
decrescentes;d50000.txt;0.005624
decrescentes;d50000.txt;0.005617
decrescentes;d50000.txt;0.005736
decrescentes;d50000.txt;0.005565
decrescentes;d50000.txt;0.005771
decrescentes;d50000.txt;0.004267
decrescentes;d50000.txt;0.005889
decrescentes;d50000.txt;0.005877
decrescentes;d50000.txt;0.005611
decrescentes;d50000.txt;0.004290
decrescentes;d50000.txt;0.005962
decrescentes;d50000.txt;0.005581
decrescentes;d50000.txt;0.004301
decrescentes;d50000.txt;0.005705
decrescentes;d50000.txt;0.004303
decrescentes;d50000.txt;0.005733
decrescentes;d50000.txt;0.005752
decrescentes;d50000.txt;0.004187
decrescentes;d50000.txt;0.004262
decrescentes;d75000.txt;0.006638
decrescentes;d75000.txt;0.005563
decrescentes;d75000.txt;0.005576
decrescentes;d75000.txt;0.005544
decrescentes;d75000.txt;0.005604
decrescentes;d75000.txt;0.005608
decrescentes;d75000.txt;0.005980
decrescentes;d75000.txt;0.005471
decrescentes;d75000.txt;0.005559
decrescentes;d75000.txt;0.005491
decrescentes;d75000.txt;0.005542
decrescentes;d75000.txt;0.005537
decrescentes;d75000.txt;0.005646
decrescentes;d75000.txt;0.005445
decrescentes;d75000.txt;0.005599
decrescentes;d75000.txt;0.005577
decrescentes;d75000.txt;0.005731
decrescentes;d75000.txt;0.005439
decrescentes;d75000.txt;0.005463
decrescentes;d75000.txt;0.005528
decrescentes;d75000.txt;0.005539
decrescentes;d75000.txt;0.005447
decrescentes;d75000.txt;0.005462
decrescentes;d75000.txt;0.005505
decrescentes;d75000.txt;0.005450
decrescentes;d75000.txt;0.005491
decrescentes;d75000.txt;0.005553
decrescentes;d75000.txt;0.005597
decrescentes;d75000.txt;0.005426
decrescentes;d75000.txt;0.005580
decrescentes;d100000.txt;0.007886
decrescentes;d100000.txt;0.008031
decrescentes;d100000.txt;0.008043
decrescentes;d100000.txt;0.008015
decrescentes;d100000.txt;0.008704
decrescentes;d100000.txt;0.007972
decrescentes;d100000.txt;0.008270
decrescentes;d100000.txt;0.008495
decrescentes;d100000.txt;0.008214
decrescentes;d100000.txt;0.008399
decrescentes;d100000.txt;0.008318
decrescentes;d100000.txt;0.007924
decrescentes;d100000.txt;0.007872
decrescentes;d100000.txt;0.008614
decrescentes;d100000.txt;0.008439
decrescentes;d100000.txt;0.008078
decrescentes;d100000.txt;0.007981
decrescentes;d100000.txt;0.008028
decrescentes;d100000.txt;0.007948
decrescentes;d100000.txt;0.008205
decrescentes;d100000.txt;0.008114
decrescentes;d100000.txt;0.008327
decrescentes;d100000.txt;0.007901
decrescentes;d100000.txt;0.008254
decrescentes;d100000.txt;0.007884
decrescentes;d100000.txt;0.008293
decrescentes;d100000.txt;0.008087
decrescentes;d100000.txt;0.008154
decrescentes;d100000.txt;0.008276
decrescentes;d100000.txt;0.007984
decrescentes;d200000.txt;0.013755
decrescentes;d200000.txt;0.013630
decrescentes;d200000.txt;0.013625
decrescentes;d200000.txt;0.013908
decrescentes;d200000.txt;0.013531
decrescentes;d200000.txt;0.013922
decrescentes;d200000.txt;0.013887
decrescentes;d200000.txt;0.013755
decrescentes;d200000.txt;0.013893
decrescentes;d200000.txt;0.013766
decrescentes;d200000.txt;0.013567
decrescentes;d200000.txt;0.013648
decrescentes;d200000.txt;0.013551
decrescentes;d200000.txt;0.013728
decrescentes;d200000.txt;0.013570
decrescentes;d200000.txt;0.013590
decrescentes;d200000.txt;0.013840
decrescentes;d200000.txt;0.013621
decrescentes;d200000.txt;0.013574
decrescentes;d200000.txt;0.013847
decrescentes;d200000.txt;0.013683
decrescentes;d200000.txt;0.013654
decrescentes;d200000.txt;0.013900
decrescentes;d200000.txt;0.013899
decrescentes;d200000.txt;0.013655
decrescentes;d200000.txt;0.013679
decrescentes;d200000.txt;0.013697
decrescentes;d200000.txt;0.013519
decrescentes;d200000.txt;0.013864
decrescentes;d200000.txt;0.013784
decrescentes;d500000.txt;0.016280
decrescentes;d500000.txt;0.015885
decrescentes;d500000.txt;0.015689
decrescentes;d500000.txt;0.016147
decrescentes;d500000.txt;0.015780
decrescentes;d500000.txt;0.016260
decrescentes;d500000.txt;0.016087
decrescentes;d500000.txt;0.015657
decrescentes;d500000.txt;0.016435
decrescentes;d500000.txt;0.015934
decrescentes;d500000.txt;0.016021
decrescentes;d500000.txt;0.015795
decrescentes;d500000.txt;0.015812
decrescentes;d500000.txt;0.016569
decrescentes;d500000.txt;0.015631
decrescentes;d500000.txt;0.015809
decrescentes;d500000.txt;0.016140
decrescentes;d500000.txt;0.015892
decrescentes;d500000.txt;0.015727
decrescentes;d500000.txt;0.016596
decrescentes;d500000.txt;0.016081
decrescentes;d500000.txt;0.016726
decrescentes;d500000.txt;0.015866
decrescentes;d500000.txt;0.015782
decrescentes;d500000.txt;0.016818
decrescentes;d500000.txt;0.015903
decrescentes;d500000.txt;0.016423
decrescentes;d500000.txt;0.015787
decrescentes;d500000.txt;0.015799
decrescentes;d500000.txt;0.015937
decrescentes;d750000.txt;0.023126
decrescentes;d750000.txt;0.022788
decrescentes;d750000.txt;0.023286
decrescentes;d750000.txt;0.023316
decrescentes;d750000.txt;0.023496
decrescentes;d750000.txt;0.023160
decrescentes;d750000.txt;0.023241
decrescentes;d750000.txt;0.024193
decrescentes;d750000.txt;0.023293
decrescentes;d750000.txt;0.023234
decrescentes;d750000.txt;0.023516
decrescentes;d750000.txt;0.022909
decrescentes;d750000.txt;0.023681
decrescentes;d750000.txt;0.023310
decrescentes;d750000.txt;0.023016
decrescentes;d750000.txt;0.022909
decrescentes;d750000.txt;0.023269
decrescentes;d750000.txt;0.023139
decrescentes;d750000.txt;0.023831
decrescentes;d750000.txt;0.022959
decrescentes;d750000.txt;0.023160
decrescentes;d750000.txt;0.023358
decrescentes;d750000.txt;0.023561
decrescentes;d750000.txt;0.022975
decrescentes;d750000.txt;0.023041
decrescentes;d750000.txt;0.023652
decrescentes;d750000.txt;0.022952
decrescentes;d750000.txt;0.023513
decrescentes;d750000.txt;0.022924
decrescentes;d750000.txt;0.023173
decrescentes;d1000000.txt;0.030191
decrescentes;d1000000.txt;0.030093
decrescentes;d1000000.txt;0.029307
decrescentes;d1000000.txt;0.029390
decrescentes;d1000000.txt;0.029843
decrescentes;d1000000.txt;0.030166
decrescentes;d1000000.txt;0.029920
decrescentes;d1000000.txt;0.029870
decrescentes;d1000000.txt;0.030850
decrescentes;d1000000.txt;0.029658
decrescentes;d1000000.txt;0.029337
decrescentes;d1000000.txt;0.030273
decrescentes;d1000000.txt;0.030252
decrescentes;d1000000.txt;0.029838
decrescentes;d1000000.txt;0.029475
decrescentes;d1000000.txt;0.029619
decrescentes;d1000000.txt;0.029272
decrescentes;d1000000.txt;0.029819
decrescentes;d1000000.txt;0.029149
decrescentes;d1000000.txt;0.029692
decrescentes;d1000000.txt;0.029792
decrescentes;d1000000.txt;0.029359
decrescentes;d1000000.txt;0.029745
decrescentes;d1000000.txt;0.029289
decrescentes;d1000000.txt;0.029693
decrescentes;d1000000.txt;0.029405
decrescentes;d1000000.txt;0.030798
decrescentes;d1000000.txt;0.029370
decrescentes;d1000000.txt;0.029807
decrescentes;d1000000.txt;0.029839
decrescentes;d1250000.txt;0.037498
decrescentes;d1250000.txt;0.037523
decrescentes;d1250000.txt;0.036878
decrescentes;d1250000.txt;0.036826
decrescentes;d1250000.txt;0.036952
decrescentes;d1250000.txt;0.037353
decrescentes;d1250000.txt;0.036935
decrescentes;d1250000.txt;0.037246
decrescentes;d1250000.txt;0.037352
decrescentes;d1250000.txt;0.037496
decrescentes;d1250000.txt;0.037435
decrescentes;d1250000.txt;0.038155
decrescentes;d1250000.txt;0.038064
decrescentes;d1250000.txt;0.036947
decrescentes;d1250000.txt;0.037536
decrescentes;d1250000.txt;0.037014
decrescentes;d1250000.txt;0.036658
decrescentes;d1250000.txt;0.037332
decrescentes;d1250000.txt;0.036902
decrescentes;d1250000.txt;0.036704
decrescentes;d1250000.txt;0.037365
decrescentes;d1250000.txt;0.038089
decrescentes;d1250000.txt;0.037523
decrescentes;d1250000.txt;0.037949
decrescentes;d1250000.txt;0.037955
decrescentes;d1250000.txt;0.037987
decrescentes;d1250000.txt;0.037233
decrescentes;d1250000.txt;0.037578
decrescentes;d1250000.txt;0.036942
decrescentes;d1250000.txt;0.036733
decrescentes;d1500000.txt;0.045851
decrescentes;d1500000.txt;0.045859
decrescentes;d1500000.txt;0.045211
decrescentes;d1500000.txt;0.045223
decrescentes;d1500000.txt;0.046167
decrescentes;d1500000.txt;0.045884
decrescentes;d1500000.txt;0.045239
decrescentes;d1500000.txt;0.045313
decrescentes;d1500000.txt;0.046381
decrescentes;d1500000.txt;0.045176
decrescentes;d1500000.txt;0.045150
decrescentes;d1500000.txt;0.046164
decrescentes;d1500000.txt;0.046229
decrescentes;d1500000.txt;0.045583
decrescentes;d1500000.txt;0.046275
decrescentes;d1500000.txt;0.045179
decrescentes;d1500000.txt;0.045106
decrescentes;d1500000.txt;0.045708
decrescentes;d1500000.txt;0.045317
decrescentes;d1500000.txt;0.045953
decrescentes;d1500000.txt;0.045443
decrescentes;d1500000.txt;0.046501
decrescentes;d1500000.txt;0.045115
decrescentes;d1500000.txt;0.045300
decrescentes;d1500000.txt;0.046381
decrescentes;d1500000.txt;0.046242
decrescentes;d1500000.txt;0.045848
decrescentes;d1500000.txt;0.045423
decrescentes;d1500000.txt;0.045786
decrescentes;d1500000.txt;0.044680
decrescentes;d2000000.txt;0.060311
decrescentes;d2000000.txt;0.059399
decrescentes;d2000000.txt;0.059658
decrescentes;d2000000.txt;0.059137
decrescentes;d2000000.txt;0.059045
decrescentes;d2000000.txt;0.060040
decrescentes;d2000000.txt;0.058507
decrescentes;d2000000.txt;0.058395
decrescentes;d2000000.txt;0.058465
decrescentes;d2000000.txt;0.059639
decrescentes;d2000000.txt;0.058701
decrescentes;d2000000.txt;0.059474
decrescentes;d2000000.txt;0.058721
decrescentes;d2000000.txt;0.058393
decrescentes;d2000000.txt;0.059167
decrescentes;d2000000.txt;0.059723
decrescentes;d2000000.txt;0.060211
decrescentes;d2000000.txt;0.059430
decrescentes;d2000000.txt;0.060075
decrescentes;d2000000.txt;0.058793
decrescentes;d2000000.txt;0.059850
decrescentes;d2000000.txt;0.061528
decrescentes;d2000000.txt;0.059962
decrescentes;d2000000.txt;0.060290
decrescentes;d2000000.txt;0.060543
decrescentes;d2000000.txt;0.060461
decrescentes;d2000000.txt;0.059331
decrescentes;d2000000.txt;0.060821
decrescentes;d2000000.txt;0.058582
decrescentes;d2000000.txt;0.060559
