Pasta;Arquivo;Tempo_Segundos
aleatorios;a5000.txt;0.000161
aleatorios;a5000.txt;0.000165
aleatorios;a5000.txt;0.000161
aleatorios;a5000.txt;0.000158
aleatorios;a5000.txt;0.000159
aleatorios;a5000.txt;0.000153
aleatorios;a5000.txt;0.000157
aleatorios;a5000.txt;0.000167
aleatorios;a5000.txt;0.000159
aleatorios;a5000.txt;0.000162
aleatorios;a5000.txt;0.000165
aleatorios;a5000.txt;0.000155
aleatorios;a5000.txt;0.000163
aleatorios;a5000.txt;0.000156
aleatorios;a5000.txt;0.000165
aleatorios;a5000.txt;0.000159
aleatorios;a5000.txt;0.000163
aleatorios;a5000.txt;0.000158
aleatorios;a5000.txt;0.000153
aleatorios;a5000.txt;0.000163
aleatorios;a5000.txt;0.000160
aleatorios;a5000.txt;0.000158
aleatorios;a5000.txt;0.000166
aleatorios;a5000.txt;0.000154
aleatorios;a5000.txt;0.000165
aleatorios;a5000.txt;0.000156
aleatorios;a5000.txt;0.000156
aleatorios;a5000.txt;0.000152
aleatorios;a5000.txt;0.000165
aleatorios;a5000.txt;0.000162
aleatorios;a10000.txt;0.000341
aleatorios;a10000.txt;0.000340
aleatorios;a10000.txt;0.000388
aleatorios;a10000.txt;0.000347
aleatorios;a10000.txt;0.000347
aleatorios;a10000.txt;0.000343
aleatorios;a10000.txt;0.000345
aleatorios;a10000.txt;0.000348
aleatorios;a10000.txt;0.000351
aleatorios;a10000.txt;0.000337
aleatorios;a10000.txt;0.000364
aleatorios;a10000.txt;0.000340
aleatorios;a10000.txt;0.000342
aleatorios;a10000.txt;0.000332
aleatorios;a10000.txt;0.000344
aleatorios;a10000.txt;0.000332
aleatorios;a10000.txt;0.000346
aleatorios;a10000.txt;0.000341
aleatorios;a10000.txt;0.000331
aleatorios;a10000.txt;0.000337
aleatorios;a10000.txt;0.000333
aleatorios;a10000.txt;0.000345
aleatorios;a10000.txt;0.000330
aleatorios;a10000.txt;0.000331
aleatorios;a10000.txt;0.000341
aleatorios;a10000.txt;0.000343
aleatorios;a10000.txt;0.000339
aleatorios;a10000.txt;0.000340
aleatorios;a10000.txt;0.000347
aleatorios;a10000.txt;0.000337
aleatorios;a15000.txt;0.000523
aleatorios;a15000.txt;0.000521
aleatorios;a15000.txt;0.000514
aleatorios;a15000.txt;0.000504
aleatorios;a15000.txt;0.000523
aleatorios;a15000.txt;0.000507
aleatorios;a15000.txt;0.000524
aleatorios;a15000.txt;0.000524
aleatorios;a15000.txt;0.000512
aleatorios;a15000.txt;0.000516
aleatorios;a15000.txt;0.000518
aleatorios;a15000.txt;0.000510
aleatorios;a15000.txt;0.000509
aleatorios;a15000.txt;0.000515
aleatorios;a15000.txt;0.000529
aleatorios;a15000.txt;0.000514
aleatorios;a15000.txt;0.000518
aleatorios;a15000.txt;0.000523
aleatorios;a15000.txt;0.000536
aleatorios;a15000.txt;0.000507
aleatorios;a15000.txt;0.000516
aleatorios;a15000.txt;0.000511
aleatorios;a15000.txt;0.000513
aleatorios;a15000.txt;0.000518
aleatorios;a15000.txt;0.000526
aleatorios;a15000.txt;0.000521
aleatorios;a15000.txt;0.000521
aleatorios;a15000.txt;0.000528
aleatorios;a15000.txt;0.000506
aleatorios;a15000.txt;0.000517
aleatorios;a30000.txt;0.001038
aleatorios;a30000.txt;0.001039
aleatorios;a30000.txt;0.001060
aleatorios;a30000.txt;0.001026
aleatorios;a30000.txt;0.001048
aleatorios;a30000.txt;0.001054
aleatorios;a30000.txt;0.001026
aleatorios;a30000.txt;0.001040
aleatorios;a30000.txt;0.001042
aleatorios;a30000.txt;0.001056
aleatorios;a30000.txt;0.001037
aleatorios;a30000.txt;0.001050
aleatorios;a30000.txt;0.001035
aleatorios;a30000.txt;0.001036
aleatorios;a30000.txt;0.001027
aleatorios;a30000.txt;0.001028
aleatorios;a30000.txt;0.001036
aleatorios;a30000.txt;0.001028
aleatorios;a30000.txt;0.001046
aleatorios;a30000.txt;0.001031
aleatorios;a30000.txt;0.001043
aleatorios;a30000.txt;0.001026
aleatorios;a30000.txt;0.001051
aleatorios;a30000.txt;0.001038
aleatorios;a30000.txt;0.001051
aleatorios;a30000.txt;0.001035
aleatorios;a30000.txt;0.001040
aleatorios;a30000.txt;0.001049
aleatorios;a30000.txt;0.001047
aleatorios;a30000.txt;0.001039
aleatorios;a50000.txt;0.001700
aleatorios;a50000.txt;0.001681
aleatorios;a50000.txt;0.001694
aleatorios;a50000.txt;0.001688
aleatorios;a50000.txt;0.001705
aleatorios;a50000.txt;0.001698
aleatorios;a50000.txt;0.001716
aleatorios;a50000.txt;0.001694
aleatorios;a50000.txt;0.001708
aleatorios;a50000.txt;0.001705
aleatorios;a50000.txt;0.001691
aleatorios;a50000.txt;0.001687
aleatorios;a50000.txt;0.001702
aleatorios;a50000.txt;0.001714
aleatorios;a50000.txt;0.001704
aleatorios;a50000.txt;0.001691
aleatorios;a50000.txt;0.001696
aleatorios;a50000.txt;0.001693
aleatorios;a50000.txt;0.001700
aleatorios;a50000.txt;0.001694
aleatorios;a50000.txt;0.001703
aleatorios;a50000.txt;0.001686
aleatorios;a50000.txt;0.001716
aleatorios;a50000.txt;0.001698
aleatorios;a50000.txt;0.001688
aleatorios;a50000.txt;0.001706
aleatorios;a50000.txt;0.001703
aleatorios;a50000.txt;0.001695
aleatorios;a50000.txt;0.001687
aleatorios;a50000.txt;0.001701
aleatorios;a100000.txt;0.003235
aleatorios;a100000.txt;0.003289
aleatorios;a100000.txt;0.003238
aleatorios;a100000.txt;0.003247
aleatorios;a100000.txt;0.003236
aleatorios;a100000.txt;0.003215
aleatorios;a100000.txt;0.003239
aleatorios;a100000.txt;0.003216
aleatorios;a100000.txt;0.003229
aleatorios;a100000.txt;0.003226
aleatorios;a100000.txt;0.003243
aleatorios;a100000.txt;0.003249
aleatorios;a100000.txt;0.003234
aleatorios;a100000.txt;0.003264
aleatorios;a100000.txt;0.003231
aleatorios;a100000.txt;0.003238
aleatorios;a100000.txt;0.003272
aleatorios;a100000.txt;0.003306
aleatorios;a100000.txt;0.003229
aleatorios;a100000.txt;0.003240
aleatorios;a100000.txt;0.003259
aleatorios;a100000.txt;0.003271
aleatorios;a100000.txt;0.003249
aleatorios;a100000.txt;0.003238
aleatorios;a100000.txt;0.003238
aleatorios;a100000.txt;0.003241
aleatorios;a100000.txt;0.003218
aleatorios;a100000.txt;0.003231
aleatorios;a100000.txt;0.003252
aleatorios;a100000.txt;0.003239
aleatorios;a200000.txt;0.006308
aleatorios;a200000.txt;0.006282
aleatorios;a200000.txt;0.006353
aleatorios;a200000.txt;0.006330
aleatorios;a200000.txt;0.006301
aleatorios;a200000.txt;0.006276
aleatorios;a200000.txt;0.006357
aleatorios;a200000.txt;0.006348
aleatorios;a200000.txt;0.006344
aleatorios;a200000.txt;0.006367
aleatorios;a200000.txt;0.006305
aleatorios;a200000.txt;0.006314
aleatorios;a200000.txt;0.006357
aleatorios;a200000.txt;0.006388
aleatorios;a200000.txt;0.006307
aleatorios;a200000.txt;0.006332
aleatorios;a200000.txt;0.006326
aleatorios;a200000.txt;0.006284
aleatorios;a200000.txt;0.006284
aleatorios;a200000.txt;0.006276
aleatorios;a200000.txt;0.006288
aleatorios;a200000.txt;0.006278
aleatorios;a200000.txt;0.006330
aleatorios;a200000.txt;0.006393
aleatorios;a200000.txt;0.006297
aleatorios;a200000.txt;0.006370
aleatorios;a200000.txt;0.006381
aleatorios;a200000.txt;0.006293
aleatorios;a200000.txt;0.006340
aleatorios;a200000.txt;0.006379
aleatorios;a500000.txt;0.015332
aleatorios;a500000.txt;0.015382
aleatorios;a500000.txt;0.015292
aleatorios;a500000.txt;0.015262
aleatorios;a500000.txt;0.015299
aleatorios;a500000.txt;0.015245
aleatorios;a500000.txt;0.015277
aleatorios;a500000.txt;0.015456
aleatorios;a500000.txt;0.015285
aleatorios;a500000.txt;0.015301
aleatorios;a500000.txt;0.015395
aleatorios;a500000.txt;0.015368
aleatorios;a500000.txt;0.015312
aleatorios;a500000.txt;0.015217
aleatorios;a500000.txt;0.015327
aleatorios;a500000.txt;0.015354
aleatorios;a500000.txt;0.015338
aleatorios;a500000.txt;0.015319
aleatorios;a500000.txt;0.015342
aleatorios;a500000.txt;0.015274
aleatorios;a500000.txt;0.015349
aleatorios;a500000.txt;0.015342
aleatorios;a500000.txt;0.015261
aleatorios;a500000.txt;0.015286
aleatorios;a500000.txt;0.015336
aleatorios;a500000.txt;0.015320
aleatorios;a500000.txt;0.015387
aleatorios;a500000.txt;0.015262
aleatorios;a500000.txt;0.015364
aleatorios;a500000.txt;0.015379
aleatorios;a1000000.txt;0.029978
aleatorios;a1000000.txt;0.029894
aleatorios;a1000000.txt;0.029255
aleatorios;a1000000.txt;0.029950
aleatorios;a1000000.txt;0.029840
aleatorios;a1000000.txt;0.029315
aleatorios;a1000000.txt;0.030850
aleatorios;a1000000.txt;0.031526
aleatorios;a1000000.txt;0.030598
aleatorios;a1000000.txt;0.029327
aleatorios;a1000000.txt;0.029874
aleatorios;a1000000.txt;0.030047
aleatorios;a1000000.txt;0.030076
aleatorios;a1000000.txt;0.029963
aleatorios;a1000000.txt;0.029846
aleatorios;a1000000.txt;0.030057
aleatorios;a1000000.txt;0.029380
aleatorios;a1000000.txt;0.030179
aleatorios;a1000000.txt;0.029874
aleatorios;a1000000.txt;0.029798
aleatorios;a1000000.txt;0.029391
aleatorios;a1000000.txt;0.029124
aleatorios;a1000000.txt;0.029909
aleatorios;a1000000.txt;0.029582
aleatorios;a1000000.txt;0.029951
aleatorios;a1000000.txt;0.029858
aleatorios;a1000000.txt;0.030007
aleatorios;a1000000.txt;0.030019
aleatorios;a1000000.txt;0.029377
aleatorios;a1000000.txt;0.029982
aleatorios;a1500000.txt;0.044048
aleatorios;a1500000.txt;0.044941
aleatorios;a1500000.txt;0.044731
aleatorios;a1500000.txt;0.043667
aleatorios;a1500000.txt;0.043743
aleatorios;a1500000.txt;0.043184
aleatorios;a1500000.txt;0.044356
aleatorios;a1500000.txt;0.043605
aleatorios;a1500000.txt;0.043536
aleatorios;a1500000.txt;0.043731
aleatorios;a1500000.txt;0.044469
aleatorios;a1500000.txt;0.044075
aleatorios;a1500000.txt;0.045240
aleatorios;a1500000.txt;0.046076
aleatorios;a1500000.txt;0.045715
aleatorios;a1500000.txt;0.045311
aleatorios;a1500000.txt;0.043811
aleatorios;a1500000.txt;0.043544
aleatorios;a1500000.txt;0.043090
aleatorios;a1500000.txt;0.044013
aleatorios;a1500000.txt;0.043801
aleatorios;a1500000.txt;0.043725
aleatorios;a1500000.txt;0.044064
aleatorios;a1500000.txt;0.043902
aleatorios;a1500000.txt;0.043830
aleatorios;a1500000.txt;0.044573
aleatorios;a1500000.txt;0.043524
aleatorios;a1500000.txt;0.045049
aleatorios;a1500000.txt;0.044252
aleatorios;a1500000.txt;0.043612
aleatorios;a2000000.txt;0.057186
aleatorios;a2000000.txt;0.057516
aleatorios;a2000000.txt;0.058543
aleatorios;a2000000.txt;0.057010
aleatorios;a2000000.txt;0.056798
aleatorios;a2000000.txt;0.057011
aleatorios;a2000000.txt;0.057835
aleatorios;a2000000.txt;0.057396
aleatorios;a2000000.txt;0.057756
aleatorios;a2000000.txt;0.056748
aleatorios;a2000000.txt;0.062166
aleatorios;a2000000.txt;0.059931
aleatorios;a2000000.txt;0.059774
aleatorios;a2000000.txt;0.058335
aleatorios;a2000000.txt;0.058375
aleatorios;a2000000.txt;0.059273
aleatorios;a2000000.txt;0.059037
aleatorios;a2000000.txt;0.058526
aleatorios;a2000000.txt;0.056804
aleatorios;a2000000.txt;0.058642
aleatorios;a2000000.txt;0.058550
aleatorios;a2000000.txt;0.057063
aleatorios;a2000000.txt;0.057461
aleatorios;a2000000.txt;0.058510
aleatorios;a2000000.txt;0.057204
aleatorios;a2000000.txt;0.057776
aleatorios;a2000000.txt;0.056949
aleatorios;a2000000.txt;0.058203
aleatorios;a2000000.txt;0.058067
aleatorios;a2000000.txt;0.057369
