aleatorios;a5000.txt;0.000848
aleatorios;a5000.txt;0.000829
aleatorios;a5000.txt;0.000828
aleatorios;a5000.txt;0.000873
aleatorios;a5000.txt;0.000842
aleatorios;a5000.txt;0.000863
aleatorios;a5000.txt;0.000828
aleatorios;a5000.txt;0.000843
aleatorios;a5000.txt;0.000834
aleatorios;a5000.txt;0.000861
aleatorios;a5000.txt;0.000842
aleatorios;a5000.txt;0.000870
aleatorios;a5000.txt;0.000823
aleatorios;a5000.txt;0.000839
aleatorios;a5000.txt;0.000826
aleatorios;a5000.txt;0.000818
aleatorios;a5000.txt;0.000860
aleatorios;a5000.txt;0.000848
aleatorios;a5000.txt;0.000847
aleatorios;a5000.txt;0.000829
aleatorios;a5000.txt;0.000853
aleatorios;a5000.txt;0.000841
aleatorios;a5000.txt;0.000857
aleatorios;a5000.txt;0.000824
aleatorios;a5000.txt;0.000844
aleatorios;a5000.txt;0.000838
aleatorios;a5000.txt;0.000839
aleatorios;a5000.txt;0.000874
aleatorios;a5000.txt;0.000834
aleatorios;a5000.txt;0.000852
aleatorios;a10000.txt;0.001460
aleatorios;a10000.txt;0.001455
aleatorios;a10000.txt;0.001434
aleatorios;a10000.txt;0.001489
aleatorios;a10000.txt;0.001502
aleatorios;a10000.txt;0.001433
aleatorios;a10000.txt;0.001457
aleatorios;a10000.txt;0.001453
aleatorios;a10000.txt;0.001473
aleatorios;a10000.txt;0.001454
aleatorios;a10000.txt;0.001463
aleatorios;a10000.txt;0.001463
aleatorios;a10000.txt;0.001492
aleatorios;a10000.txt;0.001438
aleatorios;a10000.txt;0.001481
aleatorios;a10000.txt;0.001476
aleatorios;a10000.txt;0.001449
aleatorios;a10000.txt;0.001489
aleatorios;a10000.txt;0.001459
aleatorios;a10000.txt;0.001447
aleatorios;a10000.txt;0.001441
aleatorios;a10000.txt;0.001453
aleatorios;a10000.txt;0.001446
aleatorios;a10000.txt;0.001487
aleatorios;a10000.txt;0.001437
aleatorios;a10000.txt;0.001458
aleatorios;a10000.txt;0.001452
aleatorios;a10000.txt;0.001469
aleatorios;a10000.txt;0.001478
aleatorios;a10000.txt;0.001537
aleatorios;a15000.txt;0.001975
aleatorios;a15000.txt;0.001963
aleatorios;a15000.txt;0.001963
aleatorios;a15000.txt;0.002004
aleatorios;a15000.txt;0.001989
aleatorios;a15000.txt;0.001962
aleatorios;a15000.txt;0.002029
aleatorios;a15000.txt;0.001985
aleatorios;a15000.txt;0.002002
aleatorios;a15000.txt;0.002011
aleatorios;a15000.txt;0.001971
aleatorios;a15000.txt;0.001913
aleatorios;a15000.txt;0.002003
aleatorios;a15000.txt;0.001997
aleatorios;a15000.txt;0.001949
aleatorios;a15000.txt;0.001950
aleatorios;a15000.txt;0.001988
aleatorios;a15000.txt;0.001992
aleatorios;a15000.txt;0.001955
aleatorios;a15000.txt;0.002021
aleatorios;a15000.txt;0.001968
aleatorios;a15000.txt;0.001985
aleatorios;a15000.txt;0.002050
aleatorios;a15000.txt;0.001961
aleatorios;a15000.txt;0.001956
aleatorios;a15000.txt;0.001990
aleatorios;a15000.txt;0.001977
aleatorios;a15000.txt;0.002013
aleatorios;a15000.txt;0.002000
aleatorios;a15000.txt;0.002003
aleatorios;a30000.txt;0.003996
aleatorios;a30000.txt;0.004626
aleatorios;a30000.txt;0.004680
aleatorios;a30000.txt;0.003925
aleatorios;a30000.txt;0.003995
aleatorios;a30000.txt;0.003954
aleatorios;a30000.txt;0.003995
aleatorios;a30000.txt;0.003972
aleatorios;a30000.txt;0.004607
aleatorios;a30000.txt;0.004598
aleatorios;a30000.txt;0.004604
aleatorios;a30000.txt;0.004716
aleatorios;a30000.txt;0.004548
aleatorios;a30000.txt;0.004635
aleatorios;a30000.txt;0.004597
aleatorios;a30000.txt;0.005076
aleatorios;a30000.txt;0.004021
aleatorios;a30000.txt;0.004722
aleatorios;a30000.txt;0.003973
aleatorios;a30000.txt;0.004613
aleatorios;a30000.txt;0.004593
aleatorios;a30000.txt;0.004611
aleatorios;a30000.txt;0.004577
aleatorios;a30000.txt;0.004008
aleatorios;a30000.txt;0.004577
aleatorios;a30000.txt;0.004526
aleatorios;a30000.txt;0.003954
aleatorios;a30000.txt;0.004605
aleatorios;a30000.txt;0.004657
aleatorios;a30000.txt;0.004660
aleatorios;a50000.txt;0.007745
aleatorios;a50000.txt;0.007992
aleatorios;a50000.txt;0.007771
aleatorios;a50000.txt;0.007938
aleatorios;a50000.txt;0.007847
aleatorios;a50000.txt;0.007816
aleatorios;a50000.txt;0.007878
aleatorios;a50000.txt;0.008024
aleatorios;a50000.txt;0.008088
aleatorios;a50000.txt;0.007708
aleatorios;a50000.txt;0.007879
aleatorios;a50000.txt;0.006731
aleatorios;a50000.txt;0.007821
aleatorios;a50000.txt;0.007867
aleatorios;a50000.txt;0.007859
aleatorios;a50000.txt;0.008047
aleatorios;a50000.txt;0.007843
aleatorios;a50000.txt;0.007768
aleatorios;a50000.txt;0.008084
aleatorios;a50000.txt;0.007841
aleatorios;a50000.txt;0.007938
aleatorios;a50000.txt;0.007811
aleatorios;a50000.txt;0.007952
aleatorios;a50000.txt;0.007617
aleatorios;a50000.txt;0.008186
aleatorios;a50000.txt;0.008170
aleatorios;a50000.txt;0.007869
aleatorios;a50000.txt;0.007712
aleatorios;a50000.txt;0.008072
aleatorios;a50000.txt;0.007764
aleatorios;a100000.txt;0.013906
aleatorios;a100000.txt;0.013939
aleatorios;a100000.txt;0.013976
aleatorios;a100000.txt;0.013587
aleatorios;a100000.txt;0.013885
aleatorios;a100000.txt;0.013790
aleatorios;a100000.txt;0.013717
aleatorios;a100000.txt;0.013865
aleatorios;a100000.txt;0.013595
aleatorios;a100000.txt;0.013624
aleatorios;a100000.txt;0.014000
aleatorios;a100000.txt;0.013639
aleatorios;a100000.txt;0.013616
aleatorios;a100000.txt;0.013914
aleatorios;a100000.txt;0.013723
aleatorios;a100000.txt;0.013598
aleatorios;a100000.txt;0.013901
aleatorios;a100000.txt;0.013655
aleatorios;a100000.txt;0.013975
aleatorios;a100000.txt;0.013825
aleatorios;a100000.txt;0.013640
aleatorios;a100000.txt;0.013946
aleatorios;a100000.txt;0.013926
aleatorios;a100000.txt;0.013663
aleatorios;a100000.txt;0.013941
aleatorios;a100000.txt;0.013902
aleatorios;a100000.txt;0.014071
aleatorios;a100000.txt;0.013797
aleatorios;a100000.txt;0.014276
aleatorios;a100000.txt;0.014005
aleatorios;a200000.txt;0.027795
aleatorios;a200000.txt;0.027983
aleatorios;a200000.txt;0.027558
aleatorios;a200000.txt;0.027481
aleatorios;a200000.txt;0.027511
aleatorios;a200000.txt;0.027422
aleatorios;a200000.txt;0.027949
aleatorios;a200000.txt;0.028042
aleatorios;a200000.txt;0.028057
aleatorios;a200000.txt;0.027501
aleatorios;a200000.txt;0.027597
aleatorios;a200000.txt;0.027637
aleatorios;a200000.txt;0.027682
aleatorios;a200000.txt;0.027802
aleatorios;a200000.txt;0.028315
aleatorios;a200000.txt;0.027615
aleatorios;a200000.txt;0.028324
aleatorios;a200000.txt;0.027853
aleatorios;a200000.txt;0.027629
aleatorios;a200000.txt;0.027964
aleatorios;a200000.txt;0.028513
aleatorios;a200000.txt;0.028529
aleatorios;a200000.txt;0.028049
aleatorios;a200000.txt;0.028014
aleatorios;a200000.txt;0.027405
aleatorios;a200000.txt;0.028413
aleatorios;a200000.txt;0.028142
aleatorios;a200000.txt;0.027980
aleatorios;a200000.txt;0.028300
aleatorios;a200000.txt;0.028086
aleatorios;a500000.txt;0.070350
aleatorios;a500000.txt;0.070456
aleatorios;a500000.txt;0.072408
aleatorios;a500000.txt;0.126413
aleatorios;a500000.txt;0.126268
aleatorios;a500000.txt;0.126371
aleatorios;a500000.txt;0.068569
aleatorios;a500000.txt;0.070187
aleatorios;a500000.txt;0.070424
aleatorios;a500000.txt;0.070291
aleatorios;a500000.txt;0.070827
aleatorios;a500000.txt;0.068960
aleatorios;a500000.txt;0.069687
aleatorios;a500000.txt;0.070256
aleatorios;a500000.txt;0.070343
aleatorios;a500000.txt;0.069356
aleatorios;a500000.txt;0.075371
aleatorios;a500000.txt;0.069099
aleatorios;a500000.txt;0.069958
aleatorios;a500000.txt;0.068886
aleatorios;a500000.txt;0.069842
aleatorios;a500000.txt;0.068817
aleatorios;a500000.txt;0.070223
aleatorios;a500000.txt;0.071310
aleatorios;a500000.txt;0.068765
aleatorios;a500000.txt;0.070100
aleatorios;a500000.txt;0.070406
aleatorios;a500000.txt;0.068887
aleatorios;a500000.txt;0.074559
aleatorios;a500000.txt;0.069070
aleatorios;a1000000.txt;0.139993
aleatorios;a1000000.txt;0.139822
aleatorios;a1000000.txt;0.139981
aleatorios;a1000000.txt;0.142811
aleatorios;a1000000.txt;0.142356
aleatorios;a1000000.txt;0.142869
aleatorios;a1000000.txt;0.148969
aleatorios;a1000000.txt;0.142290
aleatorios;a1000000.txt;0.140658
aleatorios;a1000000.txt;0.142792
aleatorios;a1000000.txt;0.139746
aleatorios;a1000000.txt;0.139617
aleatorios;a1000000.txt;0.139473
aleatorios;a1000000.txt;0.150821
aleatorios;a1000000.txt;0.261382
aleatorios;a1000000.txt;0.256979
aleatorios;a1000000.txt;0.142262
aleatorios;a1000000.txt;0.142626
aleatorios;a1000000.txt;0.142577
aleatorios;a1000000.txt;0.152421
aleatorios;a1000000.txt;0.140255
aleatorios;a1000000.txt;0.139876
aleatorios;a1000000.txt;0.142583
aleatorios;a1000000.txt;0.142639
aleatorios;a1000000.txt;0.140301
aleatorios;a1000000.txt;0.139754
aleatorios;a1000000.txt;0.147327
aleatorios;a1000000.txt;0.142415
aleatorios;a1000000.txt;0.139677
aleatorios;a1000000.txt;0.139938
aleatorios;a1500000.txt;0.211339
aleatorios;a1500000.txt;0.328949
aleatorios;a1500000.txt;0.364662
aleatorios;a1500000.txt;0.211766
aleatorios;a1500000.txt;0.212296
aleatorios;a1500000.txt;0.211693
aleatorios;a1500000.txt;0.217986
aleatorios;a1500000.txt;0.212588
aleatorios;a1500000.txt;0.211924
aleatorios;a1500000.txt;0.211681
aleatorios;a1500000.txt;0.211876
aleatorios;a1500000.txt;0.360876
aleatorios;a1500000.txt;0.321328
aleatorios;a1500000.txt;0.207311
aleatorios;a1500000.txt;0.211769
aleatorios;a1500000.txt;0.217818
aleatorios;a1500000.txt;0.207990
aleatorios;a1500000.txt;0.211792
aleatorios;a1500000.txt;0.211592
aleatorios;a1500000.txt;0.208224
aleatorios;a1500000.txt;0.214109
aleatorios;a1500000.txt;0.213148
aleatorios;a1500000.txt;0.208922
aleatorios;a1500000.txt;0.305054
aleatorios;a1500000.txt;0.365417
aleatorios;a1500000.txt;0.207286
aleatorios;a1500000.txt;0.212659
aleatorios;a1500000.txt;0.212302
aleatorios;a1500000.txt;0.211560
aleatorios;a1500000.txt;0.213146
aleatorios;a2000000.txt;0.282147
aleatorios;a2000000.txt;0.286797
aleatorios;a2000000.txt;0.319897
aleatorios;a2000000.txt;0.481693
aleatorios;a2000000.txt;0.281157
aleatorios;a2000000.txt;0.281489
aleatorios;a2000000.txt;0.291598
aleatorios;a2000000.txt;0.282755
aleatorios;a2000000.txt;0.283575
aleatorios;a2000000.txt;0.281281
aleatorios;a2000000.txt;0.323030
aleatorios;a2000000.txt;0.498595
aleatorios;a2000000.txt;0.280981
aleatorios;a2000000.txt;0.291500
aleatorios;a2000000.txt;0.286547
aleatorios;a2000000.txt;0.281775
aleatorios;a2000000.txt;0.279919
aleatorios;a2000000.txt;0.290497
aleatorios;a2000000.txt;0.316450
aleatorios;a2000000.txt;0.487025
aleatorios;a2000000.txt;0.290674
aleatorios;a2000000.txt;0.286608
aleatorios;a2000000.txt;0.282112
aleatorios;a2000000.txt;0.285280
aleatorios;a2000000.txt;0.290826
aleatorios;a2000000.txt;0.281721
aleatorios;a2000000.txt;0.309971
aleatorios;a2000000.txt;0.491060
aleatorios;a2000000.txt;0.286310
aleatorios;a2000000.txt;0.298658
