Pasta;Arquivo;Tempo_Segundos
aleatorios;a5000.txt;0.000415
aleatorios;a5000.txt;0.000402
aleatorios;a5000.txt;0.000403
aleatorios;a5000.txt;0.000391
aleatorios;a5000.txt;0.000406
aleatorios;a5000.txt;0.000418
aleatorios;a5000.txt;0.000411
aleatorios;a5000.txt;0.000394
aleatorios;a5000.txt;0.000394
aleatorios;a5000.txt;0.000437
aleatorios;a5000.txt;0.000397
aleatorios;a5000.txt;0.000389
aleatorios;a5000.txt;0.000389
aleatorios;a5000.txt;0.000397
aleatorios;a5000.txt;0.000406
aleatorios;a5000.txt;0.000398
aleatorios;a5000.txt;0.000426
aleatorios;a5000.txt;0.000434
aleatorios;a5000.txt;0.000395
aleatorios;a5000.txt;0.000429
aleatorios;a5000.txt;0.000397
aleatorios;a5000.txt;0.000400
aleatorios;a5000.txt;0.000388
aleatorios;a5000.txt;0.000388
aleatorios;a5000.txt;0.000474
aleatorios;a5000.txt;0.000742
aleatorios;a5000.txt;0.000433
aleatorios;a5000.txt;0.000399
aleatorios;a5000.txt;0.000388
aleatorios;a5000.txt;0.000405
aleatorios;a10000.txt;0.000894
aleatorios;a10000.txt;0.000864
aleatorios;a10000.txt;0.000842
aleatorios;a10000.txt;0.000851
aleatorios;a10000.txt;0.000850
aleatorios;a10000.txt;0.000887
aleatorios;a10000.txt;0.000903
aleatorios;a10000.txt;0.000854
aleatorios;a10000.txt;0.000828
aleatorios;a10000.txt;0.000883
aleatorios;a10000.txt;0.000864
aleatorios;a10000.txt;0.000851
aleatorios;a10000.txt;0.000882
aleatorios;a10000.txt;0.000871
aleatorios;a10000.txt;0.000858
aleatorios;a10000.txt;0.000846
aleatorios;a10000.txt;0.000871
aleatorios;a10000.txt;0.000871
aleatorios;a10000.txt;0.000875
aleatorios;a10000.txt;0.000860
aleatorios;a10000.txt;0.000869
aleatorios;a10000.txt;0.000863
aleatorios;a10000.txt;0.000871
aleatorios;a10000.txt;0.000866
aleatorios;a10000.txt;0.000872
aleatorios;a10000.txt;0.000879
aleatorios;a10000.txt;0.000874
aleatorios;a10000.txt;0.000857
aleatorios;a10000.txt;0.000884
aleatorios;a10000.txt;0.000955
aleatorios;a15000.txt;0.001433
aleatorios;a15000.txt;0.001318
aleatorios;a15000.txt;0.001331
aleatorios;a15000.txt;0.001294
aleatorios;a15000.txt;0.001316
aleatorios;a15000.txt;0.001302
aleatorios;a15000.txt;0.001301
aleatorios;a15000.txt;0.001312
aleatorios;a15000.txt;0.001370
aleatorios;a15000.txt;0.001361
aleatorios;a15000.txt;0.001318
aleatorios;a15000.txt;0.001324
aleatorios;a15000.txt;0.001326
aleatorios;a15000.txt;0.001301
aleatorios;a15000.txt;0.001319
aleatorios;a15000.txt;0.001282
aleatorios;a15000.txt;0.001326
aleatorios;a15000.txt;0.001356
aleatorios;a15000.txt;0.001351
aleatorios;a15000.txt;0.001385
aleatorios;a15000.txt;0.001338
aleatorios;a15000.txt;0.001325
aleatorios;a15000.txt;0.001342
aleatorios;a15000.txt;0.001325
aleatorios;a15000.txt;0.001298
aleatorios;a15000.txt;0.001315
aleatorios;a15000.txt;0.001335
aleatorios;a15000.txt;0.001331
aleatorios;a15000.txt;0.001289
aleatorios;a15000.txt;0.001295
aleatorios;a30000.txt;0.002687
aleatorios;a30000.txt;0.002683
aleatorios;a30000.txt;0.002773
aleatorios;a30000.txt;0.002739
aleatorios;a30000.txt;0.002749
aleatorios;a30000.txt;0.003134
aleatorios;a30000.txt;0.002742
aleatorios;a30000.txt;0.002679
aleatorios;a30000.txt;0.002759
aleatorios;a30000.txt;0.002678
aleatorios;a30000.txt;0.002698
aleatorios;a30000.txt;0.002822
aleatorios;a30000.txt;0.002698
aleatorios;a30000.txt;0.002690
aleatorios;a30000.txt;0.002836
aleatorios;a30000.txt;0.002582
aleatorios;a30000.txt;0.002739
aleatorios;a30000.txt;0.002710
aleatorios;a30000.txt;0.002687
aleatorios;a30000.txt;0.002726
aleatorios;a30000.txt;0.002628
aleatorios;a30000.txt;0.002636
aleatorios;a30000.txt;0.002665
aleatorios;a30000.txt;0.002833
aleatorios;a30000.txt;0.002577
aleatorios;a30000.txt;0.002825
aleatorios;a30000.txt;0.002735
aleatorios;a30000.txt;0.002755
aleatorios;a30000.txt;0.002640
aleatorios;a30000.txt;0.002731
aleatorios;a50000.txt;0.004435
aleatorios;a50000.txt;0.004618
aleatorios;a50000.txt;0.004619
aleatorios;a50000.txt;0.005062
aleatorios;a50000.txt;0.004591
aleatorios;a50000.txt;0.004833
aleatorios;a50000.txt;0.004500
aleatorios;a50000.txt;0.004881
aleatorios;a50000.txt;0.004702
aleatorios;a50000.txt;0.004676
aleatorios;a50000.txt;0.004637
aleatorios;a50000.txt;0.004472
aleatorios;a50000.txt;0.004454
aleatorios;a50000.txt;0.004691
aleatorios;a50000.txt;0.004576
aleatorios;a50000.txt;0.004446
aleatorios;a50000.txt;0.004777
aleatorios;a50000.txt;0.004515
aleatorios;a50000.txt;0.004496
aleatorios;a50000.txt;0.004845
aleatorios;a50000.txt;0.004498
aleatorios;a50000.txt;0.004673
aleatorios;a50000.txt;0.004615
aleatorios;a50000.txt;0.004462
aleatorios;a50000.txt;0.004470
aleatorios;a50000.txt;0.004677
aleatorios;a50000.txt;0.004490
aleatorios;a50000.txt;0.004793
aleatorios;a50000.txt;0.004504
aleatorios;a50000.txt;0.004470
aleatorios;a100000.txt;0.009804
aleatorios;a100000.txt;0.009741
aleatorios;a100000.txt;0.009522
aleatorios;a100000.txt;0.009836
aleatorios;a100000.txt;0.009634
aleatorios;a100000.txt;0.009532
aleatorios;a100000.txt;0.009860
aleatorios;a100000.txt;0.010029
aleatorios;a100000.txt;0.009380
aleatorios;a100000.txt;0.009432
aleatorios;a100000.txt;0.009553
aleatorios;a100000.txt;0.009740
aleatorios;a100000.txt;0.009604
aleatorios;a100000.txt;0.009809
aleatorios;a100000.txt;0.009442
aleatorios;a100000.txt;0.009763
aleatorios;a100000.txt;0.009901
aleatorios;a100000.txt;0.009705
aleatorios;a100000.txt;0.009647
aleatorios;a100000.txt;0.009762
aleatorios;a100000.txt;0.009465
aleatorios;a100000.txt;0.009901
aleatorios;a100000.txt;0.009633
aleatorios;a100000.txt;0.009536
aleatorios;a100000.txt;0.009769
aleatorios;a100000.txt;0.009622
aleatorios;a100000.txt;0.009887
aleatorios;a100000.txt;0.009543
aleatorios;a100000.txt;0.010156
aleatorios;a100000.txt;0.009935
aleatorios;a200000.txt;0.019878
aleatorios;a200000.txt;0.020005
aleatorios;a200000.txt;0.020219
aleatorios;a200000.txt;0.020720
aleatorios;a200000.txt;0.019630
aleatorios;a200000.txt;0.019774
aleatorios;a200000.txt;0.020140
aleatorios;a200000.txt;0.019869
aleatorios;a200000.txt;0.020349
aleatorios;a200000.txt;0.020530
aleatorios;a200000.txt;0.020216
aleatorios;a200000.txt;0.020290
aleatorios;a200000.txt;0.020679
aleatorios;a200000.txt;0.019728
aleatorios;a200000.txt;0.020061
aleatorios;a200000.txt;0.022446
aleatorios;a200000.txt;0.021255
aleatorios;a200000.txt;0.020310
aleatorios;a200000.txt;0.020441
aleatorios;a200000.txt;0.019518
aleatorios;a200000.txt;0.020289
aleatorios;a200000.txt;0.020005
aleatorios;a200000.txt;0.020929
aleatorios;a200000.txt;0.020483
aleatorios;a200000.txt;0.019917
aleatorios;a200000.txt;0.019681
aleatorios;a200000.txt;0.021036
aleatorios;a200000.txt;0.019896
aleatorios;a200000.txt;0.019674
aleatorios;a200000.txt;0.020753
aleatorios;a500000.txt;0.051489
aleatorios;a500000.txt;0.052455
aleatorios;a500000.txt;0.051138
aleatorios;a500000.txt;0.052004
aleatorios;a500000.txt;0.050876
aleatorios;a500000.txt;0.051394
aleatorios;a500000.txt;0.052541
aleatorios;a500000.txt;0.051836
aleatorios;a500000.txt;0.052621
aleatorios;a500000.txt;0.052560
aleatorios;a500000.txt;0.054412
aleatorios;a500000.txt;0.052403
aleatorios;a500000.txt;0.053673
aleatorios;a500000.txt;0.053036
aleatorios;a500000.txt;0.051796
aleatorios;a500000.txt;0.051776
aleatorios;a500000.txt;0.094334
aleatorios;a500000.txt;0.094660
aleatorios;a500000.txt;0.096933
aleatorios;a500000.txt;0.095213
aleatorios;a500000.txt;0.090504
aleatorios;a500000.txt;0.051493
aleatorios;a500000.txt;0.051344
aleatorios;a500000.txt;0.053025
aleatorios;a500000.txt;0.051630
aleatorios;a500000.txt;0.053875
aleatorios;a500000.txt;0.052117
aleatorios;a500000.txt;0.054151
aleatorios;a500000.txt;0.052844
aleatorios;a500000.txt;0.051566
aleatorios;a1000000.txt;0.106977
aleatorios;a1000000.txt;0.106295
aleatorios;a1000000.txt;0.106807
aleatorios;a1000000.txt;0.106744
aleatorios;a1000000.txt;0.106983
aleatorios;a1000000.txt;0.106152
aleatorios;a1000000.txt;0.106561
aleatorios;a1000000.txt;0.105924
aleatorios;a1000000.txt;0.110154
aleatorios;a1000000.txt;0.107964
aleatorios;a1000000.txt;0.107281
aleatorios;a1000000.txt;0.106396
aleatorios;a1000000.txt;0.195858
aleatorios;a1000000.txt;0.196805
aleatorios;a1000000.txt;0.106147
aleatorios;a1000000.txt;0.112001
aleatorios;a1000000.txt;0.106876
aleatorios;a1000000.txt;0.106415
aleatorios;a1000000.txt;0.104771
aleatorios;a1000000.txt;0.105826
aleatorios;a1000000.txt;0.107031
aleatorios;a1000000.txt;0.106296
aleatorios;a1000000.txt;0.106595
aleatorios;a1000000.txt;0.106030
aleatorios;a1000000.txt;0.106952
aleatorios;a1000000.txt;0.109666
aleatorios;a1000000.txt;0.107928
aleatorios;a1000000.txt;0.108419
aleatorios;a1000000.txt;0.106836
aleatorios;a1000000.txt;0.106189
aleatorios;a1500000.txt;0.248623
aleatorios;a1500000.txt;0.299747
aleatorios;a1500000.txt;0.160208
aleatorios;a1500000.txt;0.161666
aleatorios;a1500000.txt;0.163923
aleatorios;a1500000.txt;0.162541
aleatorios;a1500000.txt;0.164322
aleatorios;a1500000.txt;0.164912
aleatorios;a1500000.txt;0.162618
aleatorios;a1500000.txt;0.163125
aleatorios;a1500000.txt;0.165880
aleatorios;a1500000.txt;0.163829
aleatorios;a1500000.txt;0.165599
aleatorios;a1500000.txt;0.301694
aleatorios;a1500000.txt;0.225845
aleatorios;a1500000.txt;0.163806
aleatorios;a1500000.txt;0.167909
aleatorios;a1500000.txt;0.167057
aleatorios;a1500000.txt;0.164270
aleatorios;a1500000.txt;0.162557
aleatorios;a1500000.txt;0.164012
aleatorios;a1500000.txt;0.163299
aleatorios;a1500000.txt;0.163829
aleatorios;a1500000.txt;0.162472
aleatorios;a1500000.txt;0.162718
aleatorios;a1500000.txt;0.233868
aleatorios;a1500000.txt;0.299335
aleatorios;a1500000.txt;0.162034
aleatorios;a1500000.txt;0.161705
aleatorios;a1500000.txt;0.162666
aleatorios;a2000000.txt;0.219318
aleatorios;a2000000.txt;0.218174
aleatorios;a2000000.txt;0.223677
aleatorios;a2000000.txt;0.219452
aleatorios;a2000000.txt;0.225458
aleatorios;a2000000.txt;0.222428
aleatorios;a2000000.txt;0.408291
aleatorios;a2000000.txt;0.218826
aleatorios;a2000000.txt;0.227318
aleatorios;a2000000.txt;0.219840
aleatorios;a2000000.txt;0.218188
aleatorios;a2000000.txt;0.220469
aleatorios;a2000000.txt;0.220346
aleatorios;a2000000.txt;0.220034
aleatorios;a2000000.txt;0.218614
aleatorios;a2000000.txt;0.381921
aleatorios;a2000000.txt;0.299755
aleatorios;a2000000.txt;0.220606
aleatorios;a2000000.txt;0.218445
aleatorios;a2000000.txt;0.220015
aleatorios;a2000000.txt;0.219769
aleatorios;a2000000.txt;0.225546
aleatorios;a2000000.txt;0.216273
aleatorios;a2000000.txt;0.218329
aleatorios;a2000000.txt;0.217851
aleatorios;a2000000.txt;0.405264
aleatorios;a2000000.txt;0.217943
aleatorios;a2000000.txt;0.222380
aleatorios;a2000000.txt;0.218196
aleatorios;a2000000.txt;0.225540
