aleatorios;a5000.txt;0,001150
aleatorios;a5000.txt;0,001020
aleatorios;a5000.txt;0,001010
aleatorios;a5000.txt;0,001017
aleatorios;a5000.txt;0,001006
aleatorios;a5000.txt;0,001049
aleatorios;a5000.txt;0,001021
aleatorios;a5000.txt;0,001018
aleatorios;a5000.txt;0,001046
aleatorios;a5000.txt;0,001005
aleatorios;a5000.txt;0,001013
aleatorios;a5000.txt;0,001005
aleatorios;a5000.txt;0,001028
aleatorios;a5000.txt;0,001013
aleatorios;a5000.txt;0,001011
aleatorios;a5000.txt;0,001022
aleatorios;a5000.txt;0,001007
aleatorios;a5000.txt;0,001007
aleatorios;a5000.txt;0,001007
aleatorios;a5000.txt;0,001016
aleatorios;a5000.txt;0,001004
aleatorios;a5000.txt;0,001010
aleatorios;a5000.txt;0,001023
aleatorios;a5000.txt;0,001047
aleatorios;a5000.txt;0,001008
aleatorios;a5000.txt;0,001012
aleatorios;a5000.txt;0,001011
aleatorios;a5000.txt;0,001012
aleatorios;a5000.txt;0,001005
aleatorios;a5000.txt;0,001011
aleatorios;a10000.txt;0,002029
aleatorios;a10000.txt;0,002023
aleatorios;a10000.txt;0,002040
aleatorios;a10000.txt;0,002025
aleatorios;a10000.txt;0,002055
aleatorios;a10000.txt;0,002047
aleatorios;a10000.txt;0,002031
aleatorios;a10000.txt;0,002024
aleatorios;a10000.txt;0,002028
aleatorios;a10000.txt;0,002032
aleatorios;a10000.txt;0,002028
aleatorios;a10000.txt;0,002028
aleatorios;a10000.txt;0,002039
aleatorios;a10000.txt;0,002025
aleatorios;a10000.txt;0,002052
aleatorios;a10000.txt;0,002061
aleatorios;a10000.txt;0,002044
aleatorios;a10000.txt;0,002033
aleatorios;a10000.txt;0,002035
aleatorios;a10000.txt;0,002064
aleatorios;a10000.txt;0,002166
aleatorios;a10000.txt;0,002091
aleatorios;a10000.txt;0,002029
aleatorios;a10000.txt;0,002042
aleatorios;a10000.txt;0,002035
aleatorios;a10000.txt;0,002037
aleatorios;a10000.txt;0,002022
aleatorios;a10000.txt;0,002053
aleatorios;a10000.txt;0,002054
aleatorios;a10000.txt;0,002035
aleatorios;a15000.txt;0,002578
aleatorios;a15000.txt;0,002602
aleatorios;a15000.txt;0,002587
aleatorios;a15000.txt;0,002543
aleatorios;a15000.txt;0,002542
aleatorios;a15000.txt;0,002609
aleatorios;a15000.txt;0,002583
aleatorios;a15000.txt;0,002567
aleatorios;a15000.txt;0,002594
aleatorios;a15000.txt;0,002595
aleatorios;a15000.txt;0,002572
aleatorios;a15000.txt;0,002577
aleatorios;a15000.txt;0,002572
aleatorios;a15000.txt;0,003014
aleatorios;a15000.txt;0,002670
aleatorios;a15000.txt;0,002623
aleatorios;a15000.txt;0,002558
aleatorios;a15000.txt;0,003397
aleatorios;a15000.txt;0,002658
aleatorios;a15000.txt;0,002588
aleatorios;a15000.txt;0,002561
aleatorios;a15000.txt;0,002612
aleatorios;a15000.txt;0,002779
aleatorios;a15000.txt;0,002600
aleatorios;a15000.txt;0,002595
aleatorios;a15000.txt;0,002584
aleatorios;a15000.txt;0,002592
aleatorios;a15000.txt;0,002578
aleatorios;a15000.txt;0,002562
aleatorios;a15000.txt;0,002579
aleatorios;a30000.txt;0,003503
aleatorios;a30000.txt;0,003638
aleatorios;a30000.txt;0,003309
aleatorios;a30000.txt;0,003377
aleatorios;a30000.txt;0,003240
aleatorios;a30000.txt;0,003345
aleatorios;a30000.txt;0,003280
aleatorios;a30000.txt;0,003642
aleatorios;a30000.txt;0,003264
aleatorios;a30000.txt;0,003352
aleatorios;a30000.txt;0,003601
aleatorios;a30000.txt;0,003374
aleatorios;a30000.txt;0,003479
aleatorios;a30000.txt;0,003313
aleatorios;a30000.txt;0,003421
aleatorios;a30000.txt;0,003333
aleatorios;a30000.txt;0,003673
aleatorios;a30000.txt;0,003371
aleatorios;a30000.txt;0,003330
aleatorios;a30000.txt;0,003259
aleatorios;a30000.txt;0,003261
aleatorios;a30000.txt;0,003419
aleatorios;a30000.txt;0,003346
aleatorios;a30000.txt;0,003271
aleatorios;a30000.txt;0,003319
aleatorios;a30000.txt;0,003352
aleatorios;a30000.txt;0,003617
aleatorios;a30000.txt;0,003363
aleatorios;a30000.txt;0,003377
aleatorios;a30000.txt;0,003223
aleatorios;a50000.txt;0,004680
aleatorios;a50000.txt;0,004686
aleatorios;a50000.txt;0,004713
aleatorios;a50000.txt;0,004656
aleatorios;a50000.txt;0,004696
aleatorios;a50000.txt;0,004723
aleatorios;a50000.txt;0,004650
aleatorios;a50000.txt;0,004672
aleatorios;a50000.txt;0,004833
aleatorios;a50000.txt;0,004642
aleatorios;a50000.txt;0,004767
aleatorios;a50000.txt;0,004795
aleatorios;a50000.txt;0,004812
aleatorios;a50000.txt;0,004917
aleatorios;a50000.txt;0,004993
aleatorios;a50000.txt;0,004666
aleatorios;a50000.txt;0,004742
aleatorios;a50000.txt;0,004710
aleatorios;a50000.txt;0,004970
aleatorios;a50000.txt;0,004674
aleatorios;a50000.txt;0,004696
aleatorios;a50000.txt;0,004829
aleatorios;a50000.txt;0,004964
aleatorios;a50000.txt;0,004731
aleatorios;a50000.txt;0,004682
aleatorios;a50000.txt;0,004747
aleatorios;a50000.txt;0,004672
aleatorios;a50000.txt;0,004934
aleatorios;a50000.txt;0,004689
aleatorios;a50000.txt;0,004695
aleatorios;a100000.txt;0,007086
aleatorios;a100000.txt;0,006807
aleatorios;a100000.txt;0,006915
aleatorios;a100000.txt;0,006737
aleatorios;a100000.txt;0,006745
aleatorios;a100000.txt;0,006844
aleatorios;a100000.txt;0,006855
aleatorios;a100000.txt;0,006746
aleatorios;a100000.txt;0,006746
aleatorios;a100000.txt;0,006803
aleatorios;a100000.txt;0,006790
aleatorios;a100000.txt;0,006781
aleatorios;a100000.txt;0,006831
aleatorios;a100000.txt;0,006829
aleatorios;a100000.txt;0,006665
aleatorios;a100000.txt;0,006799
aleatorios;a100000.txt;0,006767
aleatorios;a100000.txt;0,006826
aleatorios;a100000.txt;0,006712
aleatorios;a100000.txt;0,006779
aleatorios;a100000.txt;0,006899
aleatorios;a100000.txt;0,006732
aleatorios;a100000.txt;0,006754
aleatorios;a100000.txt;0,006766
aleatorios;a100000.txt;0,006887
aleatorios;a100000.txt;0,006798
aleatorios;a100000.txt;0,006843
aleatorios;a100000.txt;0,006991
aleatorios;a100000.txt;0,006772
aleatorios;a100000.txt;0,006836
aleatorios;a200000.txt;0,010908
aleatorios;a200000.txt;0,010879
aleatorios;a200000.txt;0,010932
aleatorios;a200000.txt;0,010898
aleatorios;a200000.txt;0,010944
aleatorios;a200000.txt;0,010897
aleatorios;a200000.txt;0,012258
aleatorios;a200000.txt;0,010882
aleatorios;a200000.txt;0,010882
aleatorios;a200000.txt;0,010877
aleatorios;a200000.txt;0,010853
aleatorios;a200000.txt;0,010895
aleatorios;a200000.txt;0,010914
aleatorios;a200000.txt;0,010882
aleatorios;a200000.txt;0,010939
aleatorios;a200000.txt;0,010874
aleatorios;a200000.txt;0,010902
aleatorios;a200000.txt;0,010979
aleatorios;a200000.txt;0,010841
aleatorios;a200000.txt;0,010889
aleatorios;a200000.txt;0,010929
aleatorios;a200000.txt;0,010900
aleatorios;a200000.txt;0,010884
aleatorios;a200000.txt;0,010830
aleatorios;a200000.txt;0,010873
aleatorios;a200000.txt;0,010876
aleatorios;a200000.txt;0,010936
aleatorios;a200000.txt;0,010870
aleatorios;a200000.txt;0,010841
aleatorios;a200000.txt;0,010951
aleatorios;a500000.txt;0,036747
aleatorios;a500000.txt;0,033674
aleatorios;a500000.txt;0,035193
aleatorios;a500000.txt;0,036720
aleatorios;a500000.txt;0,038119
aleatorios;a500000.txt;0,021330
aleatorios;a500000.txt;0,037014
aleatorios;a500000.txt;0,036876
aleatorios;a500000.txt;0,036657
aleatorios;a500000.txt;0,036849
aleatorios;a500000.txt;0,036692
aleatorios;a500000.txt;0,037061
aleatorios;a500000.txt;0,035693
aleatorios;a500000.txt;0,036746
aleatorios;a500000.txt;0,036982
aleatorios;a500000.txt;0,037166
aleatorios;a500000.txt;0,037067
aleatorios;a500000.txt;0,037130
aleatorios;a500000.txt;0,037243
aleatorios;a500000.txt;0,026690
aleatorios;a500000.txt;0,037170
aleatorios;a500000.txt;0,037207
aleatorios;a500000.txt;0,037145
aleatorios;a500000.txt;0,038458
aleatorios;a500000.txt;0,037091
aleatorios;a500000.txt;0,036864
aleatorios;a500000.txt;0,036647
aleatorios;a500000.txt;0,036712
aleatorios;a500000.txt;0,036775
aleatorios;a500000.txt;0,036856
aleatorios;a1000000.txt;0,042956
aleatorios;a1000000.txt;0,040268
aleatorios;a1000000.txt;0,039038
aleatorios;a1000000.txt;0,038321
aleatorios;a1000000.txt;0,046362
aleatorios;a1000000.txt;0,060837
aleatorios;a1000000.txt;0,047694
aleatorios;a1000000.txt;0,047933
aleatorios;a1000000.txt;0,050976
aleatorios;a1000000.txt;0,045674
aleatorios;a1000000.txt;0,038811
aleatorios;a1000000.txt;0,038914
aleatorios;a1000000.txt;0,039616
aleatorios;a1000000.txt;0,038906
aleatorios;a1000000.txt;0,050219
aleatorios;a1000000.txt;0,046496
aleatorios;a1000000.txt;0,045171
aleatorios;a1000000.txt;0,063940
aleatorios;a1000000.txt;0,085419
aleatorios;a1000000.txt;0,077211
aleatorios;a1000000.txt;0,075711
aleatorios;a1000000.txt;0,069566
aleatorios;a1000000.txt;0,046931
aleatorios;a1000000.txt;0,038774
aleatorios;a1000000.txt;0,039713
aleatorios;a1000000.txt;0,046421
aleatorios;a1000000.txt;0,038183
aleatorios;a1000000.txt;0,038914
aleatorios;a1000000.txt;0,038390
aleatorios;a1000000.txt;0,038301
aleatorios;a1500000.txt;0,050973
aleatorios;a1500000.txt;0,050709
aleatorios;a1500000.txt;0,060834
aleatorios;a1500000.txt;0,075220
aleatorios;a1500000.txt;0,050538
aleatorios;a1500000.txt;0,050589
aleatorios;a1500000.txt;0,058005
aleatorios;a1500000.txt;0,050068
aleatorios;a1500000.txt;0,050780
aleatorios;a1500000.txt;0,060794
aleatorios;a1500000.txt;0,056256
aleatorios;a1500000.txt;0,049243
aleatorios;a1500000.txt;0,050210
aleatorios;a1500000.txt;0,049519
aleatorios;a1500000.txt;0,048083
aleatorios;a1500000.txt;0,050198
aleatorios;a1500000.txt;0,057168
aleatorios;a1500000.txt;0,058082
aleatorios;a1500000.txt;0,051425
aleatorios;a1500000.txt;0,057975
aleatorios;a1500000.txt;0,063968
aleatorios;a1500000.txt;0,065731
aleatorios;a1500000.txt;0,049487
aleatorios;a1500000.txt;0,049785
aleatorios;a1500000.txt;0,050256
aleatorios;a1500000.txt;0,050113
aleatorios;a1500000.txt;0,048285
aleatorios;a1500000.txt;0,059957
aleatorios;a1500000.txt;0,060116
aleatorios;a1500000.txt;0,058263
aleatorios;a2000000.txt;0,087581
aleatorios;a2000000.txt;0,076601
aleatorios;a2000000.txt;0,072520
aleatorios;a2000000.txt;0,062114
aleatorios;a2000000.txt;0,072171
aleatorios;a2000000.txt;0,062146
aleatorios;a2000000.txt;0,070425
aleatorios;a2000000.txt;0,083119
aleatorios;a2000000.txt;0,067871
aleatorios;a2000000.txt;0,070730
aleatorios;a2000000.txt;0,079239
aleatorios;a2000000.txt;0,076718
aleatorios;a2000000.txt;0,069573
aleatorios;a2000000.txt;0,060812
aleatorios;a2000000.txt;0,060851
aleatorios;a2000000.txt;0,069425
aleatorios;a2000000.txt;0,060940
aleatorios;a2000000.txt;0,067246
aleatorios;a2000000.txt;0,071782
aleatorios;a2000000.txt;0,070555
aleatorios;a2000000.txt;0,064601
aleatorios;a2000000.txt;0,061333
aleatorios;a2000000.txt;0,061286
aleatorios;a2000000.txt;0,069265
aleatorios;a2000000.txt;0,066664
aleatorios;a2000000.txt;0,061669
aleatorios;a2000000.txt;0,069808
aleatorios;a2000000.txt;0,073068
aleatorios;a2000000.txt;0,061884
aleatorios;a2000000.txt;0,072489
