aleatorios;a5000.txt;0.002891
aleatorios;a5000.txt;0.000840
aleatorios;a5000.txt;0.000891
aleatorios;a5000.txt;0.000847
aleatorios;a5000.txt;0.000827
aleatorios;a5000.txt;0.000843
aleatorios;a5000.txt;0.000848
aleatorios;a5000.txt;0.000836
aleatorios;a5000.txt;0.000837
aleatorios;a5000.txt;0.000819
aleatorios;a5000.txt;0.000838
aleatorios;a5000.txt;0.000824
aleatorios;a5000.txt;0.000823
aleatorios;a5000.txt;0.000818
aleatorios;a5000.txt;0.000841
aleatorios;a5000.txt;0.000818
aleatorios;a5000.txt;0.000871
aleatorios;a5000.txt;0.000821
aleatorios;a5000.txt;0.000842
aleatorios;a5000.txt;0.000839
aleatorios;a5000.txt;0.000820
aleatorios;a5000.txt;0.000826
aleatorios;a5000.txt;0.000838
aleatorios;a5000.txt;0.000843
aleatorios;a5000.txt;0.000834
aleatorios;a5000.txt;0.000837
aleatorios;a5000.txt;0.000851
aleatorios;a5000.txt;0.000854
aleatorios;a5000.txt;0.000851
aleatorios;a5000.txt;0.000843
aleatorios;a10000.txt;0.001446
aleatorios;a10000.txt;0.001462
aleatorios;a10000.txt;0.001460
aleatorios;a10000.txt;0.001460
aleatorios;a10000.txt;0.001430
aleatorios;a10000.txt;0.001452
aleatorios;a10000.txt;0.001449
aleatorios;a10000.txt;0.001430
aleatorios;a10000.txt;0.001480
aleatorios;a10000.txt;0.001453
aleatorios;a10000.txt;0.001479
aleatorios;a10000.txt;0.001439
aleatorios;a10000.txt;0.001462
aleatorios;a10000.txt;0.001441
aleatorios;a10000.txt;0.001446
aleatorios;a10000.txt;0.001454
aleatorios;a10000.txt;0.001455
aleatorios;a10000.txt;0.001445
aleatorios;a10000.txt;0.001437
aleatorios;a10000.txt;0.001449
aleatorios;a10000.txt;0.001459
aleatorios;a10000.txt;0.001501
aleatorios;a10000.txt;0.001465
aleatorios;a10000.txt;0.001444
aleatorios;a10000.txt;0.001437
aleatorios;a10000.txt;0.001449
aleatorios;a10000.txt;0.001428
aleatorios;a10000.txt;0.001430
aleatorios;a10000.txt;0.001435
aleatorios;a10000.txt;0.001462
aleatorios;a15000.txt;0.001994
aleatorios;a15000.txt;0.001964
aleatorios;a15000.txt;0.001969
aleatorios;a15000.txt;0.001951
aleatorios;a15000.txt;0.001982
aleatorios;a15000.txt;0.001945
aleatorios;a15000.txt;0.001976
aleatorios;a15000.txt;0.001978
aleatorios;a15000.txt;0.001988
aleatorios;a15000.txt;0.001963
aleatorios;a15000.txt;0.001971
aleatorios;a15000.txt;0.001949
aleatorios;a15000.txt;0.001956
aleatorios;a15000.txt;0.001978
aleatorios;a15000.txt;0.001969
aleatorios;a15000.txt;0.001983
aleatorios;a15000.txt;0.001948
aleatorios;a15000.txt;0.001982
aleatorios;a15000.txt;0.001970
aleatorios;a15000.txt;0.001963
aleatorios;a15000.txt;0.001980
aleatorios;a15000.txt;0.001973
aleatorios;a15000.txt;0.001960
aleatorios;a15000.txt;0.001986
aleatorios;a15000.txt;0.001953
aleatorios;a15000.txt;0.001978
aleatorios;a15000.txt;0.001964
aleatorios;a15000.txt;0.001943
aleatorios;a15000.txt;0.001982
aleatorios;a15000.txt;0.001980
aleatorios;a30000.txt;0.004605
aleatorios;a30000.txt;0.004520
aleatorios;a30000.txt;0.004586
aleatorios;a30000.txt;0.003949
aleatorios;a30000.txt;0.003965
aleatorios;a30000.txt;0.004671
aleatorios;a30000.txt;0.003963
aleatorios;a30000.txt;0.004846
aleatorios;a30000.txt;0.004752
aleatorios;a30000.txt;0.003951
aleatorios;a30000.txt;0.003935
aleatorios;a30000.txt;0.003965
aleatorios;a30000.txt;0.004620
aleatorios;a30000.txt;0.003930
aleatorios;a30000.txt;0.003905
aleatorios;a30000.txt;0.003952
aleatorios;a30000.txt;0.004662
aleatorios;a30000.txt;0.004518
aleatorios;a30000.txt;0.004543
aleatorios;a30000.txt;0.004604
aleatorios;a30000.txt;0.003964
aleatorios;a30000.txt;0.004677
aleatorios;a30000.txt;0.004608
aleatorios;a30000.txt;0.004573
aleatorios;a30000.txt;0.004588
aleatorios;a30000.txt;0.004508
aleatorios;a30000.txt;0.003974
aleatorios;a30000.txt;0.004611
aleatorios;a30000.txt;0.003841
aleatorios;a30000.txt;0.004512
aleatorios;a50000.txt;0.007676
aleatorios;a50000.txt;0.007747
aleatorios;a50000.txt;0.007689
aleatorios;a50000.txt;0.007695
aleatorios;a50000.txt;0.007828
aleatorios;a50000.txt;0.007623
aleatorios;a50000.txt;0.007846
aleatorios;a50000.txt;0.007928
aleatorios;a50000.txt;0.007846
aleatorios;a50000.txt;0.007710
aleatorios;a50000.txt;0.007722
aleatorios;a50000.txt;0.007683
aleatorios;a50000.txt;0.007733
aleatorios;a50000.txt;0.006687
aleatorios;a50000.txt;0.007965
aleatorios;a50000.txt;0.007755
aleatorios;a50000.txt;0.007751
aleatorios;a50000.txt;0.007722
aleatorios;a50000.txt;0.008182
aleatorios;a50000.txt;0.008038
aleatorios;a50000.txt;0.007942
aleatorios;a50000.txt;0.007887
aleatorios;a50000.txt;0.007838
aleatorios;a50000.txt;0.008013
aleatorios;a50000.txt;0.007804
aleatorios;a50000.txt;0.007821
aleatorios;a50000.txt;0.007890
aleatorios;a50000.txt;0.007830
aleatorios;a50000.txt;0.007952
aleatorios;a50000.txt;0.007832
aleatorios;a100000.txt;0.013709
aleatorios;a100000.txt;0.013840
aleatorios;a100000.txt;0.013603
aleatorios;a100000.txt;0.013743
aleatorios;a100000.txt;0.013533
aleatorios;a100000.txt;0.013531
aleatorios;a100000.txt;0.013652
aleatorios;a100000.txt;0.013822
aleatorios;a100000.txt;0.013787
aleatorios;a100000.txt;0.013583
aleatorios;a100000.txt;0.013608
aleatorios;a100000.txt;0.013564
aleatorios;a100000.txt;0.013584
aleatorios;a100000.txt;0.013740
aleatorios;a100000.txt;0.013837
aleatorios;a100000.txt;0.013521
aleatorios;a100000.txt;0.013336
aleatorios;a100000.txt;0.013650
aleatorios;a100000.txt;0.013572
aleatorios;a100000.txt;0.013766
aleatorios;a100000.txt;0.013750
aleatorios;a100000.txt;0.013753
aleatorios;a100000.txt;0.014062
aleatorios;a100000.txt;0.014144
aleatorios;a100000.txt;0.013594
aleatorios;a100000.txt;0.013607
aleatorios;a100000.txt;0.013798
aleatorios;a100000.txt;0.013760
aleatorios;a100000.txt;0.013504
aleatorios;a100000.txt;0.013818
aleatorios;a200000.txt;0.027333
aleatorios;a200000.txt;0.027882
aleatorios;a200000.txt;0.027848
aleatorios;a200000.txt;0.028008
aleatorios;a200000.txt;0.027703
aleatorios;a200000.txt;0.027602
aleatorios;a200000.txt;0.027811
aleatorios;a200000.txt;0.028102
aleatorios;a200000.txt;0.027606
aleatorios;a200000.txt;0.028042
aleatorios;a200000.txt;0.027389
aleatorios;a200000.txt;0.028075
aleatorios;a200000.txt;0.028127
aleatorios;a200000.txt;0.027398
aleatorios;a200000.txt;0.027877
aleatorios;a200000.txt;0.027896
aleatorios;a200000.txt;0.027854
aleatorios;a200000.txt;0.029586
aleatorios;a200000.txt;0.027561
aleatorios;a200000.txt;0.027607
aleatorios;a200000.txt;0.027673
aleatorios;a200000.txt;0.027535
aleatorios;a200000.txt;0.027942
aleatorios;a200000.txt;0.027121
aleatorios;a200000.txt;0.027169
aleatorios;a200000.txt;0.028023
aleatorios;a200000.txt;0.027591
aleatorios;a200000.txt;0.028171
aleatorios;a200000.txt;0.028043
aleatorios;a200000.txt;0.028298
aleatorios;a500000.txt;0.068303
aleatorios;a500000.txt;0.068385
aleatorios;a500000.txt;0.069382
aleatorios;a500000.txt;0.069415
aleatorios;a500000.txt;0.068837
aleatorios;a500000.txt;0.127007
aleatorios;a500000.txt;0.127354
aleatorios;a500000.txt;0.127585
aleatorios;a500000.txt;0.068069
aleatorios;a500000.txt;0.068839
aleatorios;a500000.txt;0.069651
aleatorios;a500000.txt;0.069945
aleatorios;a500000.txt;0.071093
aleatorios;a500000.txt;0.070232
aleatorios;a500000.txt;0.072897
aleatorios;a500000.txt;0.068853
aleatorios;a500000.txt;0.069554
aleatorios;a500000.txt;0.068836
aleatorios;a500000.txt;0.068111
aleatorios;a500000.txt;0.069246
aleatorios;a500000.txt;0.069583
aleatorios;a500000.txt;0.069571
aleatorios;a500000.txt;0.070431
aleatorios;a500000.txt;0.069659
aleatorios;a500000.txt;0.068538
aleatorios;a500000.txt;0.068559
aleatorios;a500000.txt;0.073221
aleatorios;a500000.txt;0.068845
aleatorios;a500000.txt;0.068856
aleatorios;a500000.txt;0.068378
aleatorios;a1000000.txt;0.139123
aleatorios;a1000000.txt;0.141536
aleatorios;a1000000.txt;0.154342
aleatorios;a1000000.txt;0.254202
aleatorios;a1000000.txt;0.200865
aleatorios;a1000000.txt;0.138771
aleatorios;a1000000.txt;0.141289
aleatorios;a1000000.txt;0.141339
aleatorios;a1000000.txt;0.141317
aleatorios;a1000000.txt;0.138324
aleatorios;a1000000.txt;0.138843
aleatorios;a1000000.txt;0.139064
aleatorios;a1000000.txt;0.138679
aleatorios;a1000000.txt;0.138930
aleatorios;a1000000.txt;0.139179
aleatorios;a1000000.txt;0.141033
aleatorios;a1000000.txt;0.141050
aleatorios;a1000000.txt;0.190117
aleatorios;a1000000.txt;0.258290
aleatorios;a1000000.txt;0.164424
aleatorios;a1000000.txt;0.138777
aleatorios;a1000000.txt;0.138919
aleatorios;a1000000.txt;0.141693
aleatorios;a1000000.txt;0.139170
aleatorios;a1000000.txt;0.142669
aleatorios;a1000000.txt;0.163284
aleatorios;a1000000.txt;0.141374
aleatorios;a1000000.txt;0.139249
aleatorios;a1000000.txt;0.138943
aleatorios;a1000000.txt;0.138916
aleatorios;a1500000.txt;0.208430
aleatorios;a1500000.txt;0.315860
aleatorios;a1500000.txt;0.364621
aleatorios;a1500000.txt;0.208264
aleatorios;a1500000.txt;0.208610
aleatorios;a1500000.txt;0.206728
aleatorios;a1500000.txt;0.206837
aleatorios;a1500000.txt;0.210012
aleatorios;a1500000.txt;0.211055
aleatorios;a1500000.txt;0.214256
aleatorios;a1500000.txt;0.209701
aleatorios;a1500000.txt;0.328939
aleatorios;a1500000.txt;0.347071
aleatorios;a1500000.txt;0.216162
aleatorios;a1500000.txt;0.210645
aleatorios;a1500000.txt;0.210186
aleatorios;a1500000.txt;0.210517
aleatorios;a1500000.txt;0.206856
aleatorios;a1500000.txt;0.215746
aleatorios;a1500000.txt;0.210343
aleatorios;a1500000.txt;0.207617
aleatorios;a1500000.txt;0.337496
aleatorios;a1500000.txt;0.348380
aleatorios;a1500000.txt;0.211004
aleatorios;a1500000.txt;0.210960
aleatorios;a1500000.txt;0.210775
aleatorios;a1500000.txt;0.211017
aleatorios;a1500000.txt;0.219383
aleatorios;a1500000.txt;0.208028
aleatorios;a1500000.txt;0.207645
aleatorios;a2000000.txt;0.280827
aleatorios;a2000000.txt;0.280133
aleatorios;a2000000.txt;0.280806
aleatorios;a2000000.txt;0.285263
aleatorios;a2000000.txt;0.285480
aleatorios;a2000000.txt;0.287549
aleatorios;a2000000.txt;0.280963
aleatorios;a2000000.txt;0.280006
aleatorios;a2000000.txt;0.279768
aleatorios;a2000000.txt;0.283529
aleatorios;a2000000.txt;0.282333
aleatorios;a2000000.txt;0.368681
aleatorios;a2000000.txt;0.423900
aleatorios;a2000000.txt;0.279923
aleatorios;a2000000.txt;0.279506
aleatorios;a2000000.txt;0.283532
aleatorios;a2000000.txt;0.284030
aleatorios;a2000000.txt;0.284338
aleatorios;a2000000.txt;0.279508
aleatorios;a2000000.txt;0.365525
aleatorios;a2000000.txt;0.431299
aleatorios;a2000000.txt;0.280794
aleatorios;a2000000.txt;0.283747
aleatorios;a2000000.txt;0.279785
aleatorios;a2000000.txt;0.279602
aleatorios;a2000000.txt;0.284726
aleatorios;a2000000.txt;0.279930
aleatorios;a2000000.txt;0.340932
aleatorios;a2000000.txt;0.452113
aleatorios;a2000000.txt;0.284039
