Pasta;Arquivo;Tempo_Segundos
aleatorios;a5000.txt;0.000487045
aleatorios;a5000.txt;0.000481401
aleatorios;a5000.txt;0.000490299
aleatorios;a5000.txt;0.00048839
aleatorios;a5000.txt;0.000484448
aleatorios;a5000.txt;0.000479724
aleatorios;a5000.txt;0.000482665
aleatorios;a5000.txt;0.000486617
aleatorios;a5000.txt;0.00049236
aleatorios;a5000.txt;0.000490415
aleatorios;a5000.txt;0.000483352
aleatorios;a5000.txt;0.000499378
aleatorios;a5000.txt;0.000486008
aleatorios;a5000.txt;0.000481794
aleatorios;a5000.txt;0.00048316
aleatorios;a5000.txt;0.000488651
aleatorios;a5000.txt;0.000484651
aleatorios;a5000.txt;0.000488343
aleatorios;a5000.txt;0.000487564
aleatorios;a5000.txt;0.000483813
aleatorios;a5000.txt;0.000497642
aleatorios;a5000.txt;0.000492918
aleatorios;a5000.txt;0.000482115
aleatorios;a5000.txt;0.000478821
aleatorios;a5000.txt;0.000527779
aleatorios;a5000.txt;0.000480858
aleatorios;a5000.txt;0.00049511
aleatorios;a5000.txt;0.000485903
aleatorios;a5000.txt;0.000486562
aleatorios;a5000.txt;0.000480366
aleatorios;a10000.txt;0.00104043
aleatorios;a10000.txt;0.00103405
aleatorios;a10000.txt;0.00103401
aleatorios;a10000.txt;0.00104718
aleatorios;a10000.txt;0.00105164
aleatorios;a10000.txt;0.00104417
aleatorios;a10000.txt;0.00102783
aleatorios;a10000.txt;0.00104767
aleatorios;a10000.txt;0.00103776
aleatorios;a10000.txt;0.00104612
aleatorios;a10000.txt;0.00102181
aleatorios;a10000.txt;0.00102949
aleatorios;a10000.txt;0.00103891
aleatorios;a10000.txt;0.00104416
aleatorios;a10000.txt;0.00104156
aleatorios;a10000.txt;0.00102813
aleatorios;a10000.txt;0.00106135
aleatorios;a10000.txt;0.00102238
aleatorios;a10000.txt;0.00102304
aleatorios;a10000.txt;0.00104632
aleatorios;a10000.txt;0.0010447
aleatorios;a10000.txt;0.00103435
aleatorios;a10000.txt;0.00107172
aleatorios;a10000.txt;0.00103157
aleatorios;a10000.txt;0.00104713
aleatorios;a10000.txt;0.00102307
aleatorios;a10000.txt;0.0010235
aleatorios;a10000.txt;0.00103476
aleatorios;a10000.txt;0.00104086
aleatorios;a10000.txt;0.00103808
aleatorios;a15000.txt;0.00160401
aleatorios;a15000.txt;0.00158955
aleatorios;a15000.txt;0.00160007
aleatorios;a15000.txt;0.00160511
aleatorios;a15000.txt;0.00159287
aleatorios;a15000.txt;0.00158466
aleatorios;a15000.txt;0.00159238
aleatorios;a15000.txt;0.00158313
aleatorios;a15000.txt;0.00160763
aleatorios;a15000.txt;0.00162249
aleatorios;a15000.txt;0.00162673
aleatorios;a15000.txt;0.0016086
aleatorios;a15000.txt;0.00160545
aleatorios;a15000.txt;0.00159358
aleatorios;a15000.txt;0.00160447
aleatorios;a15000.txt;0.00159015
aleatorios;a15000.txt;0.00160961
aleatorios;a15000.txt;0.0016025
aleatorios;a15000.txt;0.00162486
aleatorios;a15000.txt;0.00159507
aleatorios;a15000.txt;0.00159991
aleatorios;a15000.txt;0.00160289
aleatorios;a15000.txt;0.00158613
aleatorios;a15000.txt;0.00164967
aleatorios;a15000.txt;0.00160198
aleatorios;a15000.txt;0.0016202
aleatorios;a15000.txt;0.0015996
aleatorios;a15000.txt;0.00162601
aleatorios;a15000.txt;0.00162288
aleatorios;a15000.txt;0.00161242
aleatorios;a30000.txt;0.00335161
aleatorios;a30000.txt;0.00336675
aleatorios;a30000.txt;0.00344469
aleatorios;a30000.txt;0.00340257
aleatorios;a30000.txt;0.00338951
aleatorios;a30000.txt;0.00339886
aleatorios;a30000.txt;0.00338133
aleatorios;a30000.txt;0.00336144
aleatorios;a30000.txt;0.00333887
aleatorios;a30000.txt;0.0033619
aleatorios;a30000.txt;0.00341221
aleatorios;a30000.txt;0.00336479
aleatorios;a30000.txt;0.00337453
aleatorios;a30000.txt;0.00335962
aleatorios;a30000.txt;0.00337361
aleatorios;a30000.txt;0.00336667
aleatorios;a30000.txt;0.00335824
aleatorios;a30000.txt;0.00335714
aleatorios;a30000.txt;0.00338038
aleatorios;a30000.txt;0.00337826
aleatorios;a30000.txt;0.0033669
aleatorios;a30000.txt;0.00339917
aleatorios;a30000.txt;0.00336383
aleatorios;a30000.txt;0.00336688
aleatorios;a30000.txt;0.00336643
aleatorios;a30000.txt;0.00336993
aleatorios;a30000.txt;0.00332325
aleatorios;a30000.txt;0.0033701
aleatorios;a30000.txt;0.00336498
aleatorios;a30000.txt;0.00335485
aleatorios;a50000.txt;0.00570602
aleatorios;a50000.txt;0.00576987
aleatorios;a50000.txt;0.00580394
aleatorios;a50000.txt;0.00570505
aleatorios;a50000.txt;0.00575891
aleatorios;a50000.txt;0.00571424
aleatorios;a50000.txt;0.00572571
aleatorios;a50000.txt;0.005717
aleatorios;a50000.txt;0.00578215
aleatorios;a50000.txt;0.0057503
aleatorios;a50000.txt;0.00541749
aleatorios;a50000.txt;0.00548934
aleatorios;a50000.txt;0.00568614
aleatorios;a50000.txt;0.00556704
aleatorios;a50000.txt;0.00547851
aleatorios;a50000.txt;0.0057274
aleatorios;a50000.txt;0.00569241
aleatorios;a50000.txt;0.00571737
aleatorios;a50000.txt;0.00544339
aleatorios;a50000.txt;0.00573686
aleatorios;a50000.txt;0.00566825
aleatorios;a50000.txt;0.00574247
aleatorios;a50000.txt;0.00585902
aleatorios;a50000.txt;0.00578424
aleatorios;a50000.txt;0.00562915
aleatorios;a50000.txt;0.00558559
aleatorios;a50000.txt;0.00574925
aleatorios;a50000.txt;0.00573153
aleatorios;a50000.txt;0.00562836
aleatorios;a50000.txt;0.00573173
aleatorios;a100000.txt;0.0119109
aleatorios;a100000.txt;0.0118688
aleatorios;a100000.txt;0.0118381
aleatorios;a100000.txt;0.0118266
aleatorios;a100000.txt;0.0114443
aleatorios;a100000.txt;0.0117853
aleatorios;a100000.txt;0.011361
aleatorios;a100000.txt;0.0115194
aleatorios;a100000.txt;0.0117701
aleatorios;a100000.txt;0.0117983
aleatorios;a100000.txt;0.0116995
aleatorios;a100000.txt;0.011844
aleatorios;a100000.txt;0.0116922
aleatorios;a100000.txt;0.0119165
aleatorios;a100000.txt;0.0117788
aleatorios;a100000.txt;0.0118315
aleatorios;a100000.txt;0.0117692
aleatorios;a100000.txt;0.0117422
aleatorios;a100000.txt;0.0118521
aleatorios;a100000.txt;0.0118175
aleatorios;a100000.txt;0.0118725
aleatorios;a100000.txt;0.0113702
aleatorios;a100000.txt;0.0118011
aleatorios;a100000.txt;0.0120445
aleatorios;a100000.txt;0.0115217
aleatorios;a100000.txt;0.0112966
aleatorios;a100000.txt;0.0115446
aleatorios;a100000.txt;0.011635
aleatorios;a100000.txt;0.0114343
aleatorios;a100000.txt;0.0113946
aleatorios;a200000.txt;0.0238629
aleatorios;a200000.txt;0.0236543
aleatorios;a200000.txt;0.0230364
aleatorios;a200000.txt;0.0235354
aleatorios;a200000.txt;0.0234364
aleatorios;a200000.txt;0.0236486
aleatorios;a200000.txt;0.0250512
aleatorios;a200000.txt;0.0248525
aleatorios;a200000.txt;0.0259751
aleatorios;a200000.txt;0.024848
aleatorios;a200000.txt;0.0241544
aleatorios;a200000.txt;0.0240602
aleatorios;a200000.txt;0.0240549
aleatorios;a200000.txt;0.0242327
aleatorios;a200000.txt;0.0239819
aleatorios;a200000.txt;0.0234246
aleatorios;a200000.txt;0.0230747
aleatorios;a200000.txt;0.0236768
aleatorios;a200000.txt;0.0233297
aleatorios;a200000.txt;0.0231252
aleatorios;a200000.txt;0.0232521
aleatorios;a200000.txt;0.023234
aleatorios;a200000.txt;0.0240493
aleatorios;a200000.txt;0.0236072
aleatorios;a200000.txt;0.0230456
aleatorios;a200000.txt;0.0239736
aleatorios;a200000.txt;0.0233135
aleatorios;a200000.txt;0.0233482
aleatorios;a200000.txt;0.023903
aleatorios;a200000.txt;0.0234864
aleatorios;a500000.txt;0.0600505
aleatorios;a500000.txt;0.0599468
aleatorios;a500000.txt;0.0601065
aleatorios;a500000.txt;0.0595843
aleatorios;a500000.txt;0.0602681
aleatorios;a500000.txt;0.0601274
aleatorios;a500000.txt;0.060148
aleatorios;a500000.txt;0.0606365
aleatorios;a500000.txt;0.0609125
aleatorios;a500000.txt;0.0624356
aleatorios;a500000.txt;0.0610708
aleatorios;a500000.txt;0.0634
aleatorios;a500000.txt;0.0627146
aleatorios;a500000.txt;0.061571
aleatorios;a500000.txt;0.0613453
aleatorios;a500000.txt;0.0609942
aleatorios;a500000.txt;0.0607499
aleatorios;a500000.txt;0.0609062
aleatorios;a500000.txt;0.0603698
aleatorios;a500000.txt;0.0598615
aleatorios;a500000.txt;0.062178
aleatorios;a500000.txt;0.0659805
aleatorios;a500000.txt;0.0617965
aleatorios;a500000.txt;0.05978
aleatorios;a500000.txt;0.0604412
aleatorios;a500000.txt;0.0603906
aleatorios;a500000.txt;0.0601322
aleatorios;a500000.txt;0.0604808
aleatorios;a500000.txt;0.0606123
aleatorios;a500000.txt;0.0601937
aleatorios;a1000000.txt;0.12708
aleatorios;a1000000.txt;0.126708
aleatorios;a1000000.txt;0.125596
aleatorios;a1000000.txt;0.126688
aleatorios;a1000000.txt;0.126938
aleatorios;a1000000.txt;0.126395
aleatorios;a1000000.txt;0.125574
aleatorios;a1000000.txt;0.126209
aleatorios;a1000000.txt;0.127423
aleatorios;a1000000.txt;0.12578
aleatorios;a1000000.txt;0.134568
aleatorios;a1000000.txt;0.126785
aleatorios;a1000000.txt;0.127432
aleatorios;a1000000.txt;0.127408
aleatorios;a1000000.txt;0.127413
aleatorios;a1000000.txt;0.126977
aleatorios;a1000000.txt;0.126643
aleatorios;a1000000.txt;0.125098
aleatorios;a1000000.txt;0.126116
aleatorios;a1000000.txt;0.126108
aleatorios;a1000000.txt;0.127524
aleatorios;a1000000.txt;0.137259
aleatorios;a1000000.txt;0.233867
aleatorios;a1000000.txt;0.235733
aleatorios;a1000000.txt;0.234787
aleatorios;a1000000.txt;0.140961
aleatorios;a1000000.txt;0.124781
aleatorios;a1000000.txt;0.125959
aleatorios;a1000000.txt;0.126915
aleatorios;a1000000.txt;0.126994
aleatorios;a1500000.txt;0.194984
aleatorios;a1500000.txt;0.194184
aleatorios;a1500000.txt;0.193781
aleatorios;a1500000.txt;0.193902
aleatorios;a1500000.txt;0.202623
aleatorios;a1500000.txt;0.19354
aleatorios;a1500000.txt;0.194445
aleatorios;a1500000.txt;0.196195
aleatorios;a1500000.txt;0.195683
aleatorios;a1500000.txt;0.193786
aleatorios;a1500000.txt;0.195353
aleatorios;a1500000.txt;0.193973
aleatorios;a1500000.txt;0.193135
aleatorios;a1500000.txt;0.192563
aleatorios;a1500000.txt;0.362184
aleatorios;a1500000.txt;0.36081
aleatorios;a1500000.txt;0.238535
aleatorios;a1500000.txt;0.193054
aleatorios;a1500000.txt;0.194872
aleatorios;a1500000.txt;0.192365
aleatorios;a1500000.txt;0.193175
aleatorios;a1500000.txt;0.194063
aleatorios;a1500000.txt;0.196542
aleatorios;a1500000.txt;0.193247
aleatorios;a1500000.txt;0.193358
aleatorios;a1500000.txt;0.194
aleatorios;a1500000.txt;0.193647
aleatorios;a1500000.txt;0.19395
aleatorios;a1500000.txt;0.20474
aleatorios;a1500000.txt;0.194187
aleatorios;a2000000.txt;0.262902
aleatorios;a2000000.txt;0.269285
aleatorios;a2000000.txt;0.374716
aleatorios;a2000000.txt;0.488216
aleatorios;a2000000.txt;0.305402
aleatorios;a2000000.txt;0.261658
aleatorios;a2000000.txt;0.270406
aleatorios;a2000000.txt;0.263871
aleatorios;a2000000.txt;0.266327
aleatorios;a2000000.txt;0.262455
aleatorios;a2000000.txt;0.265258
aleatorios;a2000000.txt;0.266442
aleatorios;a2000000.txt;0.266302
aleatorios;a2000000.txt;0.267433
aleatorios;a2000000.txt;0.264986
aleatorios;a2000000.txt;0.262536
aleatorios;a2000000.txt;0.269772
aleatorios;a2000000.txt;0.48973
aleatorios;a2000000.txt;0.410748
aleatorios;a2000000.txt;0.27087
aleatorios;a2000000.txt;0.263738
aleatorios;a2000000.txt;0.26322
aleatorios;a2000000.txt;0.263222
aleatorios;a2000000.txt;0.263126
aleatorios;a2000000.txt;0.264197
aleatorios;a2000000.txt;0.262509
aleatorios;a2000000.txt;0.269245
aleatorios;a2000000.txt;0.263241
aleatorios;a2000000.txt;0.262827
aleatorios;a2000000.txt;0.262402
