Pasta;Arquivo;Tempo_Segundos
aleatorios;a5000.txt;0.000299
aleatorios;a5000.txt;0.000320
aleatorios;a5000.txt;0.000322
aleatorios;a5000.txt;0.000306
aleatorios;a5000.txt;0.000303
aleatorios;a5000.txt;0.000306
aleatorios;a5000.txt;0.000301
aleatorios;a5000.txt;0.000303
aleatorios;a5000.txt;0.000307
aleatorios;a5000.txt;0.000300
aleatorios;a5000.txt;0.000310
aleatorios;a5000.txt;0.000314
aleatorios;a5000.txt;0.000302
aleatorios;a5000.txt;0.000317
aleatorios;a5000.txt;0.000301
aleatorios;a5000.txt;0.000303
aleatorios;a5000.txt;0.000314
aleatorios;a5000.txt;0.000300
aleatorios;a5000.txt;0.000315
aleatorios;a5000.txt;0.000320
aleatorios;a5000.txt;0.000304
aleatorios;a5000.txt;0.000320
aleatorios;a5000.txt;0.000320
aleatorios;a5000.txt;0.000317
aleatorios;a5000.txt;0.000315
aleatorios;a5000.txt;0.000308
aleatorios;a5000.txt;0.000299
aleatorios;a5000.txt;0.000321
aleatorios;a5000.txt;0.000311
aleatorios;a5000.txt;0.000319
aleatorios;a10000.txt;0.000690
aleatorios;a10000.txt;0.000686
aleatorios;a10000.txt;0.000689
aleatorios;a10000.txt;0.000685
aleatorios;a10000.txt;0.000685
aleatorios;a10000.txt;0.000685
aleatorios;a10000.txt;0.000687
aleatorios;a10000.txt;0.000687
aleatorios;a10000.txt;0.000684
aleatorios;a10000.txt;0.000687
aleatorios;a10000.txt;0.000683
aleatorios;a10000.txt;0.000681
aleatorios;a10000.txt;0.000674
aleatorios;a10000.txt;0.000661
aleatorios;a10000.txt;0.000691
aleatorios;a10000.txt;0.000651
aleatorios;a10000.txt;0.000690
aleatorios;a10000.txt;0.000693
aleatorios;a10000.txt;0.000659
aleatorios;a10000.txt;0.000662
aleatorios;a10000.txt;0.000655
aleatorios;a10000.txt;0.000656
aleatorios;a10000.txt;0.000660
aleatorios;a10000.txt;0.000654
aleatorios;a10000.txt;0.000683
aleatorios;a10000.txt;0.000685
aleatorios;a10000.txt;0.000650
aleatorios;a10000.txt;0.000654
aleatorios;a10000.txt;0.000656
aleatorios;a10000.txt;0.000655
aleatorios;a15000.txt;0.001081
aleatorios;a15000.txt;0.001065
aleatorios;a15000.txt;0.001075
aleatorios;a15000.txt;0.001021
aleatorios;a15000.txt;0.001026
aleatorios;a15000.txt;0.001038
aleatorios;a15000.txt;0.001064
aleatorios;a15000.txt;0.001021
aleatorios;a15000.txt;0.001071
aleatorios;a15000.txt;0.001034
aleatorios;a15000.txt;0.001028
aleatorios;a15000.txt;0.001026
aleatorios;a15000.txt;0.001073
aleatorios;a15000.txt;0.001080
aleatorios;a15000.txt;0.001063
aleatorios;a15000.txt;0.001035
aleatorios;a15000.txt;0.001032
aleatorios;a15000.txt;0.001031
aleatorios;a15000.txt;0.001072
aleatorios;a15000.txt;0.001073
aleatorios;a15000.txt;0.001095
aleatorios;a15000.txt;0.001102
aleatorios;a15000.txt;0.001085
aleatorios;a15000.txt;0.001103
aleatorios;a15000.txt;0.001104
aleatorios;a15000.txt;0.001107
aleatorios;a15000.txt;0.001109
aleatorios;a15000.txt;0.001103
aleatorios;a15000.txt;0.001087
aleatorios;a15000.txt;0.001070
aleatorios;a30000.txt;0.002288
aleatorios;a30000.txt;0.002279
aleatorios;a30000.txt;0.002268
aleatorios;a30000.txt;0.002268
aleatorios;a30000.txt;0.002282
aleatorios;a30000.txt;0.002291
aleatorios;a30000.txt;0.002300
aleatorios;a30000.txt;0.002264
aleatorios;a30000.txt;0.002285
aleatorios;a30000.txt;0.002283
aleatorios;a30000.txt;0.002271
aleatorios;a30000.txt;0.002282
aleatorios;a30000.txt;0.002281
aleatorios;a30000.txt;0.002279
aleatorios;a30000.txt;0.002283
aleatorios;a30000.txt;0.002309
aleatorios;a30000.txt;0.002307
aleatorios;a30000.txt;0.002277
aleatorios;a30000.txt;0.002272
aleatorios;a30000.txt;0.002298
aleatorios;a30000.txt;0.002288
aleatorios;a30000.txt;0.002273
aleatorios;a30000.txt;0.002266
aleatorios;a30000.txt;0.002277
aleatorios;a30000.txt;0.002286
aleatorios;a30000.txt;0.002303
aleatorios;a30000.txt;0.002277
aleatorios;a30000.txt;0.002282
aleatorios;a30000.txt;0.002269
aleatorios;a30000.txt;0.002283
aleatorios;a50000.txt;0.003744
aleatorios;a50000.txt;0.003805
aleatorios;a50000.txt;0.003914
aleatorios;a50000.txt;0.003931
aleatorios;a50000.txt;0.003920
aleatorios;a50000.txt;0.003912
aleatorios;a50000.txt;0.003736
aleatorios;a50000.txt;0.003867
aleatorios;a50000.txt;0.003969
aleatorios;a50000.txt;0.003749
aleatorios;a50000.txt;0.003905
aleatorios;a50000.txt;0.003907
aleatorios;a50000.txt;0.003920
aleatorios;a50000.txt;0.003741
aleatorios;a50000.txt;0.003751
aleatorios;a50000.txt;0.003921
aleatorios;a50000.txt;0.003758
aleatorios;a50000.txt;0.003725
aleatorios;a50000.txt;0.003754
aleatorios;a50000.txt;0.003739
aleatorios;a50000.txt;0.003744
aleatorios;a50000.txt;0.003921
aleatorios;a50000.txt;0.003743
aleatorios;a50000.txt;0.003745
aleatorios;a50000.txt;0.003910
aleatorios;a50000.txt;0.003937
aleatorios;a50000.txt;0.003741
aleatorios;a50000.txt;0.003727
aleatorios;a50000.txt;0.003713
aleatorios;a50000.txt;0.003726
aleatorios;a100000.txt;0.007922
aleatorios;a100000.txt;0.007835
aleatorios;a100000.txt;0.007896
aleatorios;a100000.txt;0.007949
aleatorios;a100000.txt;0.007888
aleatorios;a100000.txt;0.007851
aleatorios;a100000.txt;0.007815
aleatorios;a100000.txt;0.008323
aleatorios;a100000.txt;0.007991
aleatorios;a100000.txt;0.007954
aleatorios;a100000.txt;0.008164
aleatorios;a100000.txt;0.007931
aleatorios;a100000.txt;0.007938
aleatorios;a100000.txt;0.007939
aleatorios;a100000.txt;0.007780
aleatorios;a100000.txt;0.007868
aleatorios;a100000.txt;0.007981
aleatorios;a100000.txt;0.007890
aleatorios;a100000.txt;0.007897
aleatorios;a100000.txt;0.008318
aleatorios;a100000.txt;0.008254
aleatorios;a100000.txt;0.007814
aleatorios;a100000.txt;0.008274
aleatorios;a100000.txt;0.007897
aleatorios;a100000.txt;0.008242
aleatorios;a100000.txt;0.008272
aleatorios;a100000.txt;0.008190
aleatorios;a100000.txt;0.008069
aleatorios;a100000.txt;0.008090
aleatorios;a100000.txt;0.007899
aleatorios;a200000.txt;0.016647
aleatorios;a200000.txt;0.016701
aleatorios;a200000.txt;0.016656
aleatorios;a200000.txt;0.016348
aleatorios;a200000.txt;0.017023
aleatorios;a200000.txt;0.016414
aleatorios;a200000.txt;0.016948
aleatorios;a200000.txt;0.017650
aleatorios;a200000.txt;0.018580
aleatorios;a200000.txt;0.017516
aleatorios;a200000.txt;0.017307
aleatorios;a200000.txt;0.016333
aleatorios;a200000.txt;0.016241
aleatorios;a200000.txt;0.016208
aleatorios;a200000.txt;0.016275
aleatorios;a200000.txt;0.016155
aleatorios;a200000.txt;0.016198
aleatorios;a200000.txt;0.016552
aleatorios;a200000.txt;0.016405
aleatorios;a200000.txt;0.017053
aleatorios;a200000.txt;0.016440
aleatorios;a200000.txt;0.016231
aleatorios;a200000.txt;0.016164
aleatorios;a200000.txt;0.016354
aleatorios;a200000.txt;0.017164
aleatorios;a200000.txt;0.017077
aleatorios;a200000.txt;0.017548
aleatorios;a200000.txt;0.016288
aleatorios;a200000.txt;0.016870
aleatorios;a200000.txt;0.016225
aleatorios;a500000.txt;0.042585
aleatorios;a500000.txt;0.043528
aleatorios;a500000.txt;0.042932
aleatorios;a500000.txt;0.043220
aleatorios;a500000.txt;0.047956
aleatorios;a500000.txt;0.047451
aleatorios;a500000.txt;0.045584
aleatorios;a500000.txt;0.044942
aleatorios;a500000.txt;0.042650
aleatorios;a500000.txt;0.042630
aleatorios;a500000.txt;0.042513
aleatorios;a500000.txt;0.041957
aleatorios;a500000.txt;0.041937
aleatorios;a500000.txt;0.049043
aleatorios;a500000.txt;0.046692
aleatorios;a500000.txt;0.042194
aleatorios;a500000.txt;0.078017
aleatorios;a500000.txt;0.080078
aleatorios;a500000.txt;0.079162
aleatorios;a500000.txt;0.078443
aleatorios;a500000.txt;0.080650
aleatorios;a500000.txt;0.078118
aleatorios;a500000.txt;0.046454
aleatorios;a500000.txt;0.043490
aleatorios;a500000.txt;0.043354
aleatorios;a500000.txt;0.046547
aleatorios;a500000.txt;0.043903
aleatorios;a500000.txt;0.041899
aleatorios;a500000.txt;0.041960
aleatorios;a500000.txt;0.042194
aleatorios;a1000000.txt;0.087479
aleatorios;a1000000.txt;0.093196
aleatorios;a1000000.txt;0.090301
aleatorios;a1000000.txt;0.086468
aleatorios;a1000000.txt;0.091583
aleatorios;a1000000.txt;0.089027
aleatorios;a1000000.txt;0.087903
aleatorios;a1000000.txt;0.089361
aleatorios;a1000000.txt;0.088582
aleatorios;a1000000.txt;0.089366
aleatorios;a1000000.txt;0.087334
aleatorios;a1000000.txt;0.086756
aleatorios;a1000000.txt;0.088757
aleatorios;a1000000.txt;0.090554
aleatorios;a1000000.txt;0.088111
aleatorios;a1000000.txt;0.090264
aleatorios;a1000000.txt;0.091180
aleatorios;a1000000.txt;0.158564
aleatorios;a1000000.txt;0.158500
aleatorios;a1000000.txt;0.159130
aleatorios;a1000000.txt;0.086220
aleatorios;a1000000.txt;0.086843
aleatorios;a1000000.txt;0.095003
aleatorios;a1000000.txt;0.088480
aleatorios;a1000000.txt;0.086192
aleatorios;a1000000.txt;0.086249
aleatorios;a1000000.txt;0.086031
aleatorios;a1000000.txt;0.087140
aleatorios;a1000000.txt;0.086248
aleatorios;a1000000.txt;0.086394
aleatorios;a1500000.txt;0.130865
aleatorios;a1500000.txt;0.135162
aleatorios;a1500000.txt;0.130886
aleatorios;a1500000.txt;0.137966
aleatorios;a1500000.txt;0.131457
aleatorios;a1500000.txt;0.131055
aleatorios;a1500000.txt;0.131475
aleatorios;a1500000.txt;0.136389
aleatorios;a1500000.txt;0.133675
aleatorios;a1500000.txt;0.134190
aleatorios;a1500000.txt;0.132330
aleatorios;a1500000.txt;0.241029
aleatorios;a1500000.txt;0.240455
aleatorios;a1500000.txt;0.132792
aleatorios;a1500000.txt;0.134747
aleatorios;a1500000.txt;0.142866
aleatorios;a1500000.txt;0.143690
aleatorios;a1500000.txt;0.147565
aleatorios;a1500000.txt;0.141486
aleatorios;a1500000.txt;0.134787
aleatorios;a1500000.txt;0.134478
aleatorios;a1500000.txt;0.132891
aleatorios;a1500000.txt;0.133489
aleatorios;a1500000.txt;0.135665
aleatorios;a1500000.txt;0.131972
aleatorios;a1500000.txt;0.144430
aleatorios;a1500000.txt;0.133192
aleatorios;a1500000.txt;0.242023
aleatorios;a1500000.txt;0.240052
aleatorios;a1500000.txt;0.130702
aleatorios;a2000000.txt;0.175264
aleatorios;a2000000.txt;0.187356
aleatorios;a2000000.txt;0.175462
aleatorios;a2000000.txt;0.176218
aleatorios;a2000000.txt;0.175126
aleatorios;a2000000.txt;0.175534
aleatorios;a2000000.txt;0.175964
aleatorios;a2000000.txt;0.191038
aleatorios;a2000000.txt;0.175705
aleatorios;a2000000.txt;0.175708
aleatorios;a2000000.txt;0.321812
aleatorios;a2000000.txt;0.321673
aleatorios;a2000000.txt;0.187280
aleatorios;a2000000.txt;0.176036
aleatorios;a2000000.txt;0.175975
aleatorios;a2000000.txt;0.175703
aleatorios;a2000000.txt;0.175869
aleatorios;a2000000.txt;0.177061
aleatorios;a2000000.txt;0.191089
aleatorios;a2000000.txt;0.188433
aleatorios;a2000000.txt;0.176771
aleatorios;a2000000.txt;0.178629
aleatorios;a2000000.txt;0.258145
aleatorios;a2000000.txt;0.327099
aleatorios;a2000000.txt;0.176243
aleatorios;a2000000.txt;0.176370
aleatorios;a2000000.txt;0.176222
aleatorios;a2000000.txt;0.176539
aleatorios;a2000000.txt;0.177237
aleatorios;a2000000.txt;0.186670
