aleatorios;a5000.txt;0.000227
aleatorios;a5000.txt;0.000225
aleatorios;a5000.txt;0.000237
aleatorios;a5000.txt;0.000226
aleatorios;a5000.txt;0.000224
aleatorios;a5000.txt;0.000236
aleatorios;a5000.txt;0.000227
aleatorios;a5000.txt;0.000230
aleatorios;a5000.txt;0.000239
aleatorios;a5000.txt;0.000231
aleatorios;a5000.txt;0.000223
aleatorios;a5000.txt;0.000252
aleatorios;a5000.txt;0.000224
aleatorios;a5000.txt;0.000225
aleatorios;a5000.txt;0.000239
aleatorios;a5000.txt;0.000236
aleatorios;a5000.txt;0.000241
aleatorios;a5000.txt;0.000240
aleatorios;a5000.txt;0.000233
aleatorios;a5000.txt;0.000234
aleatorios;a5000.txt;0.000233
aleatorios;a5000.txt;0.000238
aleatorios;a5000.txt;0.000243
aleatorios;a5000.txt;0.000234
aleatorios;a5000.txt;0.000249
aleatorios;a5000.txt;0.000234
aleatorios;a5000.txt;0.000233
aleatorios;a5000.txt;0.000238
aleatorios;a5000.txt;0.000239
aleatorios;a5000.txt;0.000231
aleatorios;a10000.txt;0.000507
aleatorios;a10000.txt;0.000506
aleatorios;a10000.txt;0.000505
aleatorios;a10000.txt;0.000491
aleatorios;a10000.txt;0.000510
aleatorios;a10000.txt;0.000501
aleatorios;a10000.txt;0.000513
aleatorios;a10000.txt;0.000498
aleatorios;a10000.txt;0.000501
aleatorios;a10000.txt;0.000502
aleatorios;a10000.txt;0.000503
aleatorios;a10000.txt;0.000525
aleatorios;a10000.txt;0.000504
aleatorios;a10000.txt;0.000506
aleatorios;a10000.txt;0.000502
aleatorios;a10000.txt;0.000506
aleatorios;a10000.txt;0.000514
aleatorios;a10000.txt;0.000503
aleatorios;a10000.txt;0.000505
aleatorios;a10000.txt;0.000501
aleatorios;a10000.txt;0.000498
aleatorios;a10000.txt;0.000499
aleatorios;a10000.txt;0.000507
aleatorios;a10000.txt;0.000525
aleatorios;a10000.txt;0.000502
aleatorios;a10000.txt;0.000493
aleatorios;a10000.txt;0.000538
aleatorios;a10000.txt;0.000506
aleatorios;a10000.txt;0.000501
aleatorios;a10000.txt;0.000504
aleatorios;a15000.txt;0.000885
aleatorios;a15000.txt;0.000783
aleatorios;a15000.txt;0.000780
aleatorios;a15000.txt;0.000774
aleatorios;a15000.txt;0.000797
aleatorios;a15000.txt;0.000774
aleatorios;a15000.txt;0.000775
aleatorios;a15000.txt;0.000777
aleatorios;a15000.txt;0.000776
aleatorios;a15000.txt;0.000776
aleatorios;a15000.txt;0.000775
aleatorios;a15000.txt;0.000781
aleatorios;a15000.txt;0.000782
aleatorios;a15000.txt;0.000779
aleatorios;a15000.txt;0.000826
aleatorios;a15000.txt;0.000777
aleatorios;a15000.txt;0.000779
aleatorios;a15000.txt;0.000796
aleatorios;a15000.txt;0.000777
aleatorios;a15000.txt;0.000777
aleatorios;a15000.txt;0.000816
aleatorios;a15000.txt;0.000776
aleatorios;a15000.txt;0.000774
aleatorios;a15000.txt;0.000779
aleatorios;a15000.txt;0.000812
aleatorios;a15000.txt;0.000779
aleatorios;a15000.txt;0.000778
aleatorios;a15000.txt;0.000777
aleatorios;a15000.txt;0.000779
aleatorios;a15000.txt;0.000773
aleatorios;a30000.txt;0.001631
aleatorios;a30000.txt;0.001632
aleatorios;a30000.txt;0.001633
aleatorios;a30000.txt;0.001639
aleatorios;a30000.txt;0.001634
aleatorios;a30000.txt;0.001637
aleatorios;a30000.txt;0.001638
aleatorios;a30000.txt;0.001631
aleatorios;a30000.txt;0.001642
aleatorios;a30000.txt;0.001699
aleatorios;a30000.txt;0.001640
aleatorios;a30000.txt;0.001637
aleatorios;a30000.txt;0.001637
aleatorios;a30000.txt;0.001636
aleatorios;a30000.txt;0.001636
aleatorios;a30000.txt;0.001636
aleatorios;a30000.txt;0.001639
aleatorios;a30000.txt;0.001627
aleatorios;a30000.txt;0.001643
aleatorios;a30000.txt;0.001635
aleatorios;a30000.txt;0.001638
aleatorios;a30000.txt;0.001652
aleatorios;a30000.txt;0.001641
aleatorios;a30000.txt;0.001635
aleatorios;a30000.txt;0.001787
aleatorios;a30000.txt;0.001639
aleatorios;a30000.txt;0.001663
aleatorios;a30000.txt;0.001640
aleatorios;a30000.txt;0.001647
aleatorios;a30000.txt;0.001654
aleatorios;a50000.txt;0.002819
aleatorios;a50000.txt;0.002824
aleatorios;a50000.txt;0.002859
aleatorios;a50000.txt;0.002839
aleatorios;a50000.txt;0.002824
aleatorios;a50000.txt;0.002826
aleatorios;a50000.txt;0.002810
aleatorios;a50000.txt;0.002814
aleatorios;a50000.txt;0.002821
aleatorios;a50000.txt;0.002815
aleatorios;a50000.txt;0.002811
aleatorios;a50000.txt;0.002822
aleatorios;a50000.txt;0.002870
aleatorios;a50000.txt;0.002815
aleatorios;a50000.txt;0.002836
aleatorios;a50000.txt;0.002827
aleatorios;a50000.txt;0.002836
aleatorios;a50000.txt;0.002859
aleatorios;a50000.txt;0.002823
aleatorios;a50000.txt;0.002844
aleatorios;a50000.txt;0.002833
aleatorios;a50000.txt;0.002815
aleatorios;a50000.txt;0.002820
aleatorios;a50000.txt;0.002829
aleatorios;a50000.txt;0.002854
aleatorios;a50000.txt;0.002817
aleatorios;a50000.txt;0.002810
aleatorios;a50000.txt;0.002814
aleatorios;a50000.txt;0.002870
aleatorios;a50000.txt;0.002868
aleatorios;a100000.txt;0.005811
aleatorios;a100000.txt;0.005808
aleatorios;a100000.txt;0.005841
aleatorios;a100000.txt;0.005837
aleatorios;a100000.txt;0.005835
aleatorios;a100000.txt;0.005833
aleatorios;a100000.txt;0.005606
aleatorios;a100000.txt;0.005804
aleatorios;a100000.txt;0.005564
aleatorios;a100000.txt;0.005725
aleatorios;a100000.txt;0.005817
aleatorios;a100000.txt;0.005861
aleatorios;a100000.txt;0.005826
aleatorios;a100000.txt;0.005826
aleatorios;a100000.txt;0.005864
aleatorios;a100000.txt;0.005567
aleatorios;a100000.txt;0.005824
aleatorios;a100000.txt;0.005819
aleatorios;a100000.txt;0.005603
aleatorios;a100000.txt;0.005816
aleatorios;a100000.txt;0.005829
aleatorios;a100000.txt;0.005573
aleatorios;a100000.txt;0.005821
aleatorios;a100000.txt;0.005834
aleatorios;a100000.txt;0.005836
aleatorios;a100000.txt;0.005785
aleatorios;a100000.txt;0.005830
aleatorios;a100000.txt;0.006429
aleatorios;a100000.txt;0.005824
aleatorios;a100000.txt;0.005827
aleatorios;a200000.txt;0.011992
aleatorios;a200000.txt;0.011964
aleatorios;a200000.txt;0.011587
aleatorios;a200000.txt;0.011813
aleatorios;a200000.txt;0.012082
aleatorios;a200000.txt;0.011456
aleatorios;a200000.txt;0.011580
aleatorios;a200000.txt;0.012007
aleatorios;a200000.txt;0.012011
aleatorios;a200000.txt;0.011965
aleatorios;a200000.txt;0.011805
aleatorios;a200000.txt;0.011547
aleatorios;a200000.txt;0.011459
aleatorios;a200000.txt;0.011947
aleatorios;a200000.txt;0.011511
aleatorios;a200000.txt;0.011407
aleatorios;a200000.txt;0.011491
aleatorios;a200000.txt;0.012016
aleatorios;a200000.txt;0.011393
aleatorios;a200000.txt;0.011789
aleatorios;a200000.txt;0.011958
aleatorios;a200000.txt;0.011446
aleatorios;a200000.txt;0.011484
aleatorios;a200000.txt;0.011495
aleatorios;a200000.txt;0.011958
aleatorios;a200000.txt;0.011959
aleatorios;a200000.txt;0.011552
aleatorios;a200000.txt;0.011729
aleatorios;a200000.txt;0.011482
aleatorios;a200000.txt;0.011457
aleatorios;a500000.txt;0.030029
aleatorios;a500000.txt;0.029783
aleatorios;a500000.txt;0.030458
aleatorios;a500000.txt;0.029531
aleatorios;a500000.txt;0.029582
aleatorios;a500000.txt;0.029528
aleatorios;a500000.txt;0.029786
aleatorios;a500000.txt;0.031230
aleatorios;a500000.txt;0.029482
aleatorios;a500000.txt;0.029575
aleatorios;a500000.txt;0.029632
aleatorios;a500000.txt;0.029629
aleatorios;a500000.txt;0.029508
aleatorios;a500000.txt;0.029833
aleatorios;a500000.txt;0.029874
aleatorios;a500000.txt;0.031028
aleatorios;a500000.txt;0.031770
aleatorios;a500000.txt;0.031082
aleatorios;a500000.txt;0.054990
aleatorios;a500000.txt;0.055636
aleatorios;a500000.txt;0.055239
aleatorios;a500000.txt;0.055435
aleatorios;a500000.txt;0.055536
aleatorios;a500000.txt;0.055230
aleatorios;a500000.txt;0.055342
aleatorios;a500000.txt;0.055598
aleatorios;a500000.txt;0.055169
aleatorios;a500000.txt;0.056159
aleatorios;a500000.txt;0.055250
aleatorios;a500000.txt;0.055267
aleatorios;a1000000.txt;0.060821
aleatorios;a1000000.txt;0.061213
aleatorios;a1000000.txt;0.060871
aleatorios;a1000000.txt;0.061296
aleatorios;a1000000.txt;0.061088
aleatorios;a1000000.txt;0.060588
aleatorios;a1000000.txt;0.061100
aleatorios;a1000000.txt;0.060525
aleatorios;a1000000.txt;0.060769
aleatorios;a1000000.txt;0.063965
aleatorios;a1000000.txt;0.060923
aleatorios;a1000000.txt;0.060992
aleatorios;a1000000.txt;0.065445
aleatorios;a1000000.txt;0.063706
aleatorios;a1000000.txt;0.060836
aleatorios;a1000000.txt;0.060659
aleatorios;a1000000.txt;0.061783
aleatorios;a1000000.txt;0.060686
aleatorios;a1000000.txt;0.060530
aleatorios;a1000000.txt;0.060913
aleatorios;a1000000.txt;0.060909
aleatorios;a1000000.txt;0.060915
aleatorios;a1000000.txt;0.060822
aleatorios;a1000000.txt;0.060807
aleatorios;a1000000.txt;0.060584
aleatorios;a1000000.txt;0.060555
aleatorios;a1000000.txt;0.061059
aleatorios;a1000000.txt;0.060692
aleatorios;a1000000.txt;0.060860
aleatorios;a1000000.txt;0.060843
aleatorios;a1500000.txt;0.092232
aleatorios;a1500000.txt;0.092073
aleatorios;a1500000.txt;0.094421
aleatorios;a1500000.txt;0.093978
aleatorios;a1500000.txt;0.093849
aleatorios;a1500000.txt;0.098845
aleatorios;a1500000.txt;0.094669
aleatorios;a1500000.txt;0.092543
aleatorios;a1500000.txt;0.094104
aleatorios;a1500000.txt;0.092626
aleatorios;a1500000.txt;0.092629
aleatorios;a1500000.txt;0.092539
aleatorios;a1500000.txt;0.092620
aleatorios;a1500000.txt;0.092309
aleatorios;a1500000.txt;0.092418
aleatorios;a1500000.txt;0.092336
aleatorios;a1500000.txt;0.092894
aleatorios;a1500000.txt;0.172326
aleatorios;a1500000.txt;0.172903
aleatorios;a1500000.txt;0.173677
aleatorios;a1500000.txt;0.172423
aleatorios;a1500000.txt;0.092371
aleatorios;a1500000.txt;0.092843
aleatorios;a1500000.txt;0.092317
aleatorios;a1500000.txt;0.092337
aleatorios;a1500000.txt;0.092636
aleatorios;a1500000.txt;0.092462
aleatorios;a1500000.txt;0.092786
aleatorios;a1500000.txt;0.092401
aleatorios;a1500000.txt;0.092394
aleatorios;a2000000.txt;0.125333
aleatorios;a2000000.txt;0.124717
aleatorios;a2000000.txt;0.124903
aleatorios;a2000000.txt;0.132647
aleatorios;a2000000.txt;0.124510
aleatorios;a2000000.txt;0.124878
aleatorios;a2000000.txt;0.125807
aleatorios;a2000000.txt;0.124919
aleatorios;a2000000.txt;0.124468
aleatorios;a2000000.txt;0.124385
aleatorios;a2000000.txt;0.124353
aleatorios;a2000000.txt;0.124278
aleatorios;a2000000.txt;0.124317
aleatorios;a2000000.txt;0.124580
aleatorios;a2000000.txt;0.124411
aleatorios;a2000000.txt;0.231630
aleatorios;a2000000.txt;0.232233
aleatorios;a2000000.txt;0.232499
aleatorios;a2000000.txt;0.126319
aleatorios;a2000000.txt;0.124339
aleatorios;a2000000.txt;0.124349
aleatorios;a2000000.txt;0.124094
aleatorios;a2000000.txt;0.124313
aleatorios;a2000000.txt;0.124443
aleatorios;a2000000.txt;0.124633
aleatorios;a2000000.txt;0.128217
aleatorios;a2000000.txt;0.127458
aleatorios;a2000000.txt;0.125281
aleatorios;a2000000.txt;0.126060
aleatorios;a2000000.txt;0.124496
