Pasta;Arquivo;Tempo_Segundos
aleatorios;a5000.txt;0,001282
aleatorios;a5000.txt;0,001277
aleatorios;a5000.txt;0,001274
aleatorios;a5000.txt;0,001302
aleatorios;a5000.txt;0,001286
aleatorios;a5000.txt;0,001305
aleatorios;a5000.txt;0,001337
aleatorios;a5000.txt;0,001292
aleatorios;a5000.txt;0,001277
aleatorios;a5000.txt;0,001287
aleatorios;a5000.txt;0,001285
aleatorios;a5000.txt;0,001324
aleatorios;a5000.txt;0,001322
aleatorios;a5000.txt;0,001281
aleatorios;a5000.txt;0,001287
aleatorios;a5000.txt;0,001280
aleatorios;a5000.txt;0,001270
aleatorios;a5000.txt;0,001319
aleatorios;a5000.txt;0,001278
aleatorios;a5000.txt;0,001292
aleatorios;a5000.txt;0,001259
aleatorios;a5000.txt;0,001305
aleatorios;a5000.txt;0,001262
aleatorios;a5000.txt;0,001282
aleatorios;a5000.txt;0,001290
aleatorios;a5000.txt;0,001272
aleatorios;a5000.txt;0,001290
aleatorios;a5000.txt;0,001274
aleatorios;a5000.txt;0,001284
aleatorios;a5000.txt;0,001309
aleatorios;a10000.txt;0,002237
aleatorios;a10000.txt;0,002315
aleatorios;a10000.txt;0,002366
aleatorios;a10000.txt;0,002312
aleatorios;a10000.txt;0,002238
aleatorios;a10000.txt;0,002233
aleatorios;a10000.txt;0,002309
aleatorios;a10000.txt;0,002273
aleatorios;a10000.txt;0,002276
aleatorios;a10000.txt;0,002312
aleatorios;a10000.txt;0,002265
aleatorios;a10000.txt;0,002249
aleatorios;a10000.txt;0,002238
aleatorios;a10000.txt;0,002263
aleatorios;a10000.txt;0,002248
aleatorios;a10000.txt;0,002302
aleatorios;a10000.txt;0,002220
aleatorios;a10000.txt;0,002317
aleatorios;a10000.txt;0,002240
aleatorios;a10000.txt;0,002263
aleatorios;a10000.txt;0,002237
aleatorios;a10000.txt;0,002292
aleatorios;a10000.txt;0,002264
aleatorios;a10000.txt;0,002285
aleatorios;a10000.txt;0,002320
aleatorios;a10000.txt;0,002262
aleatorios;a10000.txt;0,002324
aleatorios;a10000.txt;0,002278
aleatorios;a10000.txt;0,002256
aleatorios;a10000.txt;0,002439
aleatorios;a15000.txt;0,003111
aleatorios;a15000.txt;0,003082
aleatorios;a15000.txt;0,003158
aleatorios;a15000.txt;0,003035
aleatorios;a15000.txt;0,003082
aleatorios;a15000.txt;0,003059
aleatorios;a15000.txt;0,003133
aleatorios;a15000.txt;0,003133
aleatorios;a15000.txt;0,003059
aleatorios;a15000.txt;0,003064
aleatorios;a15000.txt;0,003097
aleatorios;a15000.txt;0,003042
aleatorios;a15000.txt;0,002954
aleatorios;a15000.txt;0,003032
aleatorios;a15000.txt;0,003139
aleatorios;a15000.txt;0,003035
aleatorios;a15000.txt;0,003057
aleatorios;a15000.txt;0,003082
aleatorios;a15000.txt;0,003049
aleatorios;a15000.txt;0,003121
aleatorios;a15000.txt;0,003105
aleatorios;a15000.txt;0,003078
aleatorios;a15000.txt;0,003096
aleatorios;a15000.txt;0,003100
aleatorios;a15000.txt;0,003069
aleatorios;a15000.txt;0,003037
aleatorios;a15000.txt;0,003119
aleatorios;a15000.txt;0,003060
aleatorios;a15000.txt;0,003024
aleatorios;a15000.txt;0,003102
aleatorios;a30000.txt;0,004929
aleatorios;a30000.txt;0,005036
aleatorios;a30000.txt;0,004957
aleatorios;a30000.txt;0,004917
aleatorios;a30000.txt;0,004949
aleatorios;a30000.txt;0,004954
aleatorios;a30000.txt;0,004994
aleatorios;a30000.txt;0,004946
aleatorios;a30000.txt;0,004972
aleatorios;a30000.txt;0,004970
aleatorios;a30000.txt;0,004910
aleatorios;a30000.txt;0,004916
aleatorios;a30000.txt;0,005010
aleatorios;a30000.txt;0,004883
aleatorios;a30000.txt;0,005013
aleatorios;a30000.txt;0,004926
aleatorios;a30000.txt;0,005005
aleatorios;a30000.txt;0,004920
aleatorios;a30000.txt;0,004935
aleatorios;a30000.txt;0,004967
aleatorios;a30000.txt;0,004946
aleatorios;a30000.txt;0,004965
aleatorios;a30000.txt;0,005030
aleatorios;a30000.txt;0,004960
aleatorios;a30000.txt;0,005000
aleatorios;a30000.txt;0,004978
aleatorios;a30000.txt;0,004927
aleatorios;a30000.txt;0,004989
aleatorios;a30000.txt;0,004973
aleatorios;a30000.txt;0,004897
aleatorios;a50000.txt;0,006836
aleatorios;a50000.txt;0,006872
aleatorios;a50000.txt;0,006894
aleatorios;a50000.txt;0,006847
aleatorios;a50000.txt;0,006774
aleatorios;a50000.txt;0,006833
aleatorios;a50000.txt;0,006813
aleatorios;a50000.txt;0,006827
aleatorios;a50000.txt;0,006894
aleatorios;a50000.txt;0,006741
aleatorios;a50000.txt;0,006756
aleatorios;a50000.txt;0,006770
aleatorios;a50000.txt;0,006876
aleatorios;a50000.txt;0,006899
aleatorios;a50000.txt;0,006787
aleatorios;a50000.txt;0,006728
aleatorios;a50000.txt;0,006841
aleatorios;a50000.txt;0,007040
aleatorios;a50000.txt;0,006888
aleatorios;a50000.txt;0,006829
aleatorios;a50000.txt;0,006761
aleatorios;a50000.txt;0,006869
aleatorios;a50000.txt;0,006926
aleatorios;a50000.txt;0,006707
aleatorios;a50000.txt;0,006935
aleatorios;a50000.txt;0,006891
aleatorios;a50000.txt;0,006826
aleatorios;a50000.txt;0,006870
aleatorios;a50000.txt;0,012303
aleatorios;a50000.txt;0,006842
aleatorios;a100000.txt;0,011216
aleatorios;a100000.txt;0,011264
aleatorios;a100000.txt;0,011237
aleatorios;a100000.txt;0,011225
aleatorios;a100000.txt;0,011235
aleatorios;a100000.txt;0,011299
aleatorios;a100000.txt;0,011307
aleatorios;a100000.txt;0,011415
aleatorios;a100000.txt;0,011134
aleatorios;a100000.txt;0,011433
aleatorios;a100000.txt;0,011184
aleatorios;a100000.txt;0,011265
aleatorios;a100000.txt;0,011135
aleatorios;a100000.txt;0,011236
aleatorios;a100000.txt;0,011076
aleatorios;a100000.txt;0,011356
aleatorios;a100000.txt;0,011559
aleatorios;a100000.txt;0,011814
aleatorios;a100000.txt;0,011105
aleatorios;a100000.txt;0,011261
aleatorios;a100000.txt;0,011249
aleatorios;a100000.txt;0,011187
aleatorios;a100000.txt;0,011131
aleatorios;a100000.txt;0,011109
aleatorios;a100000.txt;0,011316
aleatorios;a100000.txt;0,011290
aleatorios;a100000.txt;0,011322
aleatorios;a100000.txt;0,011164
aleatorios;a100000.txt;0,011182
aleatorios;a100000.txt;0,011228
aleatorios;a200000.txt;0,019148
aleatorios;a200000.txt;0,019512
aleatorios;a200000.txt;0,019279
aleatorios;a200000.txt;0,019111
aleatorios;a200000.txt;0,018930
aleatorios;a200000.txt;0,019235
aleatorios;a200000.txt;0,019828
aleatorios;a200000.txt;0,019569
aleatorios;a200000.txt;0,019414
aleatorios;a200000.txt;0,019132
aleatorios;a200000.txt;0,019549
aleatorios;a200000.txt;0,019273
aleatorios;a200000.txt;0,019658
aleatorios;a200000.txt;0,019297
aleatorios;a200000.txt;0,019282
aleatorios;a200000.txt;0,019236
aleatorios;a200000.txt;0,018936
aleatorios;a200000.txt;0,019247
aleatorios;a200000.txt;0,019546
aleatorios;a200000.txt;0,019126
aleatorios;a200000.txt;0,019152
aleatorios;a200000.txt;0,019887
aleatorios;a200000.txt;0,019329
aleatorios;a200000.txt;0,019746
aleatorios;a200000.txt;0,019462
aleatorios;a200000.txt;0,019174
aleatorios;a200000.txt;0,019262
aleatorios;a200000.txt;0,018928
aleatorios;a200000.txt;0,019115
aleatorios;a200000.txt;0,019612
aleatorios;a500000.txt;0,042187
aleatorios;a500000.txt;0,042932
aleatorios;a500000.txt;0,041892
aleatorios;a500000.txt;0,043260
aleatorios;a500000.txt;0,041335
aleatorios;a500000.txt;0,042830
aleatorios;a500000.txt;0,042113
aleatorios;a500000.txt;0,041895
aleatorios;a500000.txt;0,042952
aleatorios;a500000.txt;0,042104
aleatorios;a500000.txt;0,042846
aleatorios;a500000.txt;0,041216
aleatorios;a500000.txt;0,041554
aleatorios;a500000.txt;0,042207
aleatorios;a500000.txt;0,041811
aleatorios;a500000.txt;0,042533
aleatorios;a500000.txt;0,047241
aleatorios;a500000.txt;0,041938
aleatorios;a500000.txt;0,042803
aleatorios;a500000.txt;0,042156
aleatorios;a500000.txt;0,041666
aleatorios;a500000.txt;0,040974
aleatorios;a500000.txt;0,044817
aleatorios;a500000.txt;0,042134
aleatorios;a500000.txt;0,041766
aleatorios;a500000.txt;0,041700
aleatorios;a500000.txt;0,041978
aleatorios;a500000.txt;0,041404
aleatorios;a500000.txt;0,042578
aleatorios;a500000.txt;0,043735
aleatorios;a1000000.txt;0,079035
aleatorios;a1000000.txt;0,079569
aleatorios;a1000000.txt;0,079180
aleatorios;a1000000.txt;0,079011
aleatorios;a1000000.txt;0,079626
aleatorios;a1000000.txt;0,079756
aleatorios;a1000000.txt;0,080320
aleatorios;a1000000.txt;0,079272
aleatorios;a1000000.txt;0,080130
aleatorios;a1000000.txt;0,079025
aleatorios;a1000000.txt;0,082024
aleatorios;a1000000.txt;0,079040
aleatorios;a1000000.txt;0,083603
aleatorios;a1000000.txt;0,080136
aleatorios;a1000000.txt;0,080732
aleatorios;a1000000.txt;0,083528
aleatorios;a1000000.txt;0,079448
aleatorios;a1000000.txt;0,079249
aleatorios;a1000000.txt;0,083828
aleatorios;a1000000.txt;0,079386
aleatorios;a1000000.txt;0,079639
aleatorios;a1000000.txt;0,080694
aleatorios;a1000000.txt;0,081534
aleatorios;a1000000.txt;0,082167
aleatorios;a1000000.txt;0,078623
aleatorios;a1000000.txt;0,080791
aleatorios;a1000000.txt;0,080462
aleatorios;a1000000.txt;0,082497
aleatorios;a1000000.txt;0,081716
aleatorios;a1000000.txt;0,079112
aleatorios;a1500000.txt;0,120146
aleatorios;a1500000.txt;0,117833
aleatorios;a1500000.txt;0,115777
aleatorios;a1500000.txt;0,118551
aleatorios;a1500000.txt;0,116041
aleatorios;a1500000.txt;0,115288
aleatorios;a1500000.txt;0,118542
aleatorios;a1500000.txt;0,119219
aleatorios;a1500000.txt;0,118164
aleatorios;a1500000.txt;0,115989
aleatorios;a1500000.txt;0,117650
aleatorios;a1500000.txt;0,115140
aleatorios;a1500000.txt;0,115255
aleatorios;a1500000.txt;0,118196
aleatorios;a1500000.txt;0,121447
aleatorios;a1500000.txt;0,117591
aleatorios;a1500000.txt;0,115539
aleatorios;a1500000.txt;0,124043
aleatorios;a1500000.txt;0,115584
aleatorios;a1500000.txt;0,156910
aleatorios;a1500000.txt;0,117298
aleatorios;a1500000.txt;0,117565
aleatorios;a1500000.txt;0,121967
aleatorios;a1500000.txt;0,115224
aleatorios;a1500000.txt;0,116986
aleatorios;a1500000.txt;0,122969
aleatorios;a1500000.txt;0,117865
aleatorios;a1500000.txt;0,117087
aleatorios;a1500000.txt;0,117595
aleatorios;a1500000.txt;0,116230
aleatorios;a2000000.txt;0,157430
aleatorios;a2000000.txt;0,157982
aleatorios;a2000000.txt;0,157587
aleatorios;a2000000.txt;0,159015
aleatorios;a2000000.txt;0,157126
aleatorios;a2000000.txt;0,158276
aleatorios;a2000000.txt;0,155315
aleatorios;a2000000.txt;0,157292
aleatorios;a2000000.txt;0,155443
aleatorios;a2000000.txt;0,155548
aleatorios;a2000000.txt;0,155592
aleatorios;a2000000.txt;0,160588
aleatorios;a2000000.txt;0,157950
aleatorios;a2000000.txt;0,155827
aleatorios;a2000000.txt;0,155443
aleatorios;a2000000.txt;0,157842
aleatorios;a2000000.txt;0,155269
aleatorios;a2000000.txt;0,157223
aleatorios;a2000000.txt;0,155013
aleatorios;a2000000.txt;0,163795
aleatorios;a2000000.txt;0,155262
aleatorios;a2000000.txt;0,157562
aleatorios;a2000000.txt;0,155424
aleatorios;a2000000.txt;0,157835
aleatorios;a2000000.txt;0,156106
aleatorios;a2000000.txt;0,158282
aleatorios;a2000000.txt;0,155650
aleatorios;a2000000.txt;0,162704
aleatorios;a2000000.txt;0,157834
aleatorios;a2000000.txt;0,157832
