Pasta;Arquivo;Tempo_Segundos
aleatorios;a5000.txt;0.000394
aleatorios;a5000.txt;0.000409
aleatorios;a5000.txt;0.000413
aleatorios;a5000.txt;0.000413
aleatorios;a5000.txt;0.000417
aleatorios;a5000.txt;0.000420
aleatorios;a5000.txt;0.000392
aleatorios;a5000.txt;0.000409
aleatorios;a5000.txt;0.000405
aleatorios;a5000.txt;0.000412
aleatorios;a5000.txt;0.000413
aleatorios;a5000.txt;0.000409
aleatorios;a5000.txt;0.000407
aleatorios;a5000.txt;0.000415
aleatorios;a5000.txt;0.000406
aleatorios;a5000.txt;0.000407
aleatorios;a5000.txt;0.000416
aleatorios;a5000.txt;0.000412
aleatorios;a5000.txt;0.000402
aleatorios;a5000.txt;0.000420
aleatorios;a5000.txt;0.000406
aleatorios;a5000.txt;0.000413
aleatorios;a5000.txt;0.000407
aleatorios;a5000.txt;0.000413
aleatorios;a5000.txt;0.000405
aleatorios;a5000.txt;0.000411
aleatorios;a5000.txt;0.000404
aleatorios;a5000.txt;0.000411
aleatorios;a5000.txt;0.000399
aleatorios;a5000.txt;0.000405
aleatorios;a10000.txt;0.000877
aleatorios;a10000.txt;0.000934
aleatorios;a10000.txt;0.000885
aleatorios;a10000.txt;0.000887
aleatorios;a10000.txt;0.000888
aleatorios;a10000.txt;0.000881
aleatorios;a10000.txt;0.000891
aleatorios;a10000.txt;0.000885
aleatorios;a10000.txt;0.000891
aleatorios;a10000.txt;0.000883
aleatorios;a10000.txt;0.000880
aleatorios;a10000.txt;0.000884
aleatorios;a10000.txt;0.000886
aleatorios;a10000.txt;0.000895
aleatorios;a10000.txt;0.000888
aleatorios;a10000.txt;0.000887
aleatorios;a10000.txt;0.000883
aleatorios;a10000.txt;0.000881
aleatorios;a10000.txt;0.000888
aleatorios;a10000.txt;0.000889
aleatorios;a10000.txt;0.000886
aleatorios;a10000.txt;0.000853
aleatorios;a10000.txt;0.000847
aleatorios;a10000.txt;0.000850
aleatorios;a10000.txt;0.000851
aleatorios;a10000.txt;0.000879
aleatorios;a10000.txt;0.000878
aleatorios;a10000.txt;0.000908
aleatorios;a10000.txt;0.000886
aleatorios;a10000.txt;0.000883
aleatorios;a15000.txt;0.001364
aleatorios;a15000.txt;0.001320
aleatorios;a15000.txt;0.001325
aleatorios;a15000.txt;0.001299
aleatorios;a15000.txt;0.001287
aleatorios;a15000.txt;0.001280
aleatorios;a15000.txt;0.001310
aleatorios;a15000.txt;0.001245
aleatorios;a15000.txt;0.001350
aleatorios;a15000.txt;0.001280
aleatorios;a15000.txt;0.001319
aleatorios;a15000.txt;0.001300
aleatorios;a15000.txt;0.001327
aleatorios;a15000.txt;0.001324
aleatorios;a15000.txt;0.001314
aleatorios;a15000.txt;0.001302
aleatorios;a15000.txt;0.001343
aleatorios;a15000.txt;0.001331
aleatorios;a15000.txt;0.001326
aleatorios;a15000.txt;0.001303
aleatorios;a15000.txt;0.001327
aleatorios;a15000.txt;0.001301
aleatorios;a15000.txt;0.001300
aleatorios;a15000.txt;0.001313
aleatorios;a15000.txt;0.001321
aleatorios;a15000.txt;0.001323
aleatorios;a15000.txt;0.001302
aleatorios;a15000.txt;0.001314
aleatorios;a15000.txt;0.001320
aleatorios;a15000.txt;0.001309
aleatorios;a30000.txt;0.002860
aleatorios;a30000.txt;0.002919
aleatorios;a30000.txt;0.002873
aleatorios;a30000.txt;0.003161
aleatorios;a30000.txt;0.002914
aleatorios;a30000.txt;0.002902
aleatorios;a30000.txt;0.002851
aleatorios;a30000.txt;0.003271
aleatorios;a30000.txt;0.002975
aleatorios;a30000.txt;0.003015
aleatorios;a30000.txt;0.002959
aleatorios;a30000.txt;0.002895
aleatorios;a30000.txt;0.002896
aleatorios;a30000.txt;0.002848
aleatorios;a30000.txt;0.002861
aleatorios;a30000.txt;0.002838
aleatorios;a30000.txt;0.002857
aleatorios;a30000.txt;0.002855
aleatorios;a30000.txt;0.002884
aleatorios;a30000.txt;0.002871
aleatorios;a30000.txt;0.002845
aleatorios;a30000.txt;0.002895
aleatorios;a30000.txt;0.002844
aleatorios;a30000.txt;0.002985
aleatorios;a30000.txt;0.002887
aleatorios;a30000.txt;0.002740
aleatorios;a30000.txt;0.002899
aleatorios;a30000.txt;0.002921
aleatorios;a30000.txt;0.002731
aleatorios;a30000.txt;0.002846
aleatorios;a50000.txt;0.005167
aleatorios;a50000.txt;0.005262
aleatorios;a50000.txt;0.005072
aleatorios;a50000.txt;0.005074
aleatorios;a50000.txt;0.005387
aleatorios;a50000.txt;0.005031
aleatorios;a50000.txt;0.005067
aleatorios;a50000.txt;0.005288
aleatorios;a50000.txt;0.005269
aleatorios;a50000.txt;0.005310
aleatorios;a50000.txt;0.005403
aleatorios;a50000.txt;0.005343
aleatorios;a50000.txt;0.005234
aleatorios;a50000.txt;0.005254
aleatorios;a50000.txt;0.005392
aleatorios;a50000.txt;0.005361
aleatorios;a50000.txt;0.005336
aleatorios;a50000.txt;0.005272
aleatorios;a50000.txt;0.005304
aleatorios;a50000.txt;0.005190
aleatorios;a50000.txt;0.005385
aleatorios;a50000.txt;0.005315
aleatorios;a50000.txt;0.005292
aleatorios;a50000.txt;0.005264
aleatorios;a50000.txt;0.005337
aleatorios;a50000.txt;0.005286
aleatorios;a50000.txt;0.005281
aleatorios;a50000.txt;0.005244
aleatorios;a50000.txt;0.005157
aleatorios;a50000.txt;0.005290
aleatorios;a100000.txt;0.016743
aleatorios;a100000.txt;0.017665
aleatorios;a100000.txt;0.012850
aleatorios;a100000.txt;0.011284
aleatorios;a100000.txt;0.011202
aleatorios;a100000.txt;0.011190
aleatorios;a100000.txt;0.011324
aleatorios;a100000.txt;0.011427
aleatorios;a100000.txt;0.011313
aleatorios;a100000.txt;0.011349
aleatorios;a100000.txt;0.011192
aleatorios;a100000.txt;0.010890
aleatorios;a100000.txt;0.011348
aleatorios;a100000.txt;0.010875
aleatorios;a100000.txt;0.010877
aleatorios;a100000.txt;0.011268
aleatorios;a100000.txt;0.010893
aleatorios;a100000.txt;0.011274
aleatorios;a100000.txt;0.011253
aleatorios;a100000.txt;0.011001
aleatorios;a100000.txt;0.011308
aleatorios;a100000.txt;0.011215
aleatorios;a100000.txt;0.011231
aleatorios;a100000.txt;0.011310
aleatorios;a100000.txt;0.011092
aleatorios;a100000.txt;0.011344
aleatorios;a100000.txt;0.011396
aleatorios;a100000.txt;0.011448
aleatorios;a100000.txt;0.011252
aleatorios;a100000.txt;0.011259
aleatorios;a200000.txt;0.024004
aleatorios;a200000.txt;0.023882
aleatorios;a200000.txt;0.024162
aleatorios;a200000.txt;0.024078
aleatorios;a200000.txt;0.023995
aleatorios;a200000.txt;0.024220
aleatorios;a200000.txt;0.024174
aleatorios;a200000.txt;0.024023
aleatorios;a200000.txt;0.023725
aleatorios;a200000.txt;0.023890
aleatorios;a200000.txt;0.023239
aleatorios;a200000.txt;0.023963
aleatorios;a200000.txt;0.022668
aleatorios;a200000.txt;0.022509
aleatorios;a200000.txt;0.024094
aleatorios;a200000.txt;0.022858
aleatorios;a200000.txt;0.023173
aleatorios;a200000.txt;0.022649
aleatorios;a200000.txt;0.023291
aleatorios;a200000.txt;0.023669
aleatorios;a200000.txt;0.023142
aleatorios;a200000.txt;0.023693
aleatorios;a200000.txt;0.024267
aleatorios;a200000.txt;0.025259
aleatorios;a200000.txt;0.024232
aleatorios;a200000.txt;0.023925
aleatorios;a200000.txt;0.023462
aleatorios;a200000.txt;0.023310
aleatorios;a200000.txt;0.022945
aleatorios;a200000.txt;0.023677
aleatorios;a500000.txt;0.060593
aleatorios;a500000.txt;0.060327
aleatorios;a500000.txt;0.062078
aleatorios;a500000.txt;0.060944
aleatorios;a500000.txt;0.060607
aleatorios;a500000.txt;0.060844
aleatorios;a500000.txt;0.060247
aleatorios;a500000.txt;0.060529
aleatorios;a500000.txt;0.060287
aleatorios;a500000.txt;0.059982
aleatorios;a500000.txt;0.060960
aleatorios;a500000.txt;0.060742
aleatorios;a500000.txt;0.060283
aleatorios;a500000.txt;0.062000
aleatorios;a500000.txt;0.109881
aleatorios;a500000.txt;0.109850
aleatorios;a500000.txt;0.110345
aleatorios;a500000.txt;0.110480
aleatorios;a500000.txt;0.111570
aleatorios;a500000.txt;0.109909
aleatorios;a500000.txt;0.063058
aleatorios;a500000.txt;0.060137
aleatorios;a500000.txt;0.061631
aleatorios;a500000.txt;0.060727
aleatorios;a500000.txt;0.060875
aleatorios;a500000.txt;0.060505
aleatorios;a500000.txt;0.060321
aleatorios;a500000.txt;0.060643
aleatorios;a500000.txt;0.060182
aleatorios;a500000.txt;0.060473
aleatorios;a1000000.txt;0.128090
aleatorios;a1000000.txt;0.127625
aleatorios;a1000000.txt;0.127791
aleatorios;a1000000.txt;0.128206
aleatorios;a1000000.txt;0.129028
aleatorios;a1000000.txt;0.128840
aleatorios;a1000000.txt;0.136635
aleatorios;a1000000.txt;0.129582
aleatorios;a1000000.txt;0.128083
aleatorios;a1000000.txt;0.128464
aleatorios;a1000000.txt;0.128380
aleatorios;a1000000.txt;0.127242
aleatorios;a1000000.txt;0.127712
aleatorios;a1000000.txt;0.129047
aleatorios;a1000000.txt;0.128447
aleatorios;a1000000.txt;0.128368
aleatorios;a1000000.txt;0.128134
aleatorios;a1000000.txt;0.128255
aleatorios;a1000000.txt;0.132787
aleatorios;a1000000.txt;0.131023
aleatorios;a1000000.txt;0.128757
aleatorios;a1000000.txt;0.128997
aleatorios;a1000000.txt;0.127887
aleatorios;a1000000.txt;0.129140
aleatorios;a1000000.txt;0.128810
aleatorios;a1000000.txt;0.129798
aleatorios;a1000000.txt;0.128621
aleatorios;a1000000.txt;0.128522
aleatorios;a1000000.txt;0.128954
aleatorios;a1000000.txt;0.128689
aleatorios;a1500000.txt;0.206618
aleatorios;a1500000.txt;0.204900
aleatorios;a1500000.txt;0.203843
aleatorios;a1500000.txt;0.203910
aleatorios;a1500000.txt;0.203127
aleatorios;a1500000.txt;0.203778
aleatorios;a1500000.txt;0.203041
aleatorios;a1500000.txt;0.202594
aleatorios;a1500000.txt;0.204169
aleatorios;a1500000.txt;0.203440
aleatorios;a1500000.txt;0.203061
aleatorios;a1500000.txt;0.203344
aleatorios;a1500000.txt;0.202531
aleatorios;a1500000.txt;0.203594
aleatorios;a1500000.txt;0.203178
aleatorios;a1500000.txt;0.202684
aleatorios;a1500000.txt;0.202669
aleatorios;a1500000.txt;0.208320
aleatorios;a1500000.txt;0.202336
aleatorios;a1500000.txt;0.202194
aleatorios;a1500000.txt;0.201801
aleatorios;a1500000.txt;0.201909
aleatorios;a1500000.txt;0.202778
aleatorios;a1500000.txt;0.201676
aleatorios;a1500000.txt;0.201384
aleatorios;a1500000.txt;0.210293
aleatorios;a1500000.txt;0.202277
aleatorios;a1500000.txt;0.201586
aleatorios;a1500000.txt;0.202122
aleatorios;a1500000.txt;0.202977
aleatorios;a2000000.txt;0.269875
aleatorios;a2000000.txt;0.269803
aleatorios;a2000000.txt;0.279946
aleatorios;a2000000.txt;0.269377
aleatorios;a2000000.txt;0.268743
aleatorios;a2000000.txt;0.269034
aleatorios;a2000000.txt;0.294655
aleatorios;a2000000.txt;0.268424
aleatorios;a2000000.txt;0.280073
aleatorios;a2000000.txt;0.416611
aleatorios;a2000000.txt;0.483588
aleatorios;a2000000.txt;0.268809
aleatorios;a2000000.txt;0.268531
aleatorios;a2000000.txt;0.279105
aleatorios;a2000000.txt;0.268751
aleatorios;a2000000.txt;0.268750
aleatorios;a2000000.txt;0.268232
aleatorios;a2000000.txt;0.269148
aleatorios;a2000000.txt;0.269241
aleatorios;a2000000.txt;0.273042
aleatorios;a2000000.txt;0.269400
aleatorios;a2000000.txt;0.268236
aleatorios;a2000000.txt;0.268269
aleatorios;a2000000.txt;0.268537
aleatorios;a2000000.txt;0.290865
aleatorios;a2000000.txt;0.485049
aleatorios;a2000000.txt;0.331737
aleatorios;a2000000.txt;0.268342
aleatorios;a2000000.txt;0.269016
aleatorios;a2000000.txt;0.268556
