Pasta;Arquivo;Tempo_Segundos
decrescentes;d5000.txt;0.000232
decrescentes;d5000.txt;0.000226
decrescentes;d5000.txt;0.000215
decrescentes;d5000.txt;0.000231
decrescentes;d5000.txt;0.000220
decrescentes;d5000.txt;0.000230
decrescentes;d5000.txt;0.000222
decrescentes;d5000.txt;0.000231
decrescentes;d5000.txt;0.000219
decrescentes;d5000.txt;0.000226
decrescentes;d5000.txt;0.000234
decrescentes;d5000.txt;0.000215
decrescentes;d5000.txt;0.000221
decrescentes;d5000.txt;0.000221
decrescentes;d5000.txt;0.000229
decrescentes;d5000.txt;0.000230
decrescentes;d5000.txt;0.000229
decrescentes;d5000.txt;0.000220
decrescentes;d5000.txt;0.000224
decrescentes;d5000.txt;0.000226
decrescentes;d5000.txt;0.000217
decrescentes;d5000.txt;0.000232
decrescentes;d5000.txt;0.000215
decrescentes;d5000.txt;0.000229
decrescentes;d5000.txt;0.000217
decrescentes;d5000.txt;0.000215
decrescentes;d5000.txt;0.000231
decrescentes;d5000.txt;0.000219
decrescentes;d5000.txt;0.000228
decrescentes;d5000.txt;0.000214
decrescentes;d10000.txt;0.000471
decrescentes;d10000.txt;0.000463
decrescentes;d10000.txt;0.000448
decrescentes;d10000.txt;0.000466
decrescentes;d10000.txt;0.000446
decrescentes;d10000.txt;0.000453
decrescentes;d10000.txt;0.000461
decrescentes;d10000.txt;0.000465
decrescentes;d10000.txt;0.000451
decrescentes;d10000.txt;0.000445
decrescentes;d10000.txt;0.000463
decrescentes;d10000.txt;0.000464
decrescentes;d10000.txt;0.000466
decrescentes;d10000.txt;0.000459
decrescentes;d10000.txt;0.000464
decrescentes;d10000.txt;0.000478
decrescentes;d10000.txt;0.000469
decrescentes;d10000.txt;0.000475
decrescentes;d10000.txt;0.000444
decrescentes;d10000.txt;0.000441
decrescentes;d10000.txt;0.000479
decrescentes;d10000.txt;0.000466
decrescentes;d10000.txt;0.000479
decrescentes;d10000.txt;0.000449
decrescentes;d10000.txt;0.000461
decrescentes;d10000.txt;0.000451
decrescentes;d10000.txt;0.000461
decrescentes;d10000.txt;0.000454
decrescentes;d10000.txt;0.000476
decrescentes;d10000.txt;0.000469
decrescentes;d15000.txt;0.000691
decrescentes;d15000.txt;0.000704
decrescentes;d15000.txt;0.000667
decrescentes;d15000.txt;0.000726
decrescentes;d15000.txt;0.000686
decrescentes;d15000.txt;0.000700
decrescentes;d15000.txt;0.000701
decrescentes;d15000.txt;0.000687
decrescentes;d15000.txt;0.000700
decrescentes;d15000.txt;0.000691
decrescentes;d15000.txt;0.000689
decrescentes;d15000.txt;0.000702
decrescentes;d15000.txt;0.000672
decrescentes;d15000.txt;0.000699
decrescentes;d15000.txt;0.000682
decrescentes;d15000.txt;0.000698
decrescentes;d15000.txt;0.000712
decrescentes;d15000.txt;0.000690
decrescentes;d15000.txt;0.000685
decrescentes;d15000.txt;0.000692
decrescentes;d15000.txt;0.000710
decrescentes;d15000.txt;0.000682
decrescentes;d15000.txt;0.000744
decrescentes;d15000.txt;0.000693
decrescentes;d15000.txt;0.000666
decrescentes;d15000.txt;0.000698
decrescentes;d15000.txt;0.000704
decrescentes;d15000.txt;0.000683
decrescentes;d15000.txt;0.000721
decrescentes;d15000.txt;0.000714
decrescentes;d30000.txt;0.001371
decrescentes;d30000.txt;0.001394
decrescentes;d30000.txt;0.001457
decrescentes;d30000.txt;0.001398
decrescentes;d30000.txt;0.001326
decrescentes;d30000.txt;0.001458
decrescentes;d30000.txt;0.001373
decrescentes;d30000.txt;0.001323
decrescentes;d30000.txt;0.001489
decrescentes;d30000.txt;0.001450
decrescentes;d30000.txt;0.001365
decrescentes;d30000.txt;0.001473
decrescentes;d30000.txt;0.001405
decrescentes;d30000.txt;0.001392
decrescentes;d30000.txt;0.001370
decrescentes;d30000.txt;0.001407
decrescentes;d30000.txt;0.001432
decrescentes;d30000.txt;0.001392
decrescentes;d30000.txt;0.001435
decrescentes;d30000.txt;0.001380
decrescentes;d30000.txt;0.001404
decrescentes;d30000.txt;0.001366
decrescentes;d30000.txt;0.001443
decrescentes;d30000.txt;0.001419
decrescentes;d30000.txt;0.001405
decrescentes;d30000.txt;0.001392
decrescentes;d30000.txt;0.001387
decrescentes;d30000.txt;0.001405
decrescentes;d30000.txt;0.001390
decrescentes;d30000.txt;0.001376
decrescentes;d50000.txt;0.002137
decrescentes;d50000.txt;0.002145
decrescentes;d50000.txt;0.002181
decrescentes;d50000.txt;0.002118
decrescentes;d50000.txt;0.002286
decrescentes;d50000.txt;0.002099
decrescentes;d50000.txt;0.002211
decrescentes;d50000.txt;0.002256
decrescentes;d50000.txt;0.002218
decrescentes;d50000.txt;0.002214
decrescentes;d50000.txt;0.002152
decrescentes;d50000.txt;0.002329
decrescentes;d50000.txt;0.002158
decrescentes;d50000.txt;0.002047
decrescentes;d50000.txt;0.002115
decrescentes;d50000.txt;0.002145
decrescentes;d50000.txt;0.002057
decrescentes;d50000.txt;0.002138
decrescentes;d50000.txt;0.002401
decrescentes;d50000.txt;0.002180
decrescentes;d50000.txt;0.002264
decrescentes;d50000.txt;0.002267
decrescentes;d50000.txt;0.002188
decrescentes;d50000.txt;0.002204
decrescentes;d50000.txt;0.002199
decrescentes;d50000.txt;0.002222
decrescentes;d50000.txt;0.002329
decrescentes;d50000.txt;0.002274
decrescentes;d50000.txt;0.002137
decrescentes;d50000.txt;0.002110
decrescentes;d100000.txt;0.003268
decrescentes;d100000.txt;0.003185
decrescentes;d100000.txt;0.003070
decrescentes;d100000.txt;0.003132
decrescentes;d100000.txt;0.003283
decrescentes;d100000.txt;0.003109
decrescentes;d100000.txt;0.003101
decrescentes;d100000.txt;0.003298
decrescentes;d100000.txt;0.003213
decrescentes;d100000.txt;0.003206
decrescentes;d100000.txt;0.003146
decrescentes;d100000.txt;0.003041
decrescentes;d100000.txt;0.003138
decrescentes;d100000.txt;0.002927
decrescentes;d100000.txt;0.003050
decrescentes;d100000.txt;0.003421
decrescentes;d100000.txt;0.003224
decrescentes;d100000.txt;0.003093
decrescentes;d100000.txt;0.003170
decrescentes;d100000.txt;0.002907
decrescentes;d100000.txt;0.003107
decrescentes;d100000.txt;0.003099
decrescentes;d100000.txt;0.003169
decrescentes;d100000.txt;0.003139
decrescentes;d100000.txt;0.003132
decrescentes;d100000.txt;0.003132
decrescentes;d100000.txt;0.003300
decrescentes;d100000.txt;0.003326
decrescentes;d100000.txt;0.003248
decrescentes;d100000.txt;0.003115
decrescentes;d200000.txt;0.006312
decrescentes;d200000.txt;0.006101
decrescentes;d200000.txt;0.006208
decrescentes;d200000.txt;0.006101
decrescentes;d200000.txt;0.006239
decrescentes;d200000.txt;0.006117
decrescentes;d200000.txt;0.005924
decrescentes;d200000.txt;0.005834
decrescentes;d200000.txt;0.006203
decrescentes;d200000.txt;0.006052
decrescentes;d200000.txt;0.005905
decrescentes;d200000.txt;0.005842
decrescentes;d200000.txt;0.005946
decrescentes;d200000.txt;0.006048
decrescentes;d200000.txt;0.006154
decrescentes;d200000.txt;0.005987
decrescentes;d200000.txt;0.005964
decrescentes;d200000.txt;0.006003
decrescentes;d200000.txt;0.006193
decrescentes;d200000.txt;0.005924
decrescentes;d200000.txt;0.005905
decrescentes;d200000.txt;0.006014
decrescentes;d200000.txt;0.006071
decrescentes;d200000.txt;0.006075
decrescentes;d200000.txt;0.006382
decrescentes;d200000.txt;0.005888
decrescentes;d200000.txt;0.009692
decrescentes;d200000.txt;0.011569
decrescentes;d200000.txt;0.011375
decrescentes;d200000.txt;0.011180
decrescentes;d500000.txt;0.030140
decrescentes;d500000.txt;0.029395
decrescentes;d500000.txt;0.029713
decrescentes;d500000.txt;0.029698
decrescentes;d500000.txt;0.029524
decrescentes;d500000.txt;0.016439
decrescentes;d500000.txt;0.015753
decrescentes;d500000.txt;0.016076
decrescentes;d500000.txt;0.015705
decrescentes;d500000.txt;0.016510
decrescentes;d500000.txt;0.017173
decrescentes;d500000.txt;0.016124
decrescentes;d500000.txt;0.015966
decrescentes;d500000.txt;0.016413
decrescentes;d500000.txt;0.017070
decrescentes;d500000.txt;0.016432
decrescentes;d500000.txt;0.015627
decrescentes;d500000.txt;0.015686
decrescentes;d500000.txt;0.016050
decrescentes;d500000.txt;0.016165
decrescentes;d500000.txt;0.017758
decrescentes;d500000.txt;0.017154
decrescentes;d500000.txt;0.016035
decrescentes;d500000.txt;0.016258
decrescentes;d500000.txt;0.015944
decrescentes;d500000.txt;0.015973
decrescentes;d500000.txt;0.016267
decrescentes;d500000.txt;0.016225
decrescentes;d500000.txt;0.016252
decrescentes;d500000.txt;0.015527
decrescentes;d1000000.txt;0.029499
decrescentes;d1000000.txt;0.030206
decrescentes;d1000000.txt;0.028201
decrescentes;d1000000.txt;0.029126
decrescentes;d1000000.txt;0.027771
decrescentes;d1000000.txt;0.028054
decrescentes;d1000000.txt;0.027481
decrescentes;d1000000.txt;0.027928
decrescentes;d1000000.txt;0.027933
decrescentes;d1000000.txt;0.030944
decrescentes;d1000000.txt;0.030071
decrescentes;d1000000.txt;0.027558
decrescentes;d1000000.txt;0.052341
decrescentes;d1000000.txt;0.053211
decrescentes;d1000000.txt;0.052796
decrescentes;d1000000.txt;0.027907
decrescentes;d1000000.txt;0.028714
decrescentes;d1000000.txt;0.027623
decrescentes;d1000000.txt;0.027905
decrescentes;d1000000.txt;0.028982
decrescentes;d1000000.txt;0.031979
decrescentes;d1000000.txt;0.028279
decrescentes;d1000000.txt;0.029563
decrescentes;d1000000.txt;0.028575
decrescentes;d1000000.txt;0.027959
decrescentes;d1000000.txt;0.028037
decrescentes;d1000000.txt;0.028237
decrescentes;d1000000.txt;0.029594
decrescentes;d1000000.txt;0.028223
decrescentes;d1000000.txt;0.028136
decrescentes;d1500000.txt;0.045013
decrescentes;d1500000.txt;0.046060
decrescentes;d1500000.txt;0.048126
decrescentes;d1500000.txt;0.045514
decrescentes;d1500000.txt;0.046465
decrescentes;d1500000.txt;0.045160
decrescentes;d1500000.txt;0.045574
decrescentes;d1500000.txt;0.045050
decrescentes;d1500000.txt;0.044434
decrescentes;d1500000.txt;0.044837
decrescentes;d1500000.txt;0.045641
decrescentes;d1500000.txt;0.085885
decrescentes;d1500000.txt;0.083139
decrescentes;d1500000.txt;0.044198
decrescentes;d1500000.txt;0.046797
decrescentes;d1500000.txt;0.045911
decrescentes;d1500000.txt;0.045969
decrescentes;d1500000.txt;0.044535
decrescentes;d1500000.txt;0.044372
decrescentes;d1500000.txt;0.048606
decrescentes;d1500000.txt;0.045957
decrescentes;d1500000.txt;0.045015
decrescentes;d1500000.txt;0.045543
decrescentes;d1500000.txt;0.046090
decrescentes;d1500000.txt;0.044122
decrescentes;d1500000.txt;0.044637
decrescentes;d1500000.txt;0.044168
decrescentes;d1500000.txt;0.045661
decrescentes;d1500000.txt;0.044896
decrescentes;d1500000.txt;0.045171
decrescentes;d2000000.txt;0.056754
decrescentes;d2000000.txt;0.053839
decrescentes;d2000000.txt;0.053900
decrescentes;d2000000.txt;0.099174
decrescentes;d2000000.txt;0.099156
decrescentes;d2000000.txt;0.054898
decrescentes;d2000000.txt;0.054087
decrescentes;d2000000.txt;0.054780
decrescentes;d2000000.txt;0.054203
decrescentes;d2000000.txt;0.052244
decrescentes;d2000000.txt;0.054823
decrescentes;d2000000.txt;0.053608
decrescentes;d2000000.txt;0.054240
decrescentes;d2000000.txt;0.054525
decrescentes;d2000000.txt;0.052792
decrescentes;d2000000.txt;0.054546
decrescentes;d2000000.txt;0.054469
decrescentes;d2000000.txt;0.054309
decrescentes;d2000000.txt;0.054506
decrescentes;d2000000.txt;0.054044
decrescentes;d2000000.txt;0.054263
decrescentes;d2000000.txt;0.053890
decrescentes;d2000000.txt;0.053595
decrescentes;d2000000.txt;0.054844
decrescentes;d2000000.txt;0.103390
decrescentes;d2000000.txt;0.084337
decrescentes;d2000000.txt;0.053875
decrescentes;d2000000.txt;0.054466
decrescentes;d2000000.txt;0.055160
decrescentes;d2000000.txt;0.054431
