Pasta;Arquivo;Tempo_Segundos
decrescentes;d5000.txt;0.000083
decrescentes;d5000.txt;0.000082
decrescentes;d5000.txt;0.000084
decrescentes;d5000.txt;0.000083
decrescentes;d5000.txt;0.000087
decrescentes;d5000.txt;0.000083
decrescentes;d5000.txt;0.000083
decrescentes;d5000.txt;0.000082
decrescentes;d5000.txt;0.000083
decrescentes;d5000.txt;0.000083
decrescentes;d5000.txt;0.000084
decrescentes;d5000.txt;0.000083
decrescentes;d5000.txt;0.000083
decrescentes;d5000.txt;0.000083
decrescentes;d5000.txt;0.000084
decrescentes;d5000.txt;0.000082
decrescentes;d5000.txt;0.000082
decrescentes;d5000.txt;0.000084
decrescentes;d5000.txt;0.000084
decrescentes;d5000.txt;0.000082
decrescentes;d5000.txt;0.000083
decrescentes;d5000.txt;0.000083
decrescentes;d5000.txt;0.000083
decrescentes;d5000.txt;0.000083
decrescentes;d5000.txt;0.000083
decrescentes;d5000.txt;0.000083
decrescentes;d5000.txt;0.000083
decrescentes;d5000.txt;0.000083
decrescentes;d5000.txt;0.000083
decrescentes;d5000.txt;0.000083
decrescentes;d10000.txt;0.000182
decrescentes;d10000.txt;0.000179
decrescentes;d10000.txt;0.000183
decrescentes;d10000.txt;0.000179
decrescentes;d10000.txt;0.000181
decrescentes;d10000.txt;0.000177
decrescentes;d10000.txt;0.000182
decrescentes;d10000.txt;0.000180
decrescentes;d10000.txt;0.000180
decrescentes;d10000.txt;0.000180
decrescentes;d10000.txt;0.000177
decrescentes;d10000.txt;0.000180
decrescentes;d10000.txt;0.000178
decrescentes;d10000.txt;0.000177
decrescentes;d10000.txt;0.000170
decrescentes;d10000.txt;0.000182
decrescentes;d10000.txt;0.000178
decrescentes;d10000.txt;0.000179
decrescentes;d10000.txt;0.000179
decrescentes;d10000.txt;0.000180
decrescentes;d10000.txt;0.000177
decrescentes;d10000.txt;0.000182
decrescentes;d10000.txt;0.000180
decrescentes;d10000.txt;0.000177
decrescentes;d10000.txt;0.000181
decrescentes;d10000.txt;0.000180
decrescentes;d10000.txt;0.000177
decrescentes;d10000.txt;0.000180
decrescentes;d10000.txt;0.000179
decrescentes;d10000.txt;0.000179
decrescentes;d15000.txt;0.000259
decrescentes;d15000.txt;0.000259
decrescentes;d15000.txt;0.000259
decrescentes;d15000.txt;0.000247
decrescentes;d15000.txt;0.000259
decrescentes;d15000.txt;0.000260
decrescentes;d15000.txt;0.000262
decrescentes;d15000.txt;0.000261
decrescentes;d15000.txt;0.000263
decrescentes;d15000.txt;0.000248
decrescentes;d15000.txt;0.000250
decrescentes;d15000.txt;0.000263
decrescentes;d15000.txt;0.000258
decrescentes;d15000.txt;0.000248
decrescentes;d15000.txt;0.000246
decrescentes;d15000.txt;0.000248
decrescentes;d15000.txt;0.000257
decrescentes;d15000.txt;0.000249
decrescentes;d15000.txt;0.000261
decrescentes;d15000.txt;0.000261
decrescentes;d15000.txt;0.000263
decrescentes;d15000.txt;0.000258
decrescentes;d15000.txt;0.000263
decrescentes;d15000.txt;0.000264
decrescentes;d15000.txt;0.000261
decrescentes;d15000.txt;0.000263
decrescentes;d15000.txt;0.000248
decrescentes;d15000.txt;0.000259
decrescentes;d15000.txt;0.000257
decrescentes;d15000.txt;0.000247
decrescentes;d30000.txt;0.000479
decrescentes;d30000.txt;0.000484
decrescentes;d30000.txt;0.000483
decrescentes;d30000.txt;0.000483
decrescentes;d30000.txt;0.000506
decrescentes;d30000.txt;0.000495
decrescentes;d30000.txt;0.000511
decrescentes;d30000.txt;0.000480
decrescentes;d30000.txt;0.000501
decrescentes;d30000.txt;0.000490
decrescentes;d30000.txt;0.000488
decrescentes;d30000.txt;0.000480
decrescentes;d30000.txt;0.000511
decrescentes;d30000.txt;0.000480
decrescentes;d30000.txt;0.000490
decrescentes;d30000.txt;0.000496
decrescentes;d30000.txt;0.000510
decrescentes;d30000.txt;0.000489
decrescentes;d30000.txt;0.000482
decrescentes;d30000.txt;0.000530
decrescentes;d30000.txt;0.000485
decrescentes;d30000.txt;0.000485
decrescentes;d30000.txt;0.000487
decrescentes;d30000.txt;0.000481
decrescentes;d30000.txt;0.000491
decrescentes;d30000.txt;0.000482
decrescentes;d30000.txt;0.000478
decrescentes;d30000.txt;0.000491
decrescentes;d30000.txt;0.000480
decrescentes;d30000.txt;0.000481
decrescentes;d50000.txt;0.000917
decrescentes;d50000.txt;0.000850
decrescentes;d50000.txt;0.000801
decrescentes;d50000.txt;0.000832
decrescentes;d50000.txt;0.000804
decrescentes;d50000.txt;0.000788
decrescentes;d50000.txt;0.000863
decrescentes;d50000.txt;0.000854
decrescentes;d50000.txt;0.000811
decrescentes;d50000.txt;0.000849
decrescentes;d50000.txt;0.000814
decrescentes;d50000.txt;0.000811
decrescentes;d50000.txt;0.000853
decrescentes;d50000.txt;0.000835
decrescentes;d50000.txt;0.000880
decrescentes;d50000.txt;0.000828
decrescentes;d50000.txt;0.000813
decrescentes;d50000.txt;0.000853
decrescentes;d50000.txt;0.000813
decrescentes;d50000.txt;0.000807
decrescentes;d50000.txt;0.000840
decrescentes;d50000.txt;0.000821
decrescentes;d50000.txt;0.000823
decrescentes;d50000.txt;0.000816
decrescentes;d50000.txt;0.000819
decrescentes;d50000.txt;0.000795
decrescentes;d50000.txt;0.000810
decrescentes;d50000.txt;0.000789
decrescentes;d50000.txt;0.000837
decrescentes;d50000.txt;0.000805
decrescentes;d100000.txt;0.001517
decrescentes;d100000.txt;0.001603
decrescentes;d100000.txt;0.001529
decrescentes;d100000.txt;0.001597
decrescentes;d100000.txt;0.001582
decrescentes;d100000.txt;0.001658
decrescentes;d100000.txt;0.001589
decrescentes;d100000.txt;0.001657
decrescentes;d100000.txt;0.001679
decrescentes;d100000.txt;0.001760
decrescentes;d100000.txt;0.001756
decrescentes;d100000.txt;0.001722
decrescentes;d100000.txt;0.001634
decrescentes;d100000.txt;0.001607
decrescentes;d100000.txt;0.001586
decrescentes;d100000.txt;0.001652
decrescentes;d100000.txt;0.001644
decrescentes;d100000.txt;0.001647
decrescentes;d100000.txt;0.001592
decrescentes;d100000.txt;0.001559
decrescentes;d100000.txt;0.001519
decrescentes;d100000.txt;0.001542
decrescentes;d100000.txt;0.001537
decrescentes;d100000.txt;0.001552
decrescentes;d100000.txt;0.001542
decrescentes;d100000.txt;0.001546
decrescentes;d100000.txt;0.001580
decrescentes;d100000.txt;0.001584
decrescentes;d100000.txt;0.001603
decrescentes;d100000.txt;0.001587
decrescentes;d200000.txt;0.002972
decrescentes;d200000.txt;0.002878
decrescentes;d200000.txt;0.002874
decrescentes;d200000.txt;0.002754
decrescentes;d200000.txt;0.002900
decrescentes;d200000.txt;0.002912
decrescentes;d200000.txt;0.002893
decrescentes;d200000.txt;0.002774
decrescentes;d200000.txt;0.002783
decrescentes;d200000.txt;0.002909
decrescentes;d200000.txt;0.002919
decrescentes;d200000.txt;0.003000
decrescentes;d200000.txt;0.002768
decrescentes;d200000.txt;0.002752
decrescentes;d200000.txt;0.002822
decrescentes;d200000.txt;0.005046
decrescentes;d200000.txt;0.005120
decrescentes;d200000.txt;0.005053
decrescentes;d200000.txt;0.005043
decrescentes;d200000.txt;0.005018
decrescentes;d200000.txt;0.005151
decrescentes;d200000.txt;0.005055
decrescentes;d200000.txt;0.005115
decrescentes;d200000.txt;0.005171
decrescentes;d200000.txt;0.005125
decrescentes;d200000.txt;0.005024
decrescentes;d200000.txt;0.005031
decrescentes;d200000.txt;0.005125
decrescentes;d200000.txt;0.005146
decrescentes;d200000.txt;0.005017
decrescentes;d500000.txt;0.005994
decrescentes;d500000.txt;0.006163
decrescentes;d500000.txt;0.003994
decrescentes;d500000.txt;0.003880
decrescentes;d500000.txt;0.003761
decrescentes;d500000.txt;0.003965
decrescentes;d500000.txt;0.003665
decrescentes;d500000.txt;0.003890
decrescentes;d500000.txt;0.003726
decrescentes;d500000.txt;0.003792
decrescentes;d500000.txt;0.004267
decrescentes;d500000.txt;0.004655
decrescentes;d500000.txt;0.004029
decrescentes;d500000.txt;0.003877
decrescentes;d500000.txt;0.004016
decrescentes;d500000.txt;0.003775
decrescentes;d500000.txt;0.004015
decrescentes;d500000.txt;0.003884
decrescentes;d500000.txt;0.004077
decrescentes;d500000.txt;0.003907
decrescentes;d500000.txt;0.003666
decrescentes;d500000.txt;0.004184
decrescentes;d500000.txt;0.004093
decrescentes;d500000.txt;0.004239
decrescentes;d500000.txt;0.004466
decrescentes;d500000.txt;0.004281
decrescentes;d500000.txt;0.004106
decrescentes;d500000.txt;0.004800
decrescentes;d500000.txt;0.004103
decrescentes;d500000.txt;0.003734
decrescentes;d1000000.txt;0.007476
decrescentes;d1000000.txt;0.007484
decrescentes;d1000000.txt;0.007520
decrescentes;d1000000.txt;0.007455
decrescentes;d1000000.txt;0.007571
decrescentes;d1000000.txt;0.007302
decrescentes;d1000000.txt;0.007509
decrescentes;d1000000.txt;0.007505
decrescentes;d1000000.txt;0.007567
decrescentes;d1000000.txt;0.007739
decrescentes;d1000000.txt;0.007592
decrescentes;d1000000.txt;0.007593
decrescentes;d1000000.txt;0.007436
decrescentes;d1000000.txt;0.008524
decrescentes;d1000000.txt;0.008092
decrescentes;d1000000.txt;0.008723
decrescentes;d1000000.txt;0.009046
decrescentes;d1000000.txt;0.007865
decrescentes;d1000000.txt;0.007610
decrescentes;d1000000.txt;0.007390
decrescentes;d1000000.txt;0.007269
decrescentes;d1000000.txt;0.007769
decrescentes;d1000000.txt;0.007595
decrescentes;d1000000.txt;0.008105
decrescentes;d1000000.txt;0.007848
decrescentes;d1000000.txt;0.008047
decrescentes;d1000000.txt;0.007756
decrescentes;d1000000.txt;0.011528
decrescentes;d1000000.txt;0.011545
decrescentes;d1000000.txt;0.011241
decrescentes;d1500000.txt;0.017947
decrescentes;d1500000.txt;0.017713
decrescentes;d1500000.txt;0.012082
decrescentes;d1500000.txt;0.011809
decrescentes;d1500000.txt;0.011655
decrescentes;d1500000.txt;0.011451
decrescentes;d1500000.txt;0.012726
decrescentes;d1500000.txt;0.012330
decrescentes;d1500000.txt;0.011668
decrescentes;d1500000.txt;0.011519
decrescentes;d1500000.txt;0.011491
decrescentes;d1500000.txt;0.012202
decrescentes;d1500000.txt;0.011694
decrescentes;d1500000.txt;0.011468
decrescentes;d1500000.txt;0.011621
decrescentes;d1500000.txt;0.011866
decrescentes;d1500000.txt;0.011731
decrescentes;d1500000.txt;0.011701
decrescentes;d1500000.txt;0.013249
decrescentes;d1500000.txt;0.012179
decrescentes;d1500000.txt;0.011723
decrescentes;d1500000.txt;0.011417
decrescentes;d1500000.txt;0.011506
decrescentes;d1500000.txt;0.011742
decrescentes;d1500000.txt;0.011766
decrescentes;d1500000.txt;0.011572
decrescentes;d1500000.txt;0.011669
decrescentes;d1500000.txt;0.011615
decrescentes;d1500000.txt;0.011631
decrescentes;d1500000.txt;0.011814
decrescentes;d2000000.txt;0.015824
decrescentes;d2000000.txt;0.015691
decrescentes;d2000000.txt;0.016516
decrescentes;d2000000.txt;0.015790
decrescentes;d2000000.txt;0.016224
decrescentes;d2000000.txt;0.015675
decrescentes;d2000000.txt;0.015446
decrescentes;d2000000.txt;0.016791
decrescentes;d2000000.txt;0.016163
decrescentes;d2000000.txt;0.015819
decrescentes;d2000000.txt;0.015755
decrescentes;d2000000.txt;0.017884
decrescentes;d2000000.txt;0.016891
decrescentes;d2000000.txt;0.018399
decrescentes;d2000000.txt;0.017271
decrescentes;d2000000.txt;0.015744
decrescentes;d2000000.txt;0.017850
decrescentes;d2000000.txt;0.016019
decrescentes;d2000000.txt;0.015823
decrescentes;d2000000.txt;0.016405
decrescentes;d2000000.txt;0.015781
decrescentes;d2000000.txt;0.015893
decrescentes;d2000000.txt;0.015585
decrescentes;d2000000.txt;0.015958
decrescentes;d2000000.txt;0.023925
decrescentes;d2000000.txt;0.024120
decrescentes;d2000000.txt;0.025202
decrescentes;d2000000.txt;0.016315
decrescentes;d2000000.txt;0.015516
decrescentes;d2000000.txt;0.015579
