decrescentes;d5000.txt;0.000331
decrescentes;d5000.txt;0.000344
decrescentes;d5000.txt;0.000338
decrescentes;d5000.txt;0.000356
decrescentes;d5000.txt;0.000346
decrescentes;d5000.txt;0.000356
decrescentes;d5000.txt;0.000344
decrescentes;d5000.txt;0.000344
decrescentes;d5000.txt;0.000338
decrescentes;d5000.txt;0.000335
decrescentes;d5000.txt;0.000348
decrescentes;d5000.txt;0.000339
decrescentes;d5000.txt;0.000360
decrescentes;d5000.txt;0.000340
decrescentes;d5000.txt;0.000343
decrescentes;d5000.txt;0.000336
decrescentes;d5000.txt;0.000337
decrescentes;d5000.txt;0.000342
decrescentes;d5000.txt;0.000352
decrescentes;d5000.txt;0.000346
decrescentes;d5000.txt;0.000338
decrescentes;d5000.txt;0.000338
decrescentes;d5000.txt;0.000343
decrescentes;d5000.txt;0.000357
decrescentes;d5000.txt;0.000342
decrescentes;d5000.txt;0.000329
decrescentes;d5000.txt;0.000338
decrescentes;d5000.txt;0.000343
decrescentes;d5000.txt;0.000342
decrescentes;d5000.txt;0.000334
decrescentes;d10000.txt;0.000789
decrescentes;d10000.txt;0.000796
decrescentes;d10000.txt;0.000810
decrescentes;d10000.txt;0.000787
decrescentes;d10000.txt;0.000788
decrescentes;d10000.txt;0.000789
decrescentes;d10000.txt;0.000793
decrescentes;d10000.txt;0.000785
decrescentes;d10000.txt;0.000800
decrescentes;d10000.txt;0.000795
decrescentes;d10000.txt;0.000809
decrescentes;d10000.txt;0.000782
decrescentes;d10000.txt;0.000777
decrescentes;d10000.txt;0.000780
decrescentes;d10000.txt;0.000792
decrescentes;d10000.txt;0.000805
decrescentes;d10000.txt;0.000782
decrescentes;d10000.txt;0.000796
decrescentes;d10000.txt;0.000780
decrescentes;d10000.txt;0.000820
decrescentes;d10000.txt;0.000799
decrescentes;d10000.txt;0.000772
decrescentes;d10000.txt;0.000776
decrescentes;d10000.txt;0.000782
decrescentes;d10000.txt;0.000784
decrescentes;d10000.txt;0.000782
decrescentes;d10000.txt;0.000779
decrescentes;d10000.txt;0.000780
decrescentes;d10000.txt;0.000795
decrescentes;d10000.txt;0.000775
decrescentes;d15000.txt;0.001152
decrescentes;d15000.txt;0.001153
decrescentes;d15000.txt;0.001132
decrescentes;d15000.txt;0.001165
decrescentes;d15000.txt;0.001135
decrescentes;d15000.txt;0.001160
decrescentes;d15000.txt;0.001140
decrescentes;d15000.txt;0.001142
decrescentes;d15000.txt;0.001143
decrescentes;d15000.txt;0.001129
decrescentes;d15000.txt;0.001140
decrescentes;d15000.txt;0.001174
decrescentes;d15000.txt;0.001181
decrescentes;d15000.txt;0.001179
decrescentes;d15000.txt;0.001147
decrescentes;d15000.txt;0.001140
decrescentes;d15000.txt;0.001143
decrescentes;d15000.txt;0.001170
decrescentes;d15000.txt;0.001144
decrescentes;d15000.txt;0.001132
decrescentes;d15000.txt;0.001138
decrescentes;d15000.txt;0.001170
decrescentes;d15000.txt;0.001151
decrescentes;d15000.txt;0.001144
decrescentes;d15000.txt;0.001148
decrescentes;d15000.txt;0.001161
decrescentes;d15000.txt;0.001143
decrescentes;d15000.txt;0.001144
decrescentes;d15000.txt;0.001156
decrescentes;d15000.txt;0.001086
decrescentes;d30000.txt;0.001901
decrescentes;d30000.txt;0.001950
decrescentes;d30000.txt;0.001942
decrescentes;d30000.txt;0.001939
decrescentes;d30000.txt;0.002560
decrescentes;d30000.txt;0.001929
decrescentes;d30000.txt;0.001940
decrescentes;d30000.txt;0.001898
decrescentes;d30000.txt;0.002464
decrescentes;d30000.txt;0.001948
decrescentes;d30000.txt;0.001895
decrescentes;d30000.txt;0.001936
decrescentes;d30000.txt;0.001903
decrescentes;d30000.txt;0.001938
decrescentes;d30000.txt;0.001916
decrescentes;d30000.txt;0.001938
decrescentes;d30000.txt;0.001917
decrescentes;d30000.txt;0.001923
decrescentes;d30000.txt;0.001907
decrescentes;d30000.txt;0.001925
decrescentes;d30000.txt;0.001947
decrescentes;d30000.txt;0.001893
decrescentes;d30000.txt;0.002601
decrescentes;d30000.txt;0.001939
decrescentes;d30000.txt;0.001964
decrescentes;d30000.txt;0.001883
decrescentes;d30000.txt;0.001880
decrescentes;d30000.txt;0.001898
decrescentes;d30000.txt;0.001949
decrescentes;d30000.txt;0.001982
decrescentes;d50000.txt;0.004013
decrescentes;d50000.txt;0.004007
decrescentes;d50000.txt;0.004139
decrescentes;d50000.txt;0.004038
decrescentes;d50000.txt;0.003988
decrescentes;d50000.txt;0.003951
decrescentes;d50000.txt;0.004044
decrescentes;d50000.txt;0.003799
decrescentes;d50000.txt;0.004139
decrescentes;d50000.txt;0.004157
decrescentes;d50000.txt;0.002881
decrescentes;d50000.txt;0.004016
decrescentes;d50000.txt;0.003999
decrescentes;d50000.txt;0.003928
decrescentes;d50000.txt;0.002958
decrescentes;d50000.txt;0.003971
decrescentes;d50000.txt;0.004042
decrescentes;d50000.txt;0.002947
decrescentes;d50000.txt;0.004014
decrescentes;d50000.txt;0.003952
decrescentes;d50000.txt;0.004083
decrescentes;d50000.txt;0.003998
decrescentes;d50000.txt;0.004027
decrescentes;d50000.txt;0.002969
decrescentes;d50000.txt;0.002875
decrescentes;d50000.txt;0.002950
decrescentes;d50000.txt;0.003991
decrescentes;d50000.txt;0.002927
decrescentes;d50000.txt;0.002969
decrescentes;d50000.txt;0.002881
decrescentes;d100000.txt;0.005615
decrescentes;d100000.txt;0.005337
decrescentes;d100000.txt;0.005524
decrescentes;d100000.txt;0.005713
decrescentes;d100000.txt;0.005534
decrescentes;d100000.txt;0.005596
decrescentes;d100000.txt;0.005613
decrescentes;d100000.txt;0.005516
decrescentes;d100000.txt;0.005489
decrescentes;d100000.txt;0.005646
decrescentes;d100000.txt;0.006058
decrescentes;d100000.txt;0.005641
decrescentes;d100000.txt;0.005644
decrescentes;d100000.txt;0.005506
decrescentes;d100000.txt;0.005614
decrescentes;d100000.txt;0.005604
decrescentes;d100000.txt;0.005602
decrescentes;d100000.txt;0.005621
decrescentes;d100000.txt;0.005479
decrescentes;d100000.txt;0.005500
decrescentes;d100000.txt;0.005513
decrescentes;d100000.txt;0.005478
decrescentes;d100000.txt;0.005574
decrescentes;d100000.txt;0.005521
decrescentes;d100000.txt;0.005669
decrescentes;d100000.txt;0.005498
decrescentes;d100000.txt;0.005638
decrescentes;d100000.txt;0.005590
decrescentes;d100000.txt;0.005493
decrescentes;d100000.txt;0.005594
decrescentes;d200000.txt;0.009491
decrescentes;d200000.txt;0.009471
decrescentes;d200000.txt;0.009540
decrescentes;d200000.txt;0.009739
decrescentes;d200000.txt;0.009709
decrescentes;d200000.txt;0.009632
decrescentes;d200000.txt;0.009691
decrescentes;d200000.txt;0.009886
decrescentes;d200000.txt;0.009711
decrescentes;d200000.txt;0.009563
decrescentes;d200000.txt;0.009618
decrescentes;d200000.txt;0.009709
decrescentes;d200000.txt;0.009524
decrescentes;d200000.txt;0.009716
decrescentes;d200000.txt;0.009772
decrescentes;d200000.txt;0.009782
decrescentes;d200000.txt;0.009678
decrescentes;d200000.txt;0.009641
decrescentes;d200000.txt;0.009554
decrescentes;d200000.txt;0.009674
decrescentes;d200000.txt;0.009685
decrescentes;d200000.txt;0.009547
decrescentes;d200000.txt;0.009652
decrescentes;d200000.txt;0.009605
decrescentes;d200000.txt;0.009600
decrescentes;d200000.txt;0.009682
decrescentes;d200000.txt;0.009681
decrescentes;d200000.txt;0.009506
decrescentes;d200000.txt;0.009797
decrescentes;d200000.txt;0.009522
decrescentes;d500000.txt;0.010893
decrescentes;d500000.txt;0.010897
decrescentes;d500000.txt;0.011045
decrescentes;d500000.txt;0.011036
decrescentes;d500000.txt;0.011005
decrescentes;d500000.txt;0.011367
decrescentes;d500000.txt;0.012407
decrescentes;d500000.txt;0.011276
decrescentes;d500000.txt;0.011193
decrescentes;d500000.txt;0.011227
decrescentes;d500000.txt;0.011564
decrescentes;d500000.txt;0.010651
decrescentes;d500000.txt;0.011052
decrescentes;d500000.txt;0.011096
decrescentes;d500000.txt;0.011067
decrescentes;d500000.txt;0.011248
decrescentes;d500000.txt;0.011268
decrescentes;d500000.txt;0.011531
decrescentes;d500000.txt;0.011017
decrescentes;d500000.txt;0.011020
decrescentes;d500000.txt;0.011332
decrescentes;d500000.txt;0.010822
decrescentes;d500000.txt;0.011128
decrescentes;d500000.txt;0.011930
decrescentes;d500000.txt;0.011314
decrescentes;d500000.txt;0.010736
decrescentes;d500000.txt;0.010716
decrescentes;d500000.txt;0.011384
decrescentes;d500000.txt;0.011236
decrescentes;d500000.txt;0.010724
decrescentes;d1000000.txt;0.020629
decrescentes;d1000000.txt;0.020488
decrescentes;d1000000.txt;0.021309
decrescentes;d1000000.txt;0.020279
decrescentes;d1000000.txt;0.020019
decrescentes;d1000000.txt;0.020009
decrescentes;d1000000.txt;0.020528
decrescentes;d1000000.txt;0.020828
decrescentes;d1000000.txt;0.021389
decrescentes;d1000000.txt;0.020318
decrescentes;d1000000.txt;0.020246
decrescentes;d1000000.txt;0.020498
decrescentes;d1000000.txt;0.021212
decrescentes;d1000000.txt;0.020068
decrescentes;d1000000.txt;0.020531
decrescentes;d1000000.txt;0.020644
decrescentes;d1000000.txt;0.020823
decrescentes;d1000000.txt;0.020357
decrescentes;d1000000.txt;0.020556
decrescentes;d1000000.txt;0.021535
decrescentes;d1000000.txt;0.020523
decrescentes;d1000000.txt;0.020046
decrescentes;d1000000.txt;0.020475
decrescentes;d1000000.txt;0.020675
decrescentes;d1000000.txt;0.021508
decrescentes;d1000000.txt;0.020824
decrescentes;d1000000.txt;0.020494
decrescentes;d1000000.txt;0.020882
decrescentes;d1000000.txt;0.020776
decrescentes;d1000000.txt;0.019949
decrescentes;d1500000.txt;0.032258
decrescentes;d1500000.txt;0.033133
decrescentes;d1500000.txt;0.031181
decrescentes;d1500000.txt;0.031726
decrescentes;d1500000.txt;0.031841
decrescentes;d1500000.txt;0.031671
decrescentes;d1500000.txt;0.032432
decrescentes;d1500000.txt;0.031589
decrescentes;d1500000.txt;0.032688
decrescentes;d1500000.txt;0.032519
decrescentes;d1500000.txt;0.034622
decrescentes;d1500000.txt;0.031624
decrescentes;d1500000.txt;0.033365
decrescentes;d1500000.txt;0.031248
decrescentes;d1500000.txt;0.031562
decrescentes;d1500000.txt;0.031641
decrescentes;d1500000.txt;0.031987
decrescentes;d1500000.txt;0.032669
decrescentes;d1500000.txt;0.032799
decrescentes;d1500000.txt;0.031836
decrescentes;d1500000.txt;0.031479
decrescentes;d1500000.txt;0.031909
decrescentes;d1500000.txt;0.031865
decrescentes;d1500000.txt;0.032633
decrescentes;d1500000.txt;0.032182
decrescentes;d1500000.txt;0.032941
decrescentes;d1500000.txt;0.031517
decrescentes;d1500000.txt;0.031196
decrescentes;d1500000.txt;0.033047
decrescentes;d1500000.txt;0.031215
decrescentes;d2000000.txt;0.041853
decrescentes;d2000000.txt;0.073059
decrescentes;d2000000.txt;0.073976
decrescentes;d2000000.txt;0.041044
decrescentes;d2000000.txt;0.040919
decrescentes;d2000000.txt;0.041402
decrescentes;d2000000.txt;0.041391
decrescentes;d2000000.txt;0.040554
decrescentes;d2000000.txt;0.044496
decrescentes;d2000000.txt;0.041198
decrescentes;d2000000.txt;0.041086
decrescentes;d2000000.txt;0.041919
decrescentes;d2000000.txt;0.041027
decrescentes;d2000000.txt;0.041212
decrescentes;d2000000.txt;0.041973
decrescentes;d2000000.txt;0.065821
decrescentes;d2000000.txt;0.073659
decrescentes;d2000000.txt;0.040366
decrescentes;d2000000.txt;0.041025
decrescentes;d2000000.txt;0.042189
decrescentes;d2000000.txt;0.043143
decrescentes;d2000000.txt;0.041540
decrescentes;d2000000.txt;0.042264
decrescentes;d2000000.txt;0.040659
decrescentes;d2000000.txt;0.041902
decrescentes;d2000000.txt;0.041198
decrescentes;d2000000.txt;0.041605
decrescentes;d2000000.txt;0.040769
decrescentes;d2000000.txt;0.042228
decrescentes;d2000000.txt;0.051883
