Pasta;Arquivo;Tempo_Segundos
decrescentes;d5000.txt;0.000237286
decrescentes;d5000.txt;0.000234456
decrescentes;d5000.txt;0.000232055
decrescentes;d5000.txt;0.000230616
decrescentes;d5000.txt;0.000239902
decrescentes;d5000.txt;0.000234334
decrescentes;d5000.txt;0.000248601
decrescentes;d5000.txt;0.00025662
decrescentes;d5000.txt;0.000229479
decrescentes;d5000.txt;0.000238808
decrescentes;d5000.txt;0.000246607
decrescentes;d5000.txt;0.000221393
decrescentes;d5000.txt;0.000249882
decrescentes;d5000.txt;0.000239935
decrescentes;d5000.txt;0.000252795
decrescentes;d5000.txt;0.000232363
decrescentes;d5000.txt;0.000240498
decrescentes;d5000.txt;0.000237744
decrescentes;d5000.txt;0.000241556
decrescentes;d5000.txt;0.0002474
decrescentes;d5000.txt;0.000241811
decrescentes;d5000.txt;0.000242356
decrescentes;d5000.txt;0.000238954
decrescentes;d5000.txt;0.000242471
decrescentes;d5000.txt;0.000237465
decrescentes;d5000.txt;0.000243785
decrescentes;d5000.txt;0.000251994
decrescentes;d5000.txt;0.000247244
decrescentes;d5000.txt;0.00024515
decrescentes;d5000.txt;0.000238513
decrescentes;d10000.txt;0.000525162
decrescentes;d10000.txt;0.000505467
decrescentes;d10000.txt;0.000504731
decrescentes;d10000.txt;0.000524647
decrescentes;d10000.txt;0.000541578
decrescentes;d10000.txt;0.000524333
decrescentes;d10000.txt;0.000512533
decrescentes;d10000.txt;0.000525289
decrescentes;d10000.txt;0.000516982
decrescentes;d10000.txt;0.000519153
decrescentes;d10000.txt;0.000505711
decrescentes;d10000.txt;0.000525183
decrescentes;d10000.txt;0.000517918
decrescentes;d10000.txt;0.000528571
decrescentes;d10000.txt;0.00053549
decrescentes;d10000.txt;0.000506391
decrescentes;d10000.txt;0.000514619
decrescentes;d10000.txt;0.000518445
decrescentes;d10000.txt;0.000504985
decrescentes;d10000.txt;0.000525348
decrescentes;d10000.txt;0.000522041
decrescentes;d10000.txt;0.000527706
decrescentes;d10000.txt;0.000507429
decrescentes;d10000.txt;0.000522419
decrescentes;d10000.txt;0.000532248
decrescentes;d10000.txt;0.000510644
decrescentes;d10000.txt;0.000521084
decrescentes;d10000.txt;0.000515904
decrescentes;d10000.txt;0.000506971
decrescentes;d10000.txt;0.000528095
decrescentes;d15000.txt;0.000753726
decrescentes;d15000.txt;0.000745529
decrescentes;d15000.txt;0.000780938
decrescentes;d15000.txt;0.000736801
decrescentes;d15000.txt;0.000755093
decrescentes;d15000.txt;0.00074314
decrescentes;d15000.txt;0.000758392
decrescentes;d15000.txt;0.000748298
decrescentes;d15000.txt;0.000731687
decrescentes;d15000.txt;0.000747081
decrescentes;d15000.txt;0.000748999
decrescentes;d15000.txt;0.00073736
decrescentes;d15000.txt;0.000768919
decrescentes;d15000.txt;0.000750036
decrescentes;d15000.txt;0.00075246
decrescentes;d15000.txt;0.000756338
decrescentes;d15000.txt;0.000752941
decrescentes;d15000.txt;0.000734062
decrescentes;d15000.txt;0.000729396
decrescentes;d15000.txt;0.000736938
decrescentes;d15000.txt;0.000771489
decrescentes;d15000.txt;0.000736282
decrescentes;d15000.txt;0.000756063
decrescentes;d15000.txt;0.000731777
decrescentes;d15000.txt;0.000767218
decrescentes;d15000.txt;0.000742454
decrescentes;d15000.txt;0.000748379
decrescentes;d15000.txt;0.000752773
decrescentes;d15000.txt;0.000726537
decrescentes;d15000.txt;0.000754446
decrescentes;d30000.txt;0.00165468
decrescentes;d30000.txt;0.00165019
decrescentes;d30000.txt;0.00163791
decrescentes;d30000.txt;0.00165102
decrescentes;d30000.txt;0.0016603
decrescentes;d30000.txt;0.00163066
decrescentes;d30000.txt;0.00157871
decrescentes;d30000.txt;0.0016517
decrescentes;d30000.txt;0.0016486
decrescentes;d30000.txt;0.00165862
decrescentes;d30000.txt;0.00170432
decrescentes;d30000.txt;0.0016252
decrescentes;d30000.txt;0.00166458
decrescentes;d30000.txt;0.0016422
decrescentes;d30000.txt;0.00164654
decrescentes;d30000.txt;0.00166432
decrescentes;d30000.txt;0.00167005
decrescentes;d30000.txt;0.00162073
decrescentes;d30000.txt;0.00164669
decrescentes;d30000.txt;0.00165356
decrescentes;d30000.txt;0.00163281
decrescentes;d30000.txt;0.00162744
decrescentes;d30000.txt;0.00162401
decrescentes;d30000.txt;0.00164487
decrescentes;d30000.txt;0.00170342
decrescentes;d30000.txt;0.00165589
decrescentes;d30000.txt;0.00165521
decrescentes;d30000.txt;0.00165043
decrescentes;d30000.txt;0.00164473
decrescentes;d30000.txt;0.00158595
decrescentes;d50000.txt;0.0027545
decrescentes;d50000.txt;0.00287409
decrescentes;d50000.txt;0.00276936
decrescentes;d50000.txt;0.00270615
decrescentes;d50000.txt;0.00271703
decrescentes;d50000.txt;0.00282743
decrescentes;d50000.txt;0.00287156
decrescentes;d50000.txt;0.00277401
decrescentes;d50000.txt;0.00276739
decrescentes;d50000.txt;0.00281348
decrescentes;d50000.txt;0.00278348
decrescentes;d50000.txt;0.00281886
decrescentes;d50000.txt;0.00277843
decrescentes;d50000.txt;0.00281325
decrescentes;d50000.txt;0.00278027
decrescentes;d50000.txt;0.00271296
decrescentes;d50000.txt;0.00275503
decrescentes;d50000.txt;0.0027097
decrescentes;d50000.txt;0.00275457
decrescentes;d50000.txt;0.002735
decrescentes;d50000.txt;0.00272415
decrescentes;d50000.txt;0.0027611
decrescentes;d50000.txt;0.00276436
decrescentes;d50000.txt;0.00278089
decrescentes;d50000.txt;0.00283342
decrescentes;d50000.txt;0.00283202
decrescentes;d50000.txt;0.00276642
decrescentes;d50000.txt;0.00283535
decrescentes;d50000.txt;0.00277121
decrescentes;d50000.txt;0.00273532
decrescentes;d100000.txt;0.00590831
decrescentes;d100000.txt;0.00581363
decrescentes;d100000.txt;0.00576069
decrescentes;d100000.txt;0.00581702
decrescentes;d100000.txt;0.00579266
decrescentes;d100000.txt;0.00566242
decrescentes;d100000.txt;0.00559005
decrescentes;d100000.txt;0.00552706
decrescentes;d100000.txt;0.0057727
decrescentes;d100000.txt;0.00584347
decrescentes;d100000.txt;0.00539105
decrescentes;d100000.txt;0.00578948
decrescentes;d100000.txt;0.00576731
decrescentes;d100000.txt;0.00658878
decrescentes;d100000.txt;0.00561162
decrescentes;d100000.txt;0.00584807
decrescentes;d100000.txt;0.00557586
decrescentes;d100000.txt;0.00552782
decrescentes;d100000.txt;0.00578948
decrescentes;d100000.txt;0.00580115
decrescentes;d100000.txt;0.00562629
decrescentes;d100000.txt;0.00535011
decrescentes;d100000.txt;0.00563047
decrescentes;d100000.txt;0.00548274
decrescentes;d100000.txt;0.00574459
decrescentes;d100000.txt;0.00560163
decrescentes;d100000.txt;0.00581295
decrescentes;d100000.txt;0.00566753
decrescentes;d100000.txt;0.00553599
decrescentes;d100000.txt;0.00559302
decrescentes;d200000.txt;0.0121094
decrescentes;d200000.txt;0.0121683
decrescentes;d200000.txt;0.0121672
decrescentes;d200000.txt;0.0121567
decrescentes;d200000.txt;0.011834
decrescentes;d200000.txt;0.0121623
decrescentes;d200000.txt;0.0119534
decrescentes;d200000.txt;0.0119926
decrescentes;d200000.txt;0.0118201
decrescentes;d200000.txt;0.0120952
decrescentes;d200000.txt;0.0122719
decrescentes;d200000.txt;0.0118937
decrescentes;d200000.txt;0.0113613
decrescentes;d200000.txt;0.0118914
decrescentes;d200000.txt;0.0118298
decrescentes;d200000.txt;0.0119718
decrescentes;d200000.txt;0.0116462
decrescentes;d200000.txt;0.0117069
decrescentes;d200000.txt;0.0120471
decrescentes;d200000.txt;0.0116571
decrescentes;d200000.txt;0.0121159
decrescentes;d200000.txt;0.0118341
decrescentes;d200000.txt;0.0117092
decrescentes;d200000.txt;0.0123378
decrescentes;d200000.txt;0.0117161
decrescentes;d200000.txt;0.0119984
decrescentes;d200000.txt;0.0122236
decrescentes;d200000.txt;0.0114254
decrescentes;d200000.txt;0.0117539
decrescentes;d200000.txt;0.0130958
decrescentes;d500000.txt;0.0333191
decrescentes;d500000.txt;0.0334507
decrescentes;d500000.txt;0.0331135
decrescentes;d500000.txt;0.032208
decrescentes;d500000.txt;0.0317996
decrescentes;d500000.txt;0.0549597
decrescentes;d500000.txt;0.0567855
decrescentes;d500000.txt;0.0599882
decrescentes;d500000.txt;0.0587304
decrescentes;d500000.txt;0.0598784
decrescentes;d500000.txt;0.0577814
decrescentes;d500000.txt;0.0579735
decrescentes;d500000.txt;0.0586381
decrescentes;d500000.txt;0.0579647
decrescentes;d500000.txt;0.0583149
decrescentes;d500000.txt;0.0567088
decrescentes;d500000.txt;0.0604464
decrescentes;d500000.txt;0.0479854
decrescentes;d500000.txt;0.0313798
decrescentes;d500000.txt;0.0313272
decrescentes;d500000.txt;0.0317115
decrescentes;d500000.txt;0.0334839
decrescentes;d500000.txt;0.0308084
decrescentes;d500000.txt;0.0320367
decrescentes;d500000.txt;0.0317873
decrescentes;d500000.txt;0.032219
decrescentes;d500000.txt;0.0319901
decrescentes;d500000.txt;0.0318796
decrescentes;d500000.txt;0.0314796
decrescentes;d500000.txt;0.0315701
decrescentes;d1000000.txt;0.068336
decrescentes;d1000000.txt;0.0663332
decrescentes;d1000000.txt;0.0688084
decrescentes;d1000000.txt;0.0680184
decrescentes;d1000000.txt;0.0697089
decrescentes;d1000000.txt;0.0738234
decrescentes;d1000000.txt;0.0699369
decrescentes;d1000000.txt;0.0687948
decrescentes;d1000000.txt;0.0679141
decrescentes;d1000000.txt;0.0673772
decrescentes;d1000000.txt;0.0682881
decrescentes;d1000000.txt;0.0665117
decrescentes;d1000000.txt;0.068092
decrescentes;d1000000.txt;0.0674471
decrescentes;d1000000.txt;0.0668252
decrescentes;d1000000.txt;0.0684473
decrescentes;d1000000.txt;0.068879
decrescentes;d1000000.txt;0.0673215
decrescentes;d1000000.txt;0.0665523
decrescentes;d1000000.txt;0.0670707
decrescentes;d1000000.txt;0.0679671
decrescentes;d1000000.txt;0.0682606
decrescentes;d1000000.txt;0.0682192
decrescentes;d1000000.txt;0.0686593
decrescentes;d1000000.txt;0.0680044
decrescentes;d1000000.txt;0.0687106
decrescentes;d1000000.txt;0.0686942
decrescentes;d1000000.txt;0.0685403
decrescentes;d1000000.txt;0.0670584
decrescentes;d1000000.txt;0.0728802
decrescentes;d1500000.txt;0.110731
decrescentes;d1500000.txt;0.109434
decrescentes;d1500000.txt;0.110195
decrescentes;d1500000.txt;0.110005
decrescentes;d1500000.txt;0.173593
decrescentes;d1500000.txt;0.203078
decrescentes;d1500000.txt;0.201867
decrescentes;d1500000.txt;0.204153
decrescentes;d1500000.txt;0.111189
decrescentes;d1500000.txt;0.111926
decrescentes;d1500000.txt;0.112268
decrescentes;d1500000.txt;0.118343
decrescentes;d1500000.txt;0.111828
decrescentes;d1500000.txt;0.109887
decrescentes;d1500000.txt;0.110622
decrescentes;d1500000.txt;0.109584
decrescentes;d1500000.txt;0.110515
decrescentes;d1500000.txt;0.108415
decrescentes;d1500000.txt;0.11178
decrescentes;d1500000.txt;0.112792
decrescentes;d1500000.txt;0.11196
decrescentes;d1500000.txt;0.111673
decrescentes;d1500000.txt;0.10962
decrescentes;d1500000.txt;0.110805
decrescentes;d1500000.txt;0.110917
decrescentes;d1500000.txt;0.111637
decrescentes;d1500000.txt;0.1107
decrescentes;d1500000.txt;0.114209
decrescentes;d1500000.txt;0.111093
decrescentes;d1500000.txt;0.111984
decrescentes;d2000000.txt;0.144639
decrescentes;d2000000.txt;0.148079
decrescentes;d2000000.txt;0.152343
decrescentes;d2000000.txt;0.16579
decrescentes;d2000000.txt;0.277659
decrescentes;d2000000.txt;0.26729
decrescentes;d2000000.txt;0.230343
decrescentes;d2000000.txt;0.150976
decrescentes;d2000000.txt;0.148887
decrescentes;d2000000.txt;0.146041
decrescentes;d2000000.txt;0.148369
decrescentes;d2000000.txt;0.147752
decrescentes;d2000000.txt;0.148846
decrescentes;d2000000.txt;0.145754
decrescentes;d2000000.txt;0.14597
decrescentes;d2000000.txt;0.146171
decrescentes;d2000000.txt;0.145775
decrescentes;d2000000.txt;0.146564
decrescentes;d2000000.txt;0.153698
decrescentes;d2000000.txt;0.147374
decrescentes;d2000000.txt;0.146714
decrescentes;d2000000.txt;0.147193
decrescentes;d2000000.txt;0.153178
decrescentes;d2000000.txt;0.147729
decrescentes;d2000000.txt;0.146465
decrescentes;d2000000.txt;0.148136
decrescentes;d2000000.txt;0.145989
decrescentes;d2000000.txt;0.270619
decrescentes;d2000000.txt;0.27235
decrescentes;d2000000.txt;0.263971
