decrescentes;d5000.txt;0.000082
decrescentes;d5000.txt;0.000087
decrescentes;d5000.txt;0.000087
decrescentes;d5000.txt;0.000081
decrescentes;d5000.txt;0.000090
decrescentes;d5000.txt;0.000086
decrescentes;d5000.txt;0.000082
decrescentes;d5000.txt;0.000086
decrescentes;d5000.txt;0.000090
decrescentes;d5000.txt;0.000082
decrescentes;d5000.txt;0.000086
decrescentes;d5000.txt;0.000081
decrescentes;d5000.txt;0.000090
decrescentes;d5000.txt;0.000081
decrescentes;d5000.txt;0.000085
decrescentes;d5000.txt;0.000087
decrescentes;d5000.txt;0.000086
decrescentes;d5000.txt;0.000086
decrescentes;d5000.txt;0.000086
decrescentes;d5000.txt;0.000085
decrescentes;d5000.txt;0.000086
decrescentes;d5000.txt;0.000096
decrescentes;d5000.txt;0.000087
decrescentes;d5000.txt;0.000086
decrescentes;d5000.txt;0.000090
decrescentes;d5000.txt;0.000085
decrescentes;d5000.txt;0.000085
decrescentes;d5000.txt;0.000089
decrescentes;d5000.txt;0.000091
decrescentes;d5000.txt;0.000090
decrescentes;d10000.txt;0.000200
decrescentes;d10000.txt;0.000189
decrescentes;d10000.txt;0.000192
decrescentes;d10000.txt;0.000193
decrescentes;d10000.txt;0.000187
decrescentes;d10000.txt;0.000188
decrescentes;d10000.txt;0.000192
decrescentes;d10000.txt;0.000190
decrescentes;d10000.txt;0.000187
decrescentes;d10000.txt;0.000187
decrescentes;d10000.txt;0.000186
decrescentes;d10000.txt;0.000191
decrescentes;d10000.txt;0.000187
decrescentes;d10000.txt;0.000190
decrescentes;d10000.txt;0.000183
decrescentes;d10000.txt;0.000185
decrescentes;d10000.txt;0.000187
decrescentes;d10000.txt;0.000187
decrescentes;d10000.txt;0.000187
decrescentes;d10000.txt;0.000188
decrescentes;d10000.txt;0.000192
decrescentes;d10000.txt;0.000193
decrescentes;d10000.txt;0.000186
decrescentes;d10000.txt;0.000188
decrescentes;d10000.txt;0.000189
decrescentes;d10000.txt;0.000189
decrescentes;d10000.txt;0.000185
decrescentes;d10000.txt;0.000192
decrescentes;d10000.txt;0.000190
decrescentes;d10000.txt;0.000193
decrescentes;d15000.txt;0.000287
decrescentes;d15000.txt;0.000284
decrescentes;d15000.txt;0.000291
decrescentes;d15000.txt;0.000289
decrescentes;d15000.txt;0.000286
decrescentes;d15000.txt;0.000284
decrescentes;d15000.txt;0.000288
decrescentes;d15000.txt;0.000284
decrescentes;d15000.txt;0.000293
decrescentes;d15000.txt;0.000288
decrescentes;d15000.txt;0.000291
decrescentes;d15000.txt;0.000283
decrescentes;d15000.txt;0.000286
decrescentes;d15000.txt;0.000285
decrescentes;d15000.txt;0.000286
decrescentes;d15000.txt;0.000286
decrescentes;d15000.txt;0.000289
decrescentes;d15000.txt;0.000286
decrescentes;d15000.txt;0.000287
decrescentes;d15000.txt;0.000286
decrescentes;d15000.txt;0.000294
decrescentes;d15000.txt;0.000283
decrescentes;d15000.txt;0.000289
decrescentes;d15000.txt;0.000287
decrescentes;d15000.txt;0.000291
decrescentes;d15000.txt;0.000292
decrescentes;d15000.txt;0.000286
decrescentes;d15000.txt;0.000297
decrescentes;d15000.txt;0.000286
decrescentes;d15000.txt;0.000284
decrescentes;d30000.txt;0.000565
decrescentes;d30000.txt;0.000593
decrescentes;d30000.txt;0.000564
decrescentes;d30000.txt;0.000570
decrescentes;d30000.txt;0.000566
decrescentes;d30000.txt;0.000561
decrescentes;d30000.txt;0.000578
decrescentes;d30000.txt;0.000564
decrescentes;d30000.txt;0.000572
decrescentes;d30000.txt;0.000564
decrescentes;d30000.txt;0.000570
decrescentes;d30000.txt;0.000568
decrescentes;d30000.txt;0.000561
decrescentes;d30000.txt;0.000569
decrescentes;d30000.txt;0.000568
decrescentes;d30000.txt;0.000568
decrescentes;d30000.txt;0.000555
decrescentes;d30000.txt;0.000561
decrescentes;d30000.txt;0.000560
decrescentes;d30000.txt;0.000559
decrescentes;d30000.txt;0.000559
decrescentes;d30000.txt;0.000572
decrescentes;d30000.txt;0.000559
decrescentes;d30000.txt;0.000560
decrescentes;d30000.txt;0.000565
decrescentes;d30000.txt;0.000566
decrescentes;d30000.txt;0.000567
decrescentes;d30000.txt;0.000561
decrescentes;d30000.txt;0.000565
decrescentes;d30000.txt;0.000563
decrescentes;d50000.txt;0.000941
decrescentes;d50000.txt;0.000942
decrescentes;d50000.txt;0.000941
decrescentes;d50000.txt;0.000940
decrescentes;d50000.txt;0.000945
decrescentes;d50000.txt;0.000946
decrescentes;d50000.txt;0.000939
decrescentes;d50000.txt;0.000937
decrescentes;d50000.txt;0.000943
decrescentes;d50000.txt;0.000940
decrescentes;d50000.txt;0.000945
decrescentes;d50000.txt;0.000950
decrescentes;d50000.txt;0.000947
decrescentes;d50000.txt;0.000936
decrescentes;d50000.txt;0.000944
decrescentes;d50000.txt;0.000944
decrescentes;d50000.txt;0.000938
decrescentes;d50000.txt;0.000943
decrescentes;d50000.txt;0.000947
decrescentes;d50000.txt;0.000945
decrescentes;d50000.txt;0.000943
decrescentes;d50000.txt;0.000982
decrescentes;d50000.txt;0.000951
decrescentes;d50000.txt;0.000943
decrescentes;d50000.txt;0.000948
decrescentes;d50000.txt;0.000934
decrescentes;d50000.txt;0.000957
decrescentes;d50000.txt;0.000943
decrescentes;d50000.txt;0.000937
decrescentes;d50000.txt;0.000945
decrescentes;d100000.txt;0.001856
decrescentes;d100000.txt;0.001874
decrescentes;d100000.txt;0.001857
decrescentes;d100000.txt;0.001863
decrescentes;d100000.txt;0.001873
decrescentes;d100000.txt;0.001851
decrescentes;d100000.txt;0.001860
decrescentes;d100000.txt;0.001863
decrescentes;d100000.txt;0.001853
decrescentes;d100000.txt;0.001851
decrescentes;d100000.txt;0.001862
decrescentes;d100000.txt;0.001860
decrescentes;d100000.txt;0.001854
decrescentes;d100000.txt;0.001864
decrescentes;d100000.txt;0.001854
decrescentes;d100000.txt;0.001869
decrescentes;d100000.txt;0.001856
decrescentes;d100000.txt;0.001879
decrescentes;d100000.txt;0.001851
decrescentes;d100000.txt;0.001870
decrescentes;d100000.txt;0.001857
decrescentes;d100000.txt;0.001859
decrescentes;d100000.txt;0.001850
decrescentes;d100000.txt;0.001852
decrescentes;d100000.txt;0.001861
decrescentes;d100000.txt;0.001849
decrescentes;d100000.txt;0.001858
decrescentes;d100000.txt;0.001856
decrescentes;d100000.txt;0.001840
decrescentes;d100000.txt;0.001840
decrescentes;d200000.txt;0.003780
decrescentes;d200000.txt;0.003761
decrescentes;d200000.txt;0.003762
decrescentes;d200000.txt;0.003745
decrescentes;d200000.txt;0.003763
decrescentes;d200000.txt;0.003734
decrescentes;d200000.txt;0.003810
decrescentes;d200000.txt;0.003755
decrescentes;d200000.txt;0.003747
decrescentes;d200000.txt;0.003757
decrescentes;d200000.txt;0.003763
decrescentes;d200000.txt;0.003742
decrescentes;d200000.txt;0.003729
decrescentes;d200000.txt;0.003589
decrescentes;d200000.txt;0.003737
decrescentes;d200000.txt;0.003720
decrescentes;d200000.txt;0.003730
decrescentes;d200000.txt;0.003732
decrescentes;d200000.txt;0.003725
decrescentes;d200000.txt;0.003600
decrescentes;d200000.txt;0.003761
decrescentes;d200000.txt;0.003738
decrescentes;d200000.txt;0.003726
decrescentes;d200000.txt;0.003735
decrescentes;d200000.txt;0.003736
decrescentes;d200000.txt;0.003762
decrescentes;d200000.txt;0.003780
decrescentes;d200000.txt;0.003577
decrescentes;d200000.txt;0.003569
decrescentes;d200000.txt;0.003729
decrescentes;d500000.txt;0.009749
decrescentes;d500000.txt;0.009699
decrescentes;d500000.txt;0.009693
decrescentes;d500000.txt;0.009698
decrescentes;d500000.txt;0.009701
decrescentes;d500000.txt;0.009418
decrescentes;d500000.txt;0.009537
decrescentes;d500000.txt;0.009402
decrescentes;d500000.txt;0.009678
decrescentes;d500000.txt;0.009249
decrescentes;d500000.txt;0.009702
decrescentes;d500000.txt;0.009757
decrescentes;d500000.txt;0.009421
decrescentes;d500000.txt;0.009749
decrescentes;d500000.txt;0.009322
decrescentes;d500000.txt;0.009322
decrescentes;d500000.txt;0.009271
decrescentes;d500000.txt;0.009307
decrescentes;d500000.txt;0.009458
decrescentes;d500000.txt;0.009354
decrescentes;d500000.txt;0.009311
decrescentes;d500000.txt;0.009226
decrescentes;d500000.txt;0.009278
decrescentes;d500000.txt;0.009246
decrescentes;d500000.txt;0.009304
decrescentes;d500000.txt;0.009412
decrescentes;d500000.txt;0.009370
decrescentes;d500000.txt;0.009297
decrescentes;d500000.txt;0.009295
decrescentes;d500000.txt;0.009432
decrescentes;d1000000.txt;0.019589
decrescentes;d1000000.txt;0.021273
decrescentes;d1000000.txt;0.022074
decrescentes;d1000000.txt;0.020609
decrescentes;d1000000.txt;0.019829
decrescentes;d1000000.txt;0.019285
decrescentes;d1000000.txt;0.019276
decrescentes;d1000000.txt;0.019206
decrescentes;d1000000.txt;0.019203
decrescentes;d1000000.txt;0.019296
decrescentes;d1000000.txt;0.035865
decrescentes;d1000000.txt;0.035804
decrescentes;d1000000.txt;0.036006
decrescentes;d1000000.txt;0.036091
decrescentes;d1000000.txt;0.035967
decrescentes;d1000000.txt;0.035904
decrescentes;d1000000.txt;0.035936
decrescentes;d1000000.txt;0.036198
decrescentes;d1000000.txt;0.035896
decrescentes;d1000000.txt;0.036060
decrescentes;d1000000.txt;0.035872
decrescentes;d1000000.txt;0.036031
decrescentes;d1000000.txt;0.019659
decrescentes;d1000000.txt;0.019321
decrescentes;d1000000.txt;0.019379
decrescentes;d1000000.txt;0.019630
decrescentes;d1000000.txt;0.019336
decrescentes;d1000000.txt;0.019313
decrescentes;d1000000.txt;0.019401
decrescentes;d1000000.txt;0.019386
decrescentes;d1500000.txt;0.029487
decrescentes;d1500000.txt;0.029468
decrescentes;d1500000.txt;0.029268
decrescentes;d1500000.txt;0.029442
decrescentes;d1500000.txt;0.029316
decrescentes;d1500000.txt;0.029291
decrescentes;d1500000.txt;0.031329
decrescentes;d1500000.txt;0.031830
decrescentes;d1500000.txt;0.029960
decrescentes;d1500000.txt;0.029425
decrescentes;d1500000.txt;0.029496
decrescentes;d1500000.txt;0.029508
decrescentes;d1500000.txt;0.029359
decrescentes;d1500000.txt;0.029365
decrescentes;d1500000.txt;0.029526
decrescentes;d1500000.txt;0.029514
decrescentes;d1500000.txt;0.029972
decrescentes;d1500000.txt;0.029449
decrescentes;d1500000.txt;0.029483
decrescentes;d1500000.txt;0.029553
decrescentes;d1500000.txt;0.029481
decrescentes;d1500000.txt;0.029318
decrescentes;d1500000.txt;0.029220
decrescentes;d1500000.txt;0.029345
decrescentes;d1500000.txt;0.029385
decrescentes;d1500000.txt;0.029292
decrescentes;d1500000.txt;0.029358
decrescentes;d1500000.txt;0.029394
decrescentes;d1500000.txt;0.029523
decrescentes;d1500000.txt;0.029463
decrescentes;d2000000.txt;0.040112
decrescentes;d2000000.txt;0.040495
decrescentes;d2000000.txt;0.040743
decrescentes;d2000000.txt;0.040439
decrescentes;d2000000.txt;0.040252
decrescentes;d2000000.txt;0.042803
decrescentes;d2000000.txt;0.044236
decrescentes;d2000000.txt;0.042603
decrescentes;d2000000.txt;0.040576
decrescentes;d2000000.txt;0.040314
decrescentes;d2000000.txt;0.040731
decrescentes;d2000000.txt;0.040532
decrescentes;d2000000.txt;0.040547
decrescentes;d2000000.txt;0.042468
decrescentes;d2000000.txt;0.042419
decrescentes;d2000000.txt;0.040674
decrescentes;d2000000.txt;0.075604
decrescentes;d2000000.txt;0.075467
decrescentes;d2000000.txt;0.074999
decrescentes;d2000000.txt;0.075108
decrescentes;d2000000.txt;0.074928
decrescentes;d2000000.txt;0.074773
decrescentes;d2000000.txt;0.040495
decrescentes;d2000000.txt;0.040281
decrescentes;d2000000.txt;0.040431
decrescentes;d2000000.txt;0.043931
decrescentes;d2000000.txt;0.043066
decrescentes;d2000000.txt;0.040316
decrescentes;d2000000.txt;0.040153
decrescentes;d2000000.txt;0.040265
