decrescentes;d5000.txt;0,000194
decrescentes;d5000.txt;0,000202
decrescentes;d5000.txt;0,000191
decrescentes;d5000.txt;0,000190
decrescentes;d5000.txt;0,000190
decrescentes;d5000.txt;0,000197
decrescentes;d5000.txt;0,000192
decrescentes;d5000.txt;0,000207
decrescentes;d5000.txt;0,000197
decrescentes;d5000.txt;0,000192
decrescentes;d5000.txt;0,000189
decrescentes;d5000.txt;0,000192
decrescentes;d5000.txt;0,000195
decrescentes;d5000.txt;0,000190
decrescentes;d5000.txt;0,000191
decrescentes;d5000.txt;0,000189
decrescentes;d5000.txt;0,000195
decrescentes;d5000.txt;0,000193
decrescentes;d5000.txt;0,000192
decrescentes;d5000.txt;0,000199
decrescentes;d5000.txt;0,000192
decrescentes;d5000.txt;0,000189
decrescentes;d5000.txt;0,000192
decrescentes;d5000.txt;0,000190
decrescentes;d5000.txt;0,000188
decrescentes;d5000.txt;0,000190
decrescentes;d5000.txt;0,000189
decrescentes;d5000.txt;0,000192
decrescentes;d5000.txt;0,000200
decrescentes;d5000.txt;0,000192
decrescentes;d10000.txt;0,000250
decrescentes;d10000.txt;0,000250
decrescentes;d10000.txt;0,000254
decrescentes;d10000.txt;0,000251
decrescentes;d10000.txt;0,000248
decrescentes;d10000.txt;0,000251
decrescentes;d10000.txt;0,000262
decrescentes;d10000.txt;0,000254
decrescentes;d10000.txt;0,000254
decrescentes;d10000.txt;0,000276
decrescentes;d10000.txt;0,000251
decrescentes;d10000.txt;0,000253
decrescentes;d10000.txt;0,000246
decrescentes;d10000.txt;0,000250
decrescentes;d10000.txt;0,000249
decrescentes;d10000.txt;0,000254
decrescentes;d10000.txt;0,000251
decrescentes;d10000.txt;0,000249
decrescentes;d10000.txt;0,000249
decrescentes;d10000.txt;0,000252
decrescentes;d10000.txt;0,000259
decrescentes;d10000.txt;0,000259
decrescentes;d10000.txt;0,000248
decrescentes;d10000.txt;0,000253
decrescentes;d10000.txt;0,000252
decrescentes;d10000.txt;0,000260
decrescentes;d10000.txt;0,000251
decrescentes;d10000.txt;0,000262
decrescentes;d10000.txt;0,000256
decrescentes;d10000.txt;0,000253
decrescentes;d15000.txt;0,000364
decrescentes;d15000.txt;0,000314
decrescentes;d15000.txt;0,000311
decrescentes;d15000.txt;0,000313
decrescentes;d15000.txt;0,000309
decrescentes;d15000.txt;0,000308
decrescentes;d15000.txt;0,000311
decrescentes;d15000.txt;0,000321
decrescentes;d15000.txt;0,000311
decrescentes;d15000.txt;0,000308
decrescentes;d15000.txt;0,000314
decrescentes;d15000.txt;0,000311
decrescentes;d15000.txt;0,000310
decrescentes;d15000.txt;0,000334
decrescentes;d15000.txt;0,000320
decrescentes;d15000.txt;0,000318
decrescentes;d15000.txt;0,000325
decrescentes;d15000.txt;0,000330
decrescentes;d15000.txt;0,000317
decrescentes;d15000.txt;0,000312
decrescentes;d15000.txt;0,000342
decrescentes;d15000.txt;0,000305
decrescentes;d15000.txt;0,000313
decrescentes;d15000.txt;0,000315
decrescentes;d15000.txt;0,000309
decrescentes;d15000.txt;0,000312
decrescentes;d15000.txt;0,000309
decrescentes;d15000.txt;0,000308
decrescentes;d15000.txt;0,000309
decrescentes;d15000.txt;0,000308
decrescentes;d30000.txt;0,000496
decrescentes;d30000.txt;0,000495
decrescentes;d30000.txt;0,000532
decrescentes;d30000.txt;0,000498
decrescentes;d30000.txt;0,000502
decrescentes;d30000.txt;0,000488
decrescentes;d30000.txt;0,000488
decrescentes;d30000.txt;0,000504
decrescentes;d30000.txt;0,000504
decrescentes;d30000.txt;0,000486
decrescentes;d30000.txt;0,000501
decrescentes;d30000.txt;0,000483
decrescentes;d30000.txt;0,000487
decrescentes;d30000.txt;0,000495
decrescentes;d30000.txt;0,000493
decrescentes;d30000.txt;0,000492
decrescentes;d30000.txt;0,000485
decrescentes;d30000.txt;0,000506
decrescentes;d30000.txt;0,000487
decrescentes;d30000.txt;0,000493
decrescentes;d30000.txt;0,000492
decrescentes;d30000.txt;0,000489
decrescentes;d30000.txt;0,000507
decrescentes;d30000.txt;0,000493
decrescentes;d30000.txt;0,000492
decrescentes;d30000.txt;0,000485
decrescentes;d30000.txt;0,000511
decrescentes;d30000.txt;0,000502
decrescentes;d30000.txt;0,000506
decrescentes;d30000.txt;0,000492
decrescentes;d50000.txt;0,000744
decrescentes;d50000.txt;0,000734
decrescentes;d50000.txt;0,000738
decrescentes;d50000.txt;0,000741
decrescentes;d50000.txt;0,000736
decrescentes;d50000.txt;0,000736
decrescentes;d50000.txt;0,000729
decrescentes;d50000.txt;0,000737
decrescentes;d50000.txt;0,000733
decrescentes;d50000.txt;0,000735
decrescentes;d50000.txt;0,000763
decrescentes;d50000.txt;0,000770
decrescentes;d50000.txt;0,000738
decrescentes;d50000.txt;0,000734
decrescentes;d50000.txt;0,000735
decrescentes;d50000.txt;0,000740
decrescentes;d50000.txt;0,000751
decrescentes;d50000.txt;0,000735
decrescentes;d50000.txt;0,000734
decrescentes;d50000.txt;0,000737
decrescentes;d50000.txt;0,000735
decrescentes;d50000.txt;0,000731
decrescentes;d50000.txt;0,000766
decrescentes;d50000.txt;0,000729
decrescentes;d50000.txt;0,000732
decrescentes;d50000.txt;0,000727
decrescentes;d50000.txt;0,000748
decrescentes;d50000.txt;0,000731
decrescentes;d50000.txt;0,000734
decrescentes;d50000.txt;0,000731
decrescentes;d100000.txt;0,001207
decrescentes;d100000.txt;0,001186
decrescentes;d100000.txt;0,001210
decrescentes;d100000.txt;0,001197
decrescentes;d100000.txt;0,001194
decrescentes;d100000.txt;0,001202
decrescentes;d100000.txt;0,001208
decrescentes;d100000.txt;0,001198
decrescentes;d100000.txt;0,001290
decrescentes;d100000.txt;0,001216
decrescentes;d100000.txt;0,001277
decrescentes;d100000.txt;0,001220
decrescentes;d100000.txt;0,001344
decrescentes;d100000.txt;0,001195
decrescentes;d100000.txt;0,001223
decrescentes;d100000.txt;0,001209
decrescentes;d100000.txt;0,001197
decrescentes;d100000.txt;0,001212
decrescentes;d100000.txt;0,001210
decrescentes;d100000.txt;0,001229
decrescentes;d100000.txt;0,001217
decrescentes;d100000.txt;0,001213
decrescentes;d100000.txt;0,001201
decrescentes;d100000.txt;0,001208
decrescentes;d100000.txt;0,001265
decrescentes;d100000.txt;0,001215
decrescentes;d100000.txt;0,001221
decrescentes;d100000.txt;0,001214
decrescentes;d100000.txt;0,001210
decrescentes;d100000.txt;0,001207
decrescentes;d200000.txt;0,001066
decrescentes;d200000.txt;0,001064
decrescentes;d200000.txt;0,001087
decrescentes;d200000.txt;0,001095
decrescentes;d200000.txt;0,001141
decrescentes;d200000.txt;0,001127
decrescentes;d200000.txt;0,001041
decrescentes;d200000.txt;0,001059
decrescentes;d200000.txt;0,001063
decrescentes;d200000.txt;0,001087
decrescentes;d200000.txt;0,001078
decrescentes;d200000.txt;0,001099
decrescentes;d200000.txt;0,001061
decrescentes;d200000.txt;0,001088
decrescentes;d200000.txt;0,001055
decrescentes;d200000.txt;0,001055
decrescentes;d200000.txt;0,001099
decrescentes;d200000.txt;0,001094
decrescentes;d200000.txt;0,001103
decrescentes;d200000.txt;0,001045
decrescentes;d200000.txt;0,001037
decrescentes;d200000.txt;0,001041
decrescentes;d200000.txt;0,001093
decrescentes;d200000.txt;0,001077
decrescentes;d200000.txt;0,001082
decrescentes;d200000.txt;0,001058
decrescentes;d200000.txt;0,001144
decrescentes;d200000.txt;0,001090
decrescentes;d200000.txt;0,001055
decrescentes;d200000.txt;0,001116
decrescentes;d500000.txt;0,002216
decrescentes;d500000.txt;0,001730
decrescentes;d500000.txt;0,001803
decrescentes;d500000.txt;0,001690
decrescentes;d500000.txt;0,001718
decrescentes;d500000.txt;0,001688
decrescentes;d500000.txt;0,001676
decrescentes;d500000.txt;0,001780
decrescentes;d500000.txt;0,001700
decrescentes;d500000.txt;0,001760
decrescentes;d500000.txt;0,001734
decrescentes;d500000.txt;0,001753
decrescentes;d500000.txt;0,001791
decrescentes;d500000.txt;0,001725
decrescentes;d500000.txt;0,001731
decrescentes;d500000.txt;0,001726
decrescentes;d500000.txt;0,001741
decrescentes;d500000.txt;0,001674
decrescentes;d500000.txt;0,001765
decrescentes;d500000.txt;0,001674
decrescentes;d500000.txt;0,001723
decrescentes;d500000.txt;0,001802
decrescentes;d500000.txt;0,001732
decrescentes;d500000.txt;0,001728
decrescentes;d500000.txt;0,001718
decrescentes;d500000.txt;0,001685
decrescentes;d500000.txt;0,001695
decrescentes;d500000.txt;0,001710
decrescentes;d500000.txt;0,001772
decrescentes;d500000.txt;0,002201
decrescentes;d1000000.txt;0,002787
decrescentes;d1000000.txt;0,002774
decrescentes;d1000000.txt;0,002788
decrescentes;d1000000.txt;0,002757
decrescentes;d1000000.txt;0,002738
decrescentes;d1000000.txt;0,002789
decrescentes;d1000000.txt;0,002725
decrescentes;d1000000.txt;0,008755
decrescentes;d1000000.txt;0,008762
decrescentes;d1000000.txt;0,002729
decrescentes;d1000000.txt;0,002769
decrescentes;d1000000.txt;0,002895
decrescentes;d1000000.txt;0,002937
decrescentes;d1000000.txt;0,009091
decrescentes;d1000000.txt;0,002780
decrescentes;d1000000.txt;0,002910
decrescentes;d1000000.txt;0,002734
decrescentes;d1000000.txt;0,008925
decrescentes;d1000000.txt;0,002805
decrescentes;d1000000.txt;0,008790
decrescentes;d1000000.txt;0,002727
decrescentes;d1000000.txt;0,002846
decrescentes;d1000000.txt;0,008819
decrescentes;d1000000.txt;0,008833
decrescentes;d1000000.txt;0,002778
decrescentes;d1000000.txt;0,002729
decrescentes;d1000000.txt;0,002715
decrescentes;d1000000.txt;0,002869
decrescentes;d1000000.txt;0,002753
decrescentes;d1000000.txt;0,002750
decrescentes;d1500000.txt;0,003692
decrescentes;d1500000.txt;0,003846
decrescentes;d1500000.txt;0,009513
decrescentes;d1500000.txt;0,003869
decrescentes;d1500000.txt;0,003762
decrescentes;d1500000.txt;0,009837
decrescentes;d1500000.txt;0,003813
decrescentes;d1500000.txt;0,006743
decrescentes;d1500000.txt;0,006667
decrescentes;d1500000.txt;0,006513
decrescentes;d1500000.txt;0,006689
decrescentes;d1500000.txt;0,016771
decrescentes;d1500000.txt;0,003728
decrescentes;d1500000.txt;0,003763
decrescentes;d1500000.txt;0,009558
decrescentes;d1500000.txt;0,003750
decrescentes;d1500000.txt;0,003860
decrescentes;d1500000.txt;0,003754
decrescentes;d1500000.txt;0,003788
decrescentes;d1500000.txt;0,003729
decrescentes;d1500000.txt;0,003723
decrescentes;d1500000.txt;0,003688
decrescentes;d1500000.txt;0,003761
decrescentes;d1500000.txt;0,004244
decrescentes;d1500000.txt;0,003768
decrescentes;d1500000.txt;0,003843
decrescentes;d1500000.txt;0,003771
decrescentes;d1500000.txt;0,003692
decrescentes;d1500000.txt;0,003806
decrescentes;d1500000.txt;0,003711
decrescentes;d2000000.txt;0,004277
decrescentes;d2000000.txt;0,009231
decrescentes;d2000000.txt;0,009482
decrescentes;d2000000.txt;0,009271
decrescentes;d2000000.txt;0,004210
decrescentes;d2000000.txt;0,009276
decrescentes;d2000000.txt;0,004334
decrescentes;d2000000.txt;0,009419
decrescentes;d2000000.txt;0,004876
decrescentes;d2000000.txt;0,004301
decrescentes;d2000000.txt;0,007561
decrescentes;d2000000.txt;0,007514
decrescentes;d2000000.txt;0,007605
decrescentes;d2000000.txt;0,007691
decrescentes;d2000000.txt;0,009395
decrescentes;d2000000.txt;0,004250
decrescentes;d2000000.txt;0,004308
decrescentes;d2000000.txt;0,009547
decrescentes;d2000000.txt;0,004226
decrescentes;d2000000.txt;0,004201
decrescentes;d2000000.txt;0,004387
decrescentes;d2000000.txt;0,004410
decrescentes;d2000000.txt;0,004256
decrescentes;d2000000.txt;0,004269
decrescentes;d2000000.txt;0,004218
decrescentes;d2000000.txt;0,004249
decrescentes;d2000000.txt;0,004174
decrescentes;d2000000.txt;0,009471
decrescentes;d2000000.txt;0,004288
decrescentes;d2000000.txt;0,004288
