Pasta;Arquivo;Tempo_Segundos
decrescentes;d5000.txt;0.000268
decrescentes;d5000.txt;0.000260
decrescentes;d5000.txt;0.000259
decrescentes;d5000.txt;0.000255
decrescentes;d5000.txt;0.000262
decrescentes;d5000.txt;0.000264
decrescentes;d5000.txt;0.000265
decrescentes;d5000.txt;0.000260
decrescentes;d5000.txt;0.000266
decrescentes;d5000.txt;0.000273
decrescentes;d5000.txt;0.000268
decrescentes;d5000.txt;0.000269
decrescentes;d5000.txt;0.000266
decrescentes;d5000.txt;0.000270
decrescentes;d5000.txt;0.000266
decrescentes;d5000.txt;0.000266
decrescentes;d5000.txt;0.000281
decrescentes;d5000.txt;0.000267
decrescentes;d5000.txt;0.000265
decrescentes;d5000.txt;0.000264
decrescentes;d5000.txt;0.000269
decrescentes;d5000.txt;0.000260
decrescentes;d5000.txt;0.000269
decrescentes;d5000.txt;0.000264
decrescentes;d5000.txt;0.000267
decrescentes;d5000.txt;0.000269
decrescentes;d5000.txt;0.000268
decrescentes;d5000.txt;0.000270
decrescentes;d5000.txt;0.000262
decrescentes;d5000.txt;0.000266
decrescentes;d10000.txt;0.000554
decrescentes;d10000.txt;0.000545
decrescentes;d10000.txt;0.000555
decrescentes;d10000.txt;0.000551
decrescentes;d10000.txt;0.000560
decrescentes;d10000.txt;0.000553
decrescentes;d10000.txt;0.000528
decrescentes;d10000.txt;0.000561
decrescentes;d10000.txt;0.000602
decrescentes;d10000.txt;0.000565
decrescentes;d10000.txt;0.000564
decrescentes;d10000.txt;0.000533
decrescentes;d10000.txt;0.000545
decrescentes;d10000.txt;0.000537
decrescentes;d10000.txt;0.000544
decrescentes;d10000.txt;0.000555
decrescentes;d10000.txt;0.000536
decrescentes;d10000.txt;0.000552
decrescentes;d10000.txt;0.000554
decrescentes;d10000.txt;0.000562
decrescentes;d10000.txt;0.000516
decrescentes;d10000.txt;0.000541
decrescentes;d10000.txt;0.000542
decrescentes;d10000.txt;0.000547
decrescentes;d10000.txt;0.000538
decrescentes;d10000.txt;0.000522
decrescentes;d10000.txt;0.000543
decrescentes;d10000.txt;0.000539
decrescentes;d10000.txt;0.000555
decrescentes;d10000.txt;0.000554
decrescentes;d15000.txt;0.000790
decrescentes;d15000.txt;0.000833
decrescentes;d15000.txt;0.000818
decrescentes;d15000.txt;0.000818
decrescentes;d15000.txt;0.000823
decrescentes;d15000.txt;0.000827
decrescentes;d15000.txt;0.000837
decrescentes;d15000.txt;0.000809
decrescentes;d15000.txt;0.000829
decrescentes;d15000.txt;0.000822
decrescentes;d15000.txt;0.000857
decrescentes;d15000.txt;0.000808
decrescentes;d15000.txt;0.000810
decrescentes;d15000.txt;0.000794
decrescentes;d15000.txt;0.000808
decrescentes;d15000.txt;0.000818
decrescentes;d15000.txt;0.000771
decrescentes;d15000.txt;0.000801
decrescentes;d15000.txt;0.000814
decrescentes;d15000.txt;0.000793
decrescentes;d15000.txt;0.000796
decrescentes;d15000.txt;0.000798
decrescentes;d15000.txt;0.000794
decrescentes;d15000.txt;0.000882
decrescentes;d15000.txt;0.000784
decrescentes;d15000.txt;0.000783
decrescentes;d15000.txt;0.000804
decrescentes;d15000.txt;0.000859
decrescentes;d15000.txt;0.000809
decrescentes;d15000.txt;0.000816
decrescentes;d30000.txt;0.001634
decrescentes;d30000.txt;0.001676
decrescentes;d30000.txt;0.001641
decrescentes;d30000.txt;0.001681
decrescentes;d30000.txt;0.001619
decrescentes;d30000.txt;0.001607
decrescentes;d30000.txt;0.001743
decrescentes;d30000.txt;0.001630
decrescentes;d30000.txt;0.001631
decrescentes;d30000.txt;0.001671
decrescentes;d30000.txt;0.001628
decrescentes;d30000.txt;0.001625
decrescentes;d30000.txt;0.001672
decrescentes;d30000.txt;0.001598
decrescentes;d30000.txt;0.001651
decrescentes;d30000.txt;0.001636
decrescentes;d30000.txt;0.001632
decrescentes;d30000.txt;0.001629
decrescentes;d30000.txt;0.001603
decrescentes;d30000.txt;0.001752
decrescentes;d30000.txt;0.001589
decrescentes;d30000.txt;0.001530
decrescentes;d30000.txt;0.001561
decrescentes;d30000.txt;0.001530
decrescentes;d30000.txt;0.001586
decrescentes;d30000.txt;0.001552
decrescentes;d30000.txt;0.001563
decrescentes;d30000.txt;0.001561
decrescentes;d30000.txt;0.001511
decrescentes;d30000.txt;0.001669
decrescentes;d50000.txt;0.003071
decrescentes;d50000.txt;0.003102
decrescentes;d50000.txt;0.003201
decrescentes;d50000.txt;0.002995
decrescentes;d50000.txt;0.002995
decrescentes;d50000.txt;0.002872
decrescentes;d50000.txt;0.002951
decrescentes;d50000.txt;0.002929
decrescentes;d50000.txt;0.003011
decrescentes;d50000.txt;0.003054
decrescentes;d50000.txt;0.002964
decrescentes;d50000.txt;0.002886
decrescentes;d50000.txt;0.002938
decrescentes;d50000.txt;0.002989
decrescentes;d50000.txt;0.002958
decrescentes;d50000.txt;0.003120
decrescentes;d50000.txt;0.002943
decrescentes;d50000.txt;0.003003
decrescentes;d50000.txt;0.003142
decrescentes;d50000.txt;0.003037
decrescentes;d50000.txt;0.002961
decrescentes;d50000.txt;0.003113
decrescentes;d50000.txt;0.003133
decrescentes;d50000.txt;0.003172
decrescentes;d50000.txt;0.002993
decrescentes;d50000.txt;0.003139
decrescentes;d50000.txt;0.003007
decrescentes;d50000.txt;0.003197
decrescentes;d50000.txt;0.003189
decrescentes;d50000.txt;0.002958
decrescentes;d100000.txt;0.006486
decrescentes;d100000.txt;0.006163
decrescentes;d100000.txt;0.006288
decrescentes;d100000.txt;0.006507
decrescentes;d100000.txt;0.006195
decrescentes;d100000.txt;0.005909
decrescentes;d100000.txt;0.006115
decrescentes;d100000.txt;0.005829
decrescentes;d100000.txt;0.006048
decrescentes;d100000.txt;0.005970
decrescentes;d100000.txt;0.006079
decrescentes;d100000.txt;0.006012
decrescentes;d100000.txt;0.006083
decrescentes;d100000.txt;0.006380
decrescentes;d100000.txt;0.006426
decrescentes;d100000.txt;0.006183
decrescentes;d100000.txt;0.006425
decrescentes;d100000.txt;0.006186
decrescentes;d100000.txt;0.006160
decrescentes;d100000.txt;0.006130
decrescentes;d100000.txt;0.006342
decrescentes;d100000.txt;0.006031
decrescentes;d100000.txt;0.006095
decrescentes;d100000.txt;0.006455
decrescentes;d100000.txt;0.006454
decrescentes;d100000.txt;0.006346
decrescentes;d100000.txt;0.006369
decrescentes;d100000.txt;0.006397
decrescentes;d100000.txt;0.006042
decrescentes;d100000.txt;0.006138
decrescentes;d200000.txt;0.012796
decrescentes;d200000.txt;0.012161
decrescentes;d200000.txt;0.012272
decrescentes;d200000.txt;0.012240
decrescentes;d200000.txt;0.013352
decrescentes;d200000.txt;0.012884
decrescentes;d200000.txt;0.012714
decrescentes;d200000.txt;0.012591
decrescentes;d200000.txt;0.012440
decrescentes;d200000.txt;0.012496
decrescentes;d200000.txt;0.012196
decrescentes;d200000.txt;0.012279
decrescentes;d200000.txt;0.012772
decrescentes;d200000.txt;0.012631
decrescentes;d200000.txt;0.012336
decrescentes;d200000.txt;0.012493
decrescentes;d200000.txt;0.012324
decrescentes;d200000.txt;0.012764
decrescentes;d200000.txt;0.013059
decrescentes;d200000.txt;0.012038
decrescentes;d200000.txt;0.012400
decrescentes;d200000.txt;0.012479
decrescentes;d200000.txt;0.012202
decrescentes;d200000.txt;0.012570
decrescentes;d200000.txt;0.012394
decrescentes;d200000.txt;0.012814
decrescentes;d200000.txt;0.012781
decrescentes;d200000.txt;0.012779
decrescentes;d200000.txt;0.012859
decrescentes;d200000.txt;0.013050
decrescentes;d500000.txt;0.032523
decrescentes;d500000.txt;0.032342
decrescentes;d500000.txt;0.034169
decrescentes;d500000.txt;0.046089
decrescentes;d500000.txt;0.057341
decrescentes;d500000.txt;0.056645
decrescentes;d500000.txt;0.057154
decrescentes;d500000.txt;0.057988
decrescentes;d500000.txt;0.057079
decrescentes;d500000.txt;0.056982
decrescentes;d500000.txt;0.056855
decrescentes;d500000.txt;0.056824
decrescentes;d500000.txt;0.056974
decrescentes;d500000.txt;0.036507
decrescentes;d500000.txt;0.031980
decrescentes;d500000.txt;0.031631
decrescentes;d500000.txt;0.032441
decrescentes;d500000.txt;0.031748
decrescentes;d500000.txt;0.032593
decrescentes;d500000.txt;0.032838
decrescentes;d500000.txt;0.031934
decrescentes;d500000.txt;0.031858
decrescentes;d500000.txt;0.032150
decrescentes;d500000.txt;0.032517
decrescentes;d500000.txt;0.032748
decrescentes;d500000.txt;0.032124
decrescentes;d500000.txt;0.032332
decrescentes;d500000.txt;0.032051
decrescentes;d500000.txt;0.032431
decrescentes;d500000.txt;0.032435
decrescentes;d1000000.txt;0.068797
decrescentes;d1000000.txt;0.072784
decrescentes;d1000000.txt;0.071832
decrescentes;d1000000.txt;0.069946
decrescentes;d1000000.txt;0.068941
decrescentes;d1000000.txt;0.069171
decrescentes;d1000000.txt;0.068955
decrescentes;d1000000.txt;0.068950
decrescentes;d1000000.txt;0.069065
decrescentes;d1000000.txt;0.069667
decrescentes;d1000000.txt;0.068869
decrescentes;d1000000.txt;0.069252
decrescentes;d1000000.txt;0.069074
decrescentes;d1000000.txt;0.068729
decrescentes;d1000000.txt;0.069381
decrescentes;d1000000.txt;0.069321
decrescentes;d1000000.txt;0.069307
decrescentes;d1000000.txt;0.069471
decrescentes;d1000000.txt;0.069400
decrescentes;d1000000.txt;0.069159
decrescentes;d1000000.txt;0.070774
decrescentes;d1000000.txt;0.073874
decrescentes;d1000000.txt;0.070535
decrescentes;d1000000.txt;0.068936
decrescentes;d1000000.txt;0.069108
decrescentes;d1000000.txt;0.068748
decrescentes;d1000000.txt;0.068997
decrescentes;d1000000.txt;0.069211
decrescentes;d1000000.txt;0.069565
decrescentes;d1000000.txt;0.069178
decrescentes;d1500000.txt;0.113505
decrescentes;d1500000.txt;0.112276
decrescentes;d1500000.txt;0.112421
decrescentes;d1500000.txt;0.112790
decrescentes;d1500000.txt;0.112609
decrescentes;d1500000.txt;0.112893
decrescentes;d1500000.txt;0.119507
decrescentes;d1500000.txt;0.112307
decrescentes;d1500000.txt;0.111894
decrescentes;d1500000.txt;0.112586
decrescentes;d1500000.txt;0.112410
decrescentes;d1500000.txt;0.112103
decrescentes;d1500000.txt;0.111930
decrescentes;d1500000.txt;0.112013
decrescentes;d1500000.txt;0.112327
decrescentes;d1500000.txt;0.111561
decrescentes;d1500000.txt;0.111780
decrescentes;d1500000.txt;0.112894
decrescentes;d1500000.txt;0.112958
decrescentes;d1500000.txt;0.114302
decrescentes;d1500000.txt;0.111832
decrescentes;d1500000.txt;0.112824
decrescentes;d1500000.txt;0.111890
decrescentes;d1500000.txt;0.112711
decrescentes;d1500000.txt;0.111755
decrescentes;d1500000.txt;0.112039
decrescentes;d1500000.txt;0.112933
decrescentes;d1500000.txt;0.112518
decrescentes;d1500000.txt;0.111941
decrescentes;d1500000.txt;0.126599
decrescentes;d2000000.txt;0.149572
decrescentes;d2000000.txt;0.150336
decrescentes;d2000000.txt;0.147020
decrescentes;d2000000.txt;0.148112
decrescentes;d2000000.txt;0.147841
decrescentes;d2000000.txt;0.147009
decrescentes;d2000000.txt;0.148858
decrescentes;d2000000.txt;0.147634
decrescentes;d2000000.txt;0.171322
decrescentes;d2000000.txt;0.251337
decrescentes;d2000000.txt;0.249989
decrescentes;d2000000.txt;0.146989
decrescentes;d2000000.txt;0.147947
decrescentes;d2000000.txt;0.147674
decrescentes;d2000000.txt;0.147442
decrescentes;d2000000.txt;0.148055
decrescentes;d2000000.txt;0.148711
decrescentes;d2000000.txt;0.149235
decrescentes;d2000000.txt;0.158096
decrescentes;d2000000.txt;0.148589
decrescentes;d2000000.txt;0.148198
decrescentes;d2000000.txt;0.149122
decrescentes;d2000000.txt;0.147522
decrescentes;d2000000.txt;0.148204
decrescentes;d2000000.txt;0.149527
decrescentes;d2000000.txt;0.148185
decrescentes;d2000000.txt;0.147405
decrescentes;d2000000.txt;0.148962
decrescentes;d2000000.txt;0.249774
decrescentes;d2000000.txt;0.251476
