Pasta;Arquivo;Tempo_Segundos
decrescentes;d5000.txt;0,001503
decrescentes;d5000.txt;0,001495
decrescentes;d5000.txt;0,001517
decrescentes;d5000.txt;0,001509
decrescentes;d5000.txt;0,001493
decrescentes;d5000.txt;0,001481
decrescentes;d5000.txt;0,001474
decrescentes;d5000.txt;0,001523
decrescentes;d5000.txt;0,001514
decrescentes;d5000.txt;0,001509
decrescentes;d5000.txt;0,001520
decrescentes;d5000.txt;0,001506
decrescentes;d5000.txt;0,001483
decrescentes;d5000.txt;0,001551
decrescentes;d5000.txt;0,001543
decrescentes;d5000.txt;0,001496
decrescentes;d5000.txt;0,001572
decrescentes;d5000.txt;0,001537
decrescentes;d5000.txt;0,001507
decrescentes;d5000.txt;0,001515
decrescentes;d5000.txt;0,001485
decrescentes;d5000.txt;0,001479
decrescentes;d5000.txt;0,001531
decrescentes;d5000.txt;0,001532
decrescentes;d5000.txt;0,001552
decrescentes;d5000.txt;0,001557
decrescentes;d5000.txt;0,001491
decrescentes;d5000.txt;0,001496
decrescentes;d5000.txt;0,001458
decrescentes;d5000.txt;0,001503
decrescentes;d10000.txt;0,002096
decrescentes;d10000.txt;0,002097
decrescentes;d10000.txt;0,002138
decrescentes;d10000.txt;0,002058
decrescentes;d10000.txt;0,002039
decrescentes;d10000.txt;0,002118
decrescentes;d10000.txt;0,002080
decrescentes;d10000.txt;0,002046
decrescentes;d10000.txt;0,002066
decrescentes;d10000.txt;0,003804
decrescentes;d10000.txt;0,002076
decrescentes;d10000.txt;0,002054
decrescentes;d10000.txt;0,002136
decrescentes;d10000.txt;0,002085
decrescentes;d10000.txt;0,002026
decrescentes;d10000.txt;0,002035
decrescentes;d10000.txt;0,002186
decrescentes;d10000.txt;0,002046
decrescentes;d10000.txt;0,002082
decrescentes;d10000.txt;0,002053
decrescentes;d10000.txt;0,002093
decrescentes;d10000.txt;0,003645
decrescentes;d10000.txt;0,002141
decrescentes;d10000.txt;0,002054
decrescentes;d10000.txt;0,002078
decrescentes;d10000.txt;0,002126
decrescentes;d10000.txt;0,002101
decrescentes;d10000.txt;0,002129
decrescentes;d10000.txt;0,002079
decrescentes;d10000.txt;0,002054
decrescentes;d15000.txt;0,002480
decrescentes;d15000.txt;0,002501
decrescentes;d15000.txt;0,002485
decrescentes;d15000.txt;0,002458
decrescentes;d15000.txt;0,002435
decrescentes;d15000.txt;0,002434
decrescentes;d15000.txt;0,002481
decrescentes;d15000.txt;0,002455
decrescentes;d15000.txt;0,002409
decrescentes;d15000.txt;0,002465
decrescentes;d15000.txt;0,002491
decrescentes;d15000.txt;0,002513
decrescentes;d15000.txt;0,002455
decrescentes;d15000.txt;0,002432
decrescentes;d15000.txt;0,002423
decrescentes;d15000.txt;0,002483
decrescentes;d15000.txt;0,002429
decrescentes;d15000.txt;0,002451
decrescentes;d15000.txt;0,002506
decrescentes;d15000.txt;0,002440
decrescentes;d15000.txt;0,002446
decrescentes;d15000.txt;0,004311
decrescentes;d15000.txt;0,002441
decrescentes;d15000.txt;0,002514
decrescentes;d15000.txt;0,002416
decrescentes;d15000.txt;0,002484
decrescentes;d15000.txt;0,002448
decrescentes;d15000.txt;0,002474
decrescentes;d15000.txt;0,002511
decrescentes;d15000.txt;0,004362
decrescentes;d30000.txt;0,003624
decrescentes;d30000.txt;0,003681
decrescentes;d30000.txt;0,003516
decrescentes;d30000.txt;0,003654
decrescentes;d30000.txt;0,003493
decrescentes;d30000.txt;0,003500
decrescentes;d30000.txt;0,003586
decrescentes;d30000.txt;0,003646
decrescentes;d30000.txt;0,003602
decrescentes;d30000.txt;0,003626
decrescentes;d30000.txt;0,003653
decrescentes;d30000.txt;0,003584
decrescentes;d30000.txt;0,003621
decrescentes;d30000.txt;0,003654
decrescentes;d30000.txt;0,003594
decrescentes;d30000.txt;0,003619
decrescentes;d30000.txt;0,003597
decrescentes;d30000.txt;0,003526
decrescentes;d30000.txt;0,003563
decrescentes;d30000.txt;0,003565
decrescentes;d30000.txt;0,003566
decrescentes;d30000.txt;0,003573
decrescentes;d30000.txt;0,003592
decrescentes;d30000.txt;0,003522
decrescentes;d30000.txt;0,004110
decrescentes;d30000.txt;0,003632
decrescentes;d30000.txt;0,003497
decrescentes;d30000.txt;0,003648
decrescentes;d30000.txt;0,003651
decrescentes;d30000.txt;0,003651
decrescentes;d50000.txt;0,004324
decrescentes;d50000.txt;0,004653
decrescentes;d50000.txt;0,004612
decrescentes;d50000.txt;0,004690
decrescentes;d50000.txt;0,004618
decrescentes;d50000.txt;0,004692
decrescentes;d50000.txt;0,004535
decrescentes;d50000.txt;0,004595
decrescentes;d50000.txt;0,004554
decrescentes;d50000.txt;0,004718
decrescentes;d50000.txt;0,004573
decrescentes;d50000.txt;0,004684
decrescentes;d50000.txt;0,004496
decrescentes;d50000.txt;0,004519
decrescentes;d50000.txt;0,004569
decrescentes;d50000.txt;0,008085
decrescentes;d50000.txt;0,004618
decrescentes;d50000.txt;0,004552
decrescentes;d50000.txt;0,004525
decrescentes;d50000.txt;0,004749
decrescentes;d50000.txt;0,004633
decrescentes;d50000.txt;0,004509
decrescentes;d50000.txt;0,004547
decrescentes;d50000.txt;0,004672
decrescentes;d50000.txt;0,004627
decrescentes;d50000.txt;0,004674
decrescentes;d50000.txt;0,004510
decrescentes;d50000.txt;0,004627
decrescentes;d50000.txt;0,004601
decrescentes;d50000.txt;0,004661
decrescentes;d100000.txt;0,006913
decrescentes;d100000.txt;0,007183
decrescentes;d100000.txt;0,006927
decrescentes;d100000.txt;0,006930
decrescentes;d100000.txt;0,006876
decrescentes;d100000.txt;0,006919
decrescentes;d100000.txt;0,007102
decrescentes;d100000.txt;0,006881
decrescentes;d100000.txt;0,007310
decrescentes;d100000.txt;0,006929
decrescentes;d100000.txt;0,006985
decrescentes;d100000.txt;0,006942
decrescentes;d100000.txt;0,007239
decrescentes;d100000.txt;0,006942
decrescentes;d100000.txt;0,007333
decrescentes;d100000.txt;0,007186
decrescentes;d100000.txt;0,007164
decrescentes;d100000.txt;0,006887
decrescentes;d100000.txt;0,007200
decrescentes;d100000.txt;0,006915
decrescentes;d100000.txt;0,007168
decrescentes;d100000.txt;0,006942
decrescentes;d100000.txt;0,007216
decrescentes;d100000.txt;0,006924
decrescentes;d100000.txt;0,006974
decrescentes;d100000.txt;0,006943
decrescentes;d100000.txt;0,006893
decrescentes;d100000.txt;0,006863
decrescentes;d100000.txt;0,007206
decrescentes;d100000.txt;0,007479
decrescentes;d200000.txt;0,012439
decrescentes;d200000.txt;0,012523
decrescentes;d200000.txt;0,012000
decrescentes;d200000.txt;0,011921
decrescentes;d200000.txt;0,011940
decrescentes;d200000.txt;0,012028
decrescentes;d200000.txt;0,012520
decrescentes;d200000.txt;0,011919
decrescentes;d200000.txt;0,012398
decrescentes;d200000.txt;0,012569
decrescentes;d200000.txt;0,012035
decrescentes;d200000.txt;0,012497
decrescentes;d200000.txt;0,012309
decrescentes;d200000.txt;0,012541
decrescentes;d200000.txt;0,012021
decrescentes;d200000.txt;0,011944
decrescentes;d200000.txt;0,012463
decrescentes;d200000.txt;0,012476
decrescentes;d200000.txt;0,011928
decrescentes;d200000.txt;0,012508
decrescentes;d200000.txt;0,012272
decrescentes;d200000.txt;0,011943
decrescentes;d200000.txt;0,012371
decrescentes;d200000.txt;0,012223
decrescentes;d200000.txt;0,012562
decrescentes;d200000.txt;0,012795
decrescentes;d200000.txt;0,011968
decrescentes;d200000.txt;0,012517
decrescentes;d200000.txt;0,011961
decrescentes;d200000.txt;0,011893
decrescentes;d500000.txt;0,025959
decrescentes;d500000.txt;0,024941
decrescentes;d500000.txt;0,026758
decrescentes;d500000.txt;0,024868
decrescentes;d500000.txt;0,024681
decrescentes;d500000.txt;0,025984
decrescentes;d500000.txt;0,026289
decrescentes;d500000.txt;0,026378
decrescentes;d500000.txt;0,025231
decrescentes;d500000.txt;0,026695
decrescentes;d500000.txt;0,047376
decrescentes;d500000.txt;0,024912
decrescentes;d500000.txt;0,024763
decrescentes;d500000.txt;0,026719
decrescentes;d500000.txt;0,025386
decrescentes;d500000.txt;0,024685
decrescentes;d500000.txt;0,026188
decrescentes;d500000.txt;0,026654
decrescentes;d500000.txt;0,025077
decrescentes;d500000.txt;0,026302
decrescentes;d500000.txt;0,024517
decrescentes;d500000.txt;0,024688
decrescentes;d500000.txt;0,025820
decrescentes;d500000.txt;0,026651
decrescentes;d500000.txt;0,024654
decrescentes;d500000.txt;0,047624
decrescentes;d500000.txt;0,025535
decrescentes;d500000.txt;0,028216
decrescentes;d500000.txt;0,026284
decrescentes;d500000.txt;0,024932
decrescentes;d1000000.txt;0,046389
decrescentes;d1000000.txt;0,048846
decrescentes;d1000000.txt;0,049022
decrescentes;d1000000.txt;0,048674
decrescentes;d1000000.txt;0,046152
decrescentes;d1000000.txt;0,046258
decrescentes;d1000000.txt;0,052541
decrescentes;d1000000.txt;0,048890
decrescentes;d1000000.txt;0,048852
decrescentes;d1000000.txt;0,046702
decrescentes;d1000000.txt;0,049030
decrescentes;d1000000.txt;0,046338
decrescentes;d1000000.txt;0,048919
decrescentes;d1000000.txt;0,048812
decrescentes;d1000000.txt;0,048664
decrescentes;d1000000.txt;0,047093
decrescentes;d1000000.txt;0,050983
decrescentes;d1000000.txt;0,047671
decrescentes;d1000000.txt;0,046360
decrescentes;d1000000.txt;0,049207
decrescentes;d1000000.txt;0,046326
decrescentes;d1000000.txt;0,046624
decrescentes;d1000000.txt;0,049139
decrescentes;d1000000.txt;0,047157
decrescentes;d1000000.txt;0,046579
decrescentes;d1000000.txt;0,046335
decrescentes;d1000000.txt;0,046318
decrescentes;d1000000.txt;0,046460
decrescentes;d1000000.txt;0,046455
decrescentes;d1000000.txt;0,048727
decrescentes;d1500000.txt;0,069887
decrescentes;d1500000.txt;0,073309
decrescentes;d1500000.txt;0,073772
decrescentes;d1500000.txt;0,073519
decrescentes;d1500000.txt;0,073255
decrescentes;d1500000.txt;0,070300
decrescentes;d1500000.txt;0,073490
decrescentes;d1500000.txt;0,070172
decrescentes;d1500000.txt;0,073525
decrescentes;d1500000.txt;0,073957
decrescentes;d1500000.txt;0,069782
decrescentes;d1500000.txt;0,069691
decrescentes;d1500000.txt;0,073577
decrescentes;d1500000.txt;0,070104
decrescentes;d1500000.txt;0,069802
decrescentes;d1500000.txt;0,070991
decrescentes;d1500000.txt;0,125331
decrescentes;d1500000.txt;0,074775
decrescentes;d1500000.txt;0,074324
decrescentes;d1500000.txt;0,073414
decrescentes;d1500000.txt;0,072349
decrescentes;d1500000.txt;0,069834
decrescentes;d1500000.txt;0,073575
decrescentes;d1500000.txt;0,075219
decrescentes;d1500000.txt;0,069585
decrescentes;d1500000.txt;0,073067
decrescentes;d1500000.txt;0,073227
decrescentes;d1500000.txt;0,073891
decrescentes;d1500000.txt;0,073289
decrescentes;d1500000.txt;0,069993
decrescentes;d2000000.txt;0,090613
decrescentes;d2000000.txt;0,118567
decrescentes;d2000000.txt;0,092835
decrescentes;d2000000.txt;0,091069
decrescentes;d2000000.txt;0,095438
decrescentes;d2000000.txt;0,097443
decrescentes;d2000000.txt;0,091812
decrescentes;d2000000.txt;0,095144
decrescentes;d2000000.txt;0,098483
decrescentes;d2000000.txt;0,091551
decrescentes;d2000000.txt;0,091702
decrescentes;d2000000.txt;0,090869
decrescentes;d2000000.txt;0,090919
decrescentes;d2000000.txt;0,110878
decrescentes;d2000000.txt;0,091035
decrescentes;d2000000.txt;0,095666
decrescentes;d2000000.txt;0,102519
decrescentes;d2000000.txt;0,095781
decrescentes;d2000000.txt;0,091536
decrescentes;d2000000.txt;0,090969
decrescentes;d2000000.txt;0,091421
decrescentes;d2000000.txt;0,095571
decrescentes;d2000000.txt;0,090857
decrescentes;d2000000.txt;0,095564
decrescentes;d2000000.txt;0,153761
decrescentes;d2000000.txt;0,095598
decrescentes;d2000000.txt;0,095520
decrescentes;d2000000.txt;0,093490
decrescentes;d2000000.txt;0,090770
decrescentes;d2000000.txt;0,095391
