decrescentes;d5000.txt;0.000327
decrescentes;d5000.txt;0.000354
decrescentes;d5000.txt;0.000330
decrescentes;d5000.txt;0.000339
decrescentes;d5000.txt;0.000341
decrescentes;d5000.txt;0.000337
decrescentes;d5000.txt;0.000328
decrescentes;d5000.txt;0.000344
decrescentes;d5000.txt;0.000339
decrescentes;d5000.txt;0.000337
decrescentes;d5000.txt;0.000341
decrescentes;d5000.txt;0.000326
decrescentes;d5000.txt;0.000353
decrescentes;d5000.txt;0.000333
decrescentes;d5000.txt;0.000359
decrescentes;d5000.txt;0.000338
decrescentes;d5000.txt;0.000333
decrescentes;d5000.txt;0.000356
decrescentes;d5000.txt;0.000325
decrescentes;d5000.txt;0.000327
decrescentes;d5000.txt;0.000324
decrescentes;d5000.txt;0.000338
decrescentes;d5000.txt;0.000328
decrescentes;d5000.txt;0.000364
decrescentes;d5000.txt;0.000343
decrescentes;d5000.txt;0.000339
decrescentes;d5000.txt;0.000327
decrescentes;d5000.txt;0.000337
decrescentes;d5000.txt;0.000347
decrescentes;d5000.txt;0.000334
decrescentes;d10000.txt;0.000773
decrescentes;d10000.txt;0.000803
decrescentes;d10000.txt;0.000799
decrescentes;d10000.txt;0.000777
decrescentes;d10000.txt;0.000778
decrescentes;d10000.txt;0.000788
decrescentes;d10000.txt;0.000778
decrescentes;d10000.txt;0.000790
decrescentes;d10000.txt;0.000787
decrescentes;d10000.txt;0.000788
decrescentes;d10000.txt;0.000766
decrescentes;d10000.txt;0.000792
decrescentes;d10000.txt;0.000802
decrescentes;d10000.txt;0.000799
decrescentes;d10000.txt;0.000782
decrescentes;d10000.txt;0.000791
decrescentes;d10000.txt;0.000789
decrescentes;d10000.txt;0.000790
decrescentes;d10000.txt;0.000787
decrescentes;d10000.txt;0.000762
decrescentes;d10000.txt;0.000794
decrescentes;d10000.txt;0.000781
decrescentes;d10000.txt;0.000799
decrescentes;d10000.txt;0.000772
decrescentes;d10000.txt;0.000780
decrescentes;d10000.txt;0.000790
decrescentes;d10000.txt;0.000790
decrescentes;d10000.txt;0.000798
decrescentes;d10000.txt;0.000787
decrescentes;d10000.txt;0.000791
decrescentes;d15000.txt;0.001176
decrescentes;d15000.txt;0.001158
decrescentes;d15000.txt;0.001125
decrescentes;d15000.txt;0.001149
decrescentes;d15000.txt;0.001133
decrescentes;d15000.txt;0.001146
decrescentes;d15000.txt;0.001127
decrescentes;d15000.txt;0.001137
decrescentes;d15000.txt;0.001132
decrescentes;d15000.txt;0.001142
decrescentes;d15000.txt;0.001120
decrescentes;d15000.txt;0.001152
decrescentes;d15000.txt;0.001154
decrescentes;d15000.txt;0.001157
decrescentes;d15000.txt;0.001122
decrescentes;d15000.txt;0.001164
decrescentes;d15000.txt;0.001148
decrescentes;d15000.txt;0.001139
decrescentes;d15000.txt;0.001161
decrescentes;d15000.txt;0.001136
decrescentes;d15000.txt;0.001145
decrescentes;d15000.txt;0.001144
decrescentes;d15000.txt;0.001143
decrescentes;d15000.txt;0.001148
decrescentes;d15000.txt;0.001139
decrescentes;d15000.txt;0.001160
decrescentes;d15000.txt;0.001136
decrescentes;d15000.txt;0.001130
decrescentes;d15000.txt;0.001117
decrescentes;d15000.txt;0.001138
decrescentes;d30000.txt;0.001930
decrescentes;d30000.txt;0.002439
decrescentes;d30000.txt;0.002636
decrescentes;d30000.txt;0.001872
decrescentes;d30000.txt;0.001977
decrescentes;d30000.txt;0.001878
decrescentes;d30000.txt;0.002466
decrescentes;d30000.txt;0.001917
decrescentes;d30000.txt;0.001891
decrescentes;d30000.txt;0.001910
decrescentes;d30000.txt;0.001886
decrescentes;d30000.txt;0.001874
decrescentes;d30000.txt;0.001895
decrescentes;d30000.txt;0.002582
decrescentes;d30000.txt;0.001792
decrescentes;d30000.txt;0.001933
decrescentes;d30000.txt;0.001895
decrescentes;d30000.txt;0.001912
decrescentes;d30000.txt;0.001876
decrescentes;d30000.txt;0.001883
decrescentes;d30000.txt;0.001930
decrescentes;d30000.txt;0.001941
decrescentes;d30000.txt;0.001967
decrescentes;d30000.txt;0.001965
decrescentes;d30000.txt;0.001912
decrescentes;d30000.txt;0.001905
decrescentes;d30000.txt;0.001894
decrescentes;d30000.txt;0.001918
decrescentes;d30000.txt;0.001914
decrescentes;d30000.txt;0.001898
decrescentes;d50000.txt;0.003947
decrescentes;d50000.txt;0.003972
decrescentes;d50000.txt;0.002868
decrescentes;d50000.txt;0.002850
decrescentes;d50000.txt;0.002947
decrescentes;d50000.txt;0.004113
decrescentes;d50000.txt;0.002916
decrescentes;d50000.txt;0.003994
decrescentes;d50000.txt;0.003941
decrescentes;d50000.txt;0.004098
decrescentes;d50000.txt;0.002892
decrescentes;d50000.txt;0.004029
decrescentes;d50000.txt;0.002906
decrescentes;d50000.txt;0.002869
decrescentes;d50000.txt;0.004062
decrescentes;d50000.txt;0.003966
decrescentes;d50000.txt;0.002882
decrescentes;d50000.txt;0.002820
decrescentes;d50000.txt;0.002701
decrescentes;d50000.txt;0.002882
decrescentes;d50000.txt;0.002879
decrescentes;d50000.txt;0.004011
decrescentes;d50000.txt;0.003946
decrescentes;d50000.txt;0.003936
decrescentes;d50000.txt;0.002900
decrescentes;d50000.txt;0.003924
decrescentes;d50000.txt;0.002911
decrescentes;d50000.txt;0.004068
decrescentes;d50000.txt;0.004131
decrescentes;d50000.txt;0.004036
decrescentes;d100000.txt;0.005430
decrescentes;d100000.txt;0.005453
decrescentes;d100000.txt;0.005450
decrescentes;d100000.txt;0.005676
decrescentes;d100000.txt;0.005751
decrescentes;d100000.txt;0.005455
decrescentes;d100000.txt;0.005392
decrescentes;d100000.txt;0.005413
decrescentes;d100000.txt;0.005558
decrescentes;d100000.txt;0.005388
decrescentes;d100000.txt;0.005449
decrescentes;d100000.txt;0.005585
decrescentes;d100000.txt;0.005431
decrescentes;d100000.txt;0.005457
decrescentes;d100000.txt;0.005460
decrescentes;d100000.txt;0.005391
decrescentes;d100000.txt;0.005502
decrescentes;d100000.txt;0.005463
decrescentes;d100000.txt;0.005483
decrescentes;d100000.txt;0.005431
decrescentes;d100000.txt;0.005383
decrescentes;d100000.txt;0.005411
decrescentes;d100000.txt;0.005524
decrescentes;d100000.txt;0.005457
decrescentes;d100000.txt;0.005557
decrescentes;d100000.txt;0.005452
decrescentes;d100000.txt;0.005386
decrescentes;d100000.txt;0.005400
decrescentes;d100000.txt;0.005391
decrescentes;d100000.txt;0.005422
decrescentes;d200000.txt;0.009535
decrescentes;d200000.txt;0.009530
decrescentes;d200000.txt;0.009418
decrescentes;d200000.txt;0.009550
decrescentes;d200000.txt;0.009506
decrescentes;d200000.txt;0.009502
decrescentes;d200000.txt;0.009604
decrescentes;d200000.txt;0.009579
decrescentes;d200000.txt;0.009970
decrescentes;d200000.txt;0.009584
decrescentes;d200000.txt;0.009419
decrescentes;d200000.txt;0.009567
decrescentes;d200000.txt;0.009410
decrescentes;d200000.txt;0.009449
decrescentes;d200000.txt;0.009655
decrescentes;d200000.txt;0.009586
decrescentes;d200000.txt;0.009508
decrescentes;d200000.txt;0.009573
decrescentes;d200000.txt;0.009368
decrescentes;d200000.txt;0.009394
decrescentes;d200000.txt;0.009510
decrescentes;d200000.txt;0.009557
decrescentes;d200000.txt;0.009584
decrescentes;d200000.txt;0.009467
decrescentes;d200000.txt;0.009370
decrescentes;d200000.txt;0.009676
decrescentes;d200000.txt;0.009346
decrescentes;d200000.txt;0.009620
decrescentes;d200000.txt;0.009616
decrescentes;d200000.txt;0.009362
decrescentes;d500000.txt;0.011422
decrescentes;d500000.txt;0.011206
decrescentes;d500000.txt;0.010798
decrescentes;d500000.txt;0.011462
decrescentes;d500000.txt;0.011122
decrescentes;d500000.txt;0.010934
decrescentes;d500000.txt;0.010990
decrescentes;d500000.txt;0.010935
decrescentes;d500000.txt;0.010684
decrescentes;d500000.txt;0.010737
decrescentes;d500000.txt;0.010905
decrescentes;d500000.txt;0.010900
decrescentes;d500000.txt;0.010882
decrescentes;d500000.txt;0.011088
decrescentes;d500000.txt;0.010957
decrescentes;d500000.txt;0.010866
decrescentes;d500000.txt;0.010679
decrescentes;d500000.txt;0.010730
decrescentes;d500000.txt;0.010777
decrescentes;d500000.txt;0.011434
decrescentes;d500000.txt;0.010816
decrescentes;d500000.txt;0.011243
decrescentes;d500000.txt;0.011041
decrescentes;d500000.txt;0.010799
decrescentes;d500000.txt;0.011090
decrescentes;d500000.txt;0.010773
decrescentes;d500000.txt;0.010959
decrescentes;d500000.txt;0.011011
decrescentes;d500000.txt;0.010960
decrescentes;d500000.txt;0.010917
decrescentes;d1000000.txt;0.020172
decrescentes;d1000000.txt;0.020131
decrescentes;d1000000.txt;0.020326
decrescentes;d1000000.txt;0.020412
decrescentes;d1000000.txt;0.020378
decrescentes;d1000000.txt;0.020032
decrescentes;d1000000.txt;0.020819
decrescentes;d1000000.txt;0.020403
decrescentes;d1000000.txt;0.020389
decrescentes;d1000000.txt;0.020297
decrescentes;d1000000.txt;0.035950
decrescentes;d1000000.txt;0.036730
decrescentes;d1000000.txt;0.036492
decrescentes;d1000000.txt;0.034872
decrescentes;d1000000.txt;0.019840
decrescentes;d1000000.txt;0.019905
decrescentes;d1000000.txt;0.020361
decrescentes;d1000000.txt;0.020584
decrescentes;d1000000.txt;0.020341
decrescentes;d1000000.txt;0.020195
decrescentes;d1000000.txt;0.019844
decrescentes;d1000000.txt;0.019922
decrescentes;d1000000.txt;0.019879
decrescentes;d1000000.txt;0.020521
decrescentes;d1000000.txt;0.020151
decrescentes;d1000000.txt;0.020294
decrescentes;d1000000.txt;0.019961
decrescentes;d1000000.txt;0.020233
decrescentes;d1000000.txt;0.021125
decrescentes;d1000000.txt;0.019946
decrescentes;d1500000.txt;0.031244
decrescentes;d1500000.txt;0.031870
decrescentes;d1500000.txt;0.031428
decrescentes;d1500000.txt;0.031040
decrescentes;d1500000.txt;0.031513
decrescentes;d1500000.txt;0.031127
decrescentes;d1500000.txt;0.031633
decrescentes;d1500000.txt;0.031335
decrescentes;d1500000.txt;0.031323
decrescentes;d1500000.txt;0.031105
decrescentes;d1500000.txt;0.031333
decrescentes;d1500000.txt;0.031299
decrescentes;d1500000.txt;0.031235
decrescentes;d1500000.txt;0.031556
decrescentes;d1500000.txt;0.031380
decrescentes;d1500000.txt;0.030809
decrescentes;d1500000.txt;0.031666
decrescentes;d1500000.txt;0.030843
decrescentes;d1500000.txt;0.031628
decrescentes;d1500000.txt;0.031136
decrescentes;d1500000.txt;0.031317
decrescentes;d1500000.txt;0.031417
decrescentes;d1500000.txt;0.031325
decrescentes;d1500000.txt;0.032395
decrescentes;d1500000.txt;0.031320
decrescentes;d1500000.txt;0.030916
decrescentes;d1500000.txt;0.031038
decrescentes;d1500000.txt;0.031665
decrescentes;d1500000.txt;0.031929
decrescentes;d1500000.txt;0.031693
decrescentes;d2000000.txt;0.041215
decrescentes;d2000000.txt;0.042219
decrescentes;d2000000.txt;0.041565
decrescentes;d2000000.txt;0.040848
decrescentes;d2000000.txt;0.041264
decrescentes;d2000000.txt;0.073398
decrescentes;d2000000.txt;0.073511
decrescentes;d2000000.txt;0.041172
decrescentes;d2000000.txt;0.041180
decrescentes;d2000000.txt;0.040621
decrescentes;d2000000.txt;0.040650
decrescentes;d2000000.txt;0.040912
decrescentes;d2000000.txt;0.041090
decrescentes;d2000000.txt;0.041026
decrescentes;d2000000.txt;0.040729
decrescentes;d2000000.txt;0.041059
decrescentes;d2000000.txt;0.040711
decrescentes;d2000000.txt;0.040917
decrescentes;d2000000.txt;0.040989
decrescentes;d2000000.txt;0.073507
decrescentes;d2000000.txt;0.072986
decrescentes;d2000000.txt;0.041754
decrescentes;d2000000.txt;0.042008
decrescentes;d2000000.txt;0.040601
decrescentes;d2000000.txt;0.040965
decrescentes;d2000000.txt;0.040644
decrescentes;d2000000.txt;0.044032
decrescentes;d2000000.txt;0.041420
decrescentes;d2000000.txt;0.040884
decrescentes;d2000000.txt;0.041531
