parcialmenteOrdenados;po100.txt;0.000006
parcialmenteOrdenados;po100.txt;0.000005
parcialmenteOrdenados;po100.txt;0.000005
parcialmenteOrdenados;po100.txt;0.000005
parcialmenteOrdenados;po100.txt;0.000004
parcialmenteOrdenados;po100.txt;0.000005
parcialmenteOrdenados;po100.txt;0.000005
parcialmenteOrdenados;po100.txt;0.000005
parcialmenteOrdenados;po100.txt;0.000005
parcialmenteOrdenados;po100.txt;0.000005
parcialmenteOrdenados;po100.txt;0.000004
parcialmenteOrdenados;po100.txt;0.000005
parcialmenteOrdenados;po100.txt;0.000004
parcialmenteOrdenados;po100.txt;0.000005
parcialmenteOrdenados;po100.txt;0.000005
parcialmenteOrdenados;po100.txt;0.000005
parcialmenteOrdenados;po100.txt;0.000004
parcialmenteOrdenados;po100.txt;0.000006
parcialmenteOrdenados;po100.txt;0.000005
parcialmenteOrdenados;po100.txt;0.000006
parcialmenteOrdenados;po100.txt;0.000006
parcialmenteOrdenados;po100.txt;0.000006
parcialmenteOrdenados;po100.txt;0.000006
parcialmenteOrdenados;po100.txt;0.000008
parcialmenteOrdenados;po100.txt;0.000008
parcialmenteOrdenados;po100.txt;0.000007
parcialmenteOrdenados;po100.txt;0.000009
parcialmenteOrdenados;po100.txt;0.000009
parcialmenteOrdenados;po100.txt;0.000009
parcialmenteOrdenados;po100.txt;0.000010
parcialmenteOrdenados;po200.txt;0.000021
parcialmenteOrdenados;po200.txt;0.000015
parcialmenteOrdenados;po200.txt;0.000022
parcialmenteOrdenados;po200.txt;0.000022
parcialmenteOrdenados;po200.txt;0.000027
parcialmenteOrdenados;po200.txt;0.000026
parcialmenteOrdenados;po200.txt;0.000024
parcialmenteOrdenados;po200.txt;0.000020
parcialmenteOrdenados;po200.txt;0.000024
parcialmenteOrdenados;po200.txt;0.000023
parcialmenteOrdenados;po200.txt;0.000022
parcialmenteOrdenados;po200.txt;0.000023
parcialmenteOrdenados;po200.txt;0.000022
parcialmenteOrdenados;po200.txt;0.000022
parcialmenteOrdenados;po200.txt;0.000022
parcialmenteOrdenados;po200.txt;0.000024
parcialmenteOrdenados;po200.txt;0.000021
parcialmenteOrdenados;po200.txt;0.000022
parcialmenteOrdenados;po200.txt;0.000021
parcialmenteOrdenados;po200.txt;0.000027
parcialmenteOrdenados;po200.txt;0.000021
parcialmenteOrdenados;po200.txt;0.000021
parcialmenteOrdenados;po200.txt;0.000022
parcialmenteOrdenados;po200.txt;0.000022
parcialmenteOrdenados;po200.txt;0.000020
parcialmenteOrdenados;po200.txt;0.000023
parcialmenteOrdenados;po200.txt;0.000022
parcialmenteOrdenados;po200.txt;0.000023
parcialmenteOrdenados;po200.txt;0.000023
parcialmenteOrdenados;po200.txt;0.000020
parcialmenteOrdenados;po500.txt;0.000039
parcialmenteOrdenados;po500.txt;0.000048
parcialmenteOrdenados;po500.txt;0.000038
parcialmenteOrdenados;po500.txt;0.000047
parcialmenteOrdenados;po500.txt;0.000048
parcialmenteOrdenados;po500.txt;0.000047
parcialmenteOrdenados;po500.txt;0.000046
parcialmenteOrdenados;po500.txt;0.000047
parcialmenteOrdenados;po500.txt;0.000046
parcialmenteOrdenados;po500.txt;0.000046
parcialmenteOrdenados;po500.txt;0.000046
parcialmenteOrdenados;po500.txt;0.000049
parcialmenteOrdenados;po500.txt;0.000049
parcialmenteOrdenados;po500.txt;0.000047
parcialmenteOrdenados;po500.txt;0.000045
parcialmenteOrdenados;po500.txt;0.000045
parcialmenteOrdenados;po500.txt;0.000047
parcialmenteOrdenados;po500.txt;0.000038
parcialmenteOrdenados;po500.txt;0.000045
parcialmenteOrdenados;po500.txt;0.000044
parcialmenteOrdenados;po500.txt;0.000044
parcialmenteOrdenados;po500.txt;0.000044
parcialmenteOrdenados;po500.txt;0.000038
parcialmenteOrdenados;po500.txt;0.000040
parcialmenteOrdenados;po500.txt;0.000044
parcialmenteOrdenados;po500.txt;0.000048
parcialmenteOrdenados;po500.txt;0.000044
parcialmenteOrdenados;po500.txt;0.000042
parcialmenteOrdenados;po500.txt;0.000047
parcialmenteOrdenados;po500.txt;0.000041
parcialmenteOrdenados;po1000.txt;0.000083
parcialmenteOrdenados;po1000.txt;0.000069
parcialmenteOrdenados;po1000.txt;0.000069
parcialmenteOrdenados;po1000.txt;0.000068
parcialmenteOrdenados;po1000.txt;0.000082
parcialmenteOrdenados;po1000.txt;0.000083
parcialmenteOrdenados;po1000.txt;0.000102
parcialmenteOrdenados;po1000.txt;0.000070
parcialmenteOrdenados;po1000.txt;0.000073
parcialmenteOrdenados;po1000.txt;0.000071
parcialmenteOrdenados;po1000.txt;0.000085
parcialmenteOrdenados;po1000.txt;0.000083
parcialmenteOrdenados;po1000.txt;0.000087
parcialmenteOrdenados;po1000.txt;0.000091
parcialmenteOrdenados;po1000.txt;0.000085
parcialmenteOrdenados;po1000.txt;0.000093
parcialmenteOrdenados;po1000.txt;0.000084
parcialmenteOrdenados;po1000.txt;0.000074
parcialmenteOrdenados;po1000.txt;0.000082
parcialmenteOrdenados;po1000.txt;0.000082
parcialmenteOrdenados;po1000.txt;0.000081
parcialmenteOrdenados;po1000.txt;0.000086
parcialmenteOrdenados;po1000.txt;0.000082
parcialmenteOrdenados;po1000.txt;0.000067
parcialmenteOrdenados;po1000.txt;0.000069
parcialmenteOrdenados;po1000.txt;0.000101
parcialmenteOrdenados;po1000.txt;0.000082
parcialmenteOrdenados;po1000.txt;0.000082
parcialmenteOrdenados;po1000.txt;0.000085
parcialmenteOrdenados;po1000.txt;0.000082
parcialmenteOrdenados;po2000.txt;0.000168
parcialmenteOrdenados;po2000.txt;0.000139
parcialmenteOrdenados;po2000.txt;0.000165
parcialmenteOrdenados;po2000.txt;0.000167
parcialmenteOrdenados;po2000.txt;0.000175
parcialmenteOrdenados;po2000.txt;0.000132
parcialmenteOrdenados;po2000.txt;0.000134
parcialmenteOrdenados;po2000.txt;0.000142
parcialmenteOrdenados;po2000.txt;0.000174
parcialmenteOrdenados;po2000.txt;0.000165
parcialmenteOrdenados;po2000.txt;0.000167
parcialmenteOrdenados;po2000.txt;0.000168
parcialmenteOrdenados;po2000.txt;0.000153
parcialmenteOrdenados;po2000.txt;0.000166
parcialmenteOrdenados;po2000.txt;0.000173
parcialmenteOrdenados;po2000.txt;0.000164
parcialmenteOrdenados;po2000.txt;0.000164
parcialmenteOrdenados;po2000.txt;0.000165
parcialmenteOrdenados;po2000.txt;0.000134
parcialmenteOrdenados;po2000.txt;0.000173
parcialmenteOrdenados;po2000.txt;0.000165
parcialmenteOrdenados;po2000.txt;0.000166
parcialmenteOrdenados;po2000.txt;0.000164
parcialmenteOrdenados;po2000.txt;0.000167
parcialmenteOrdenados;po2000.txt;0.000167
parcialmenteOrdenados;po2000.txt;0.000167
parcialmenteOrdenados;po2000.txt;0.000164
parcialmenteOrdenados;po2000.txt;0.000060
parcialmenteOrdenados;po2000.txt;0.000157
parcialmenteOrdenados;po2000.txt;0.000130
parcialmenteOrdenados;po5000.txt;0.000403
parcialmenteOrdenados;po5000.txt;0.000295
parcialmenteOrdenados;po5000.txt;0.000316
parcialmenteOrdenados;po5000.txt;0.000316
parcialmenteOrdenados;po5000.txt;0.000403
parcialmenteOrdenados;po5000.txt;0.000411
parcialmenteOrdenados;po5000.txt;0.000401
parcialmenteOrdenados;po5000.txt;0.000270
parcialmenteOrdenados;po5000.txt;0.000313
parcialmenteOrdenados;po5000.txt;0.000154
parcialmenteOrdenados;po5000.txt;0.000247
parcialmenteOrdenados;po5000.txt;0.000280
parcialmenteOrdenados;po5000.txt;0.000379
parcialmenteOrdenados;po5000.txt;0.000275
parcialmenteOrdenados;po5000.txt;0.000312
parcialmenteOrdenados;po5000.txt;0.000309
parcialmenteOrdenados;po5000.txt;0.000408
parcialmenteOrdenados;po5000.txt;0.000403
parcialmenteOrdenados;po5000.txt;0.000442
parcialmenteOrdenados;po5000.txt;0.000400
parcialmenteOrdenados;po5000.txt;0.000312
parcialmenteOrdenados;po5000.txt;0.000415
parcialmenteOrdenados;po5000.txt;0.000405
parcialmenteOrdenados;po5000.txt;0.000317
parcialmenteOrdenados;po5000.txt;0.000310
parcialmenteOrdenados;po5000.txt;0.000406
parcialmenteOrdenados;po5000.txt;0.000409
parcialmenteOrdenados;po5000.txt;0.000398
parcialmenteOrdenados;po5000.txt;0.000406
parcialmenteOrdenados;po5000.txt;0.000426
parcialmenteOrdenados;po7500.txt;0.000633
parcialmenteOrdenados;po7500.txt;0.000572
parcialmenteOrdenados;po7500.txt;0.000453
parcialmenteOrdenados;po7500.txt;0.000592
parcialmenteOrdenados;po7500.txt;0.000614
parcialmenteOrdenados;po7500.txt;0.000594
parcialmenteOrdenados;po7500.txt;0.000581
parcialmenteOrdenados;po7500.txt;0.000499
parcialmenteOrdenados;po7500.txt;0.000626
parcialmenteOrdenados;po7500.txt;0.000619
parcialmenteOrdenados;po7500.txt;0.000485
parcialmenteOrdenados;po7500.txt;0.000638
parcialmenteOrdenados;po7500.txt;0.000634
parcialmenteOrdenados;po7500.txt;0.000490
parcialmenteOrdenados;po7500.txt;0.000621
parcialmenteOrdenados;po7500.txt;0.000482
parcialmenteOrdenados;po7500.txt;0.000545
parcialmenteOrdenados;po7500.txt;0.000492
parcialmenteOrdenados;po7500.txt;0.000484
parcialmenteOrdenados;po7500.txt;0.000633
parcialmenteOrdenados;po7500.txt;0.000677
parcialmenteOrdenados;po7500.txt;0.000641
parcialmenteOrdenados;po7500.txt;0.000570
parcialmenteOrdenados;po7500.txt;0.000635
parcialmenteOrdenados;po7500.txt;0.000492
parcialmenteOrdenados;po7500.txt;0.000486
parcialmenteOrdenados;po7500.txt;0.000487
parcialmenteOrdenados;po7500.txt;0.000614
parcialmenteOrdenados;po7500.txt;0.000676
parcialmenteOrdenados;po7500.txt;0.000648
parcialmenteOrdenados;po10000.txt;0.000830
parcialmenteOrdenados;po10000.txt;0.000631
parcialmenteOrdenados;po10000.txt;0.000831
parcialmenteOrdenados;po10000.txt;0.000836
parcialmenteOrdenados;po10000.txt;0.000831
parcialmenteOrdenados;po10000.txt;0.000831
parcialmenteOrdenados;po10000.txt;0.000804
parcialmenteOrdenados;po10000.txt;0.000792
parcialmenteOrdenados;po10000.txt;0.000536
parcialmenteOrdenados;po10000.txt;0.000560
parcialmenteOrdenados;po10000.txt;0.000834
parcialmenteOrdenados;po10000.txt;0.000290
parcialmenteOrdenados;po10000.txt;0.000290
parcialmenteOrdenados;po10000.txt;0.000289
parcialmenteOrdenados;po10000.txt;0.000612
parcialmenteOrdenados;po10000.txt;0.000370
parcialmenteOrdenados;po10000.txt;0.000661
parcialmenteOrdenados;po10000.txt;0.000829
parcialmenteOrdenados;po10000.txt;0.000377
parcialmenteOrdenados;po10000.txt;0.000487
parcialmenteOrdenados;po10000.txt;0.000839
parcialmenteOrdenados;po10000.txt;0.000961
parcialmenteOrdenados;po10000.txt;0.000631
parcialmenteOrdenados;po10000.txt;0.000808
parcialmenteOrdenados;po10000.txt;0.000833
parcialmenteOrdenados;po10000.txt;0.000628
parcialmenteOrdenados;po10000.txt;0.000832
parcialmenteOrdenados;po10000.txt;0.000836
parcialmenteOrdenados;po10000.txt;0.000633
parcialmenteOrdenados;po10000.txt;0.000803
parcialmenteOrdenados;po15000.txt;0.001011
parcialmenteOrdenados;po15000.txt;0.001012
parcialmenteOrdenados;po15000.txt;0.001008
parcialmenteOrdenados;po15000.txt;0.001342
parcialmenteOrdenados;po15000.txt;0.001289
parcialmenteOrdenados;po15000.txt;0.001287
parcialmenteOrdenados;po15000.txt;0.001010
parcialmenteOrdenados;po15000.txt;0.001013
parcialmenteOrdenados;po15000.txt;0.001010
parcialmenteOrdenados;po15000.txt;0.001464
parcialmenteOrdenados;po15000.txt;0.001348
parcialmenteOrdenados;po15000.txt;0.001011
parcialmenteOrdenados;po15000.txt;0.001016
parcialmenteOrdenados;po15000.txt;0.001075
parcialmenteOrdenados;po15000.txt;0.001010
parcialmenteOrdenados;po15000.txt;0.001284
parcialmenteOrdenados;po15000.txt;0.001090
parcialmenteOrdenados;po15000.txt;0.000812
parcialmenteOrdenados;po15000.txt;0.000793
parcialmenteOrdenados;po15000.txt;0.000541
parcialmenteOrdenados;po15000.txt;0.000748
parcialmenteOrdenados;po15000.txt;0.000619
parcialmenteOrdenados;po15000.txt;0.000504
parcialmenteOrdenados;po15000.txt;0.000430
parcialmenteOrdenados;po15000.txt;0.000356
parcialmenteOrdenados;po15000.txt;0.000571
parcialmenteOrdenados;po15000.txt;0.000476
parcialmenteOrdenados;po15000.txt;0.000355
parcialmenteOrdenados;po15000.txt;0.000579
parcialmenteOrdenados;po15000.txt;0.000508
parcialmenteOrdenados;po30000.txt;0.000843
parcialmenteOrdenados;po30000.txt;0.001724
parcialmenteOrdenados;po30000.txt;0.002556
parcialmenteOrdenados;po30000.txt;0.001878
parcialmenteOrdenados;po30000.txt;0.002560
parcialmenteOrdenados;po30000.txt;0.002023
parcialmenteOrdenados;po30000.txt;0.002014
parcialmenteOrdenados;po30000.txt;0.002576
parcialmenteOrdenados;po30000.txt;0.002086
parcialmenteOrdenados;po30000.txt;0.002027
parcialmenteOrdenados;po30000.txt;0.002564
parcialmenteOrdenados;po30000.txt;0.002169
parcialmenteOrdenados;po30000.txt;0.002018
parcialmenteOrdenados;po30000.txt;0.002567
parcialmenteOrdenados;po30000.txt;0.002120
parcialmenteOrdenados;po30000.txt;0.002013
parcialmenteOrdenados;po30000.txt;0.002577
parcialmenteOrdenados;po30000.txt;0.002026
parcialmenteOrdenados;po30000.txt;0.002011
parcialmenteOrdenados;po30000.txt;0.002575
parcialmenteOrdenados;po30000.txt;0.002015
parcialmenteOrdenados;po30000.txt;0.002024
parcialmenteOrdenados;po30000.txt;0.002608
parcialmenteOrdenados;po30000.txt;0.002446
parcialmenteOrdenados;po30000.txt;0.002004
parcialmenteOrdenados;po30000.txt;0.002523
parcialmenteOrdenados;po30000.txt;0.002017
parcialmenteOrdenados;po30000.txt;0.001983
parcialmenteOrdenados;po30000.txt;0.002367
parcialmenteOrdenados;po30000.txt;0.001884
parcialmenteOrdenados;po50000.txt;0.003333
parcialmenteOrdenados;po50000.txt;0.004208
parcialmenteOrdenados;po50000.txt;0.003311
parcialmenteOrdenados;po50000.txt;0.003911
parcialmenteOrdenados;po50000.txt;0.003296
parcialmenteOrdenados;po50000.txt;0.004420
parcialmenteOrdenados;po50000.txt;0.003314
parcialmenteOrdenados;po50000.txt;0.004392
parcialmenteOrdenados;po50000.txt;0.003311
parcialmenteOrdenados;po50000.txt;0.004139
parcialmenteOrdenados;po50000.txt;0.001155
parcialmenteOrdenados;po50000.txt;0.003961
parcialmenteOrdenados;po50000.txt;0.004126
parcialmenteOrdenados;po50000.txt;0.003227
parcialmenteOrdenados;po50000.txt;0.003968
parcialmenteOrdenados;po50000.txt;0.003056
parcialmenteOrdenados;po50000.txt;0.003865
parcialmenteOrdenados;po50000.txt;0.003113
parcialmenteOrdenados;po50000.txt;0.003857
parcialmenteOrdenados;po50000.txt;0.003359
parcialmenteOrdenados;po50000.txt;0.002429
parcialmenteOrdenados;po50000.txt;0.003345
parcialmenteOrdenados;po50000.txt;0.003345
parcialmenteOrdenados;po50000.txt;0.004037
parcialmenteOrdenados;po50000.txt;0.003156
parcialmenteOrdenados;po50000.txt;0.002870
parcialmenteOrdenados;po50000.txt;0.002676
parcialmenteOrdenados;po50000.txt;0.003081
parcialmenteOrdenados;po50000.txt;0.003861
parcialmenteOrdenados;po50000.txt;0.003279
parcialmenteOrdenados;po75000.txt;0.003667
parcialmenteOrdenados;po75000.txt;0.006042
parcialmenteOrdenados;po75000.txt;0.004782
parcialmenteOrdenados;po75000.txt;0.005497
parcialmenteOrdenados;po75000.txt;0.005369
parcialmenteOrdenados;po75000.txt;0.005010
parcialmenteOrdenados;po75000.txt;0.002739
parcialmenteOrdenados;po75000.txt;0.001696
parcialmenteOrdenados;po75000.txt;0.002574
parcialmenteOrdenados;po75000.txt;0.004753
parcialmenteOrdenados;po75000.txt;0.005880
parcialmenteOrdenados;po75000.txt;0.004649
parcialmenteOrdenados;po75000.txt;0.005007
parcialmenteOrdenados;po75000.txt;0.004359
parcialmenteOrdenados;po75000.txt;0.002233
parcialmenteOrdenados;po75000.txt;0.003434
parcialmenteOrdenados;po75000.txt;0.004610
parcialmenteOrdenados;po75000.txt;0.003061
parcialmenteOrdenados;po75000.txt;0.004286
parcialmenteOrdenados;po75000.txt;0.003122
parcialmenteOrdenados;po75000.txt;0.004392
parcialmenteOrdenados;po75000.txt;0.003254
parcialmenteOrdenados;po75000.txt;0.004483
parcialmenteOrdenados;po75000.txt;0.002775
parcialmenteOrdenados;po75000.txt;0.004588
parcialmenteOrdenados;po75000.txt;0.002994
parcialmenteOrdenados;po75000.txt;0.004535
parcialmenteOrdenados;po75000.txt;0.002949
parcialmenteOrdenados;po75000.txt;0.003237
parcialmenteOrdenados;po75000.txt;0.003142
parcialmenteOrdenados;po100000.txt;0.003961
parcialmenteOrdenados;po100000.txt;0.002766
parcialmenteOrdenados;po100000.txt;0.006159
parcialmenteOrdenados;po100000.txt;0.007475
parcialmenteOrdenados;po100000.txt;0.005949
parcialmenteOrdenados;po100000.txt;0.004657
parcialmenteOrdenados;po100000.txt;0.007944
parcialmenteOrdenados;po100000.txt;0.005815
parcialmenteOrdenados;po100000.txt;0.007056
parcialmenteOrdenados;po100000.txt;0.006125
parcialmenteOrdenados;po100000.txt;0.002269
parcialmenteOrdenados;po100000.txt;0.002974
parcialmenteOrdenados;po100000.txt;0.003845
parcialmenteOrdenados;po100000.txt;0.007048
parcialmenteOrdenados;po100000.txt;0.007221
parcialmenteOrdenados;po100000.txt;0.002782
parcialmenteOrdenados;po100000.txt;0.006119
parcialmenteOrdenados;po100000.txt;0.004230
parcialmenteOrdenados;po100000.txt;0.002765
parcialmenteOrdenados;po100000.txt;0.005250
parcialmenteOrdenados;po100000.txt;0.004822
parcialmenteOrdenados;po100000.txt;0.003991
parcialmenteOrdenados;po100000.txt;0.006211
parcialmenteOrdenados;po100000.txt;0.005715
parcialmenteOrdenados;po100000.txt;0.002772
parcialmenteOrdenados;po100000.txt;0.004193
parcialmenteOrdenados;po100000.txt;0.007575
parcialmenteOrdenados;po100000.txt;0.003967
parcialmenteOrdenados;po100000.txt;0.002273
parcialmenteOrdenados;po100000.txt;0.005121
parcialmenteOrdenados;po200000.txt;0.006387
parcialmenteOrdenados;po200000.txt;0.011595
parcialmenteOrdenados;po200000.txt;0.004731
parcialmenteOrdenados;po200000.txt;0.006425
parcialmenteOrdenados;po200000.txt;0.004606
parcialmenteOrdenados;po200000.txt;0.005602
parcialmenteOrdenados;po200000.txt;0.008408
parcialmenteOrdenados;po200000.txt;0.004586
parcialmenteOrdenados;po200000.txt;0.006221
parcialmenteOrdenados;po200000.txt;0.004590
parcialmenteOrdenados;po200000.txt;0.005166
parcialmenteOrdenados;po200000.txt;0.005034
parcialmenteOrdenados;po200000.txt;0.005633
parcialmenteOrdenados;po200000.txt;0.004599
parcialmenteOrdenados;po200000.txt;0.004959
parcialmenteOrdenados;po200000.txt;0.005431
parcialmenteOrdenados;po200000.txt;0.005573
parcialmenteOrdenados;po200000.txt;0.006993
parcialmenteOrdenados;po200000.txt;0.004956
parcialmenteOrdenados;po200000.txt;0.005573
parcialmenteOrdenados;po200000.txt;0.006800
parcialmenteOrdenados;po200000.txt;0.004640
parcialmenteOrdenados;po200000.txt;0.009590
parcialmenteOrdenados;po200000.txt;0.004593
parcialmenteOrdenados;po200000.txt;0.006066
parcialmenteOrdenados;po200000.txt;0.005571
parcialmenteOrdenados;po200000.txt;0.004721
parcialmenteOrdenados;po200000.txt;0.005129
parcialmenteOrdenados;po200000.txt;0.004655
parcialmenteOrdenados;po200000.txt;0.007060
parcialmenteOrdenados;po500000.txt;0.014564
parcialmenteOrdenados;po500000.txt;0.014648
parcialmenteOrdenados;po500000.txt;0.014477
parcialmenteOrdenados;po500000.txt;0.012047
parcialmenteOrdenados;po500000.txt;0.011993
parcialmenteOrdenados;po500000.txt;0.014746
parcialmenteOrdenados;po500000.txt;0.011975
parcialmenteOrdenados;po500000.txt;0.011956
parcialmenteOrdenados;po500000.txt;0.011955
parcialmenteOrdenados;po500000.txt;0.014510
parcialmenteOrdenados;po500000.txt;0.014480
parcialmenteOrdenados;po500000.txt;0.014470
parcialmenteOrdenados;po500000.txt;0.014491
parcialmenteOrdenados;po500000.txt;0.014468
parcialmenteOrdenados;po500000.txt;0.014501
parcialmenteOrdenados;po500000.txt;0.014497
parcialmenteOrdenados;po500000.txt;0.014439
parcialmenteOrdenados;po500000.txt;0.014482
parcialmenteOrdenados;po500000.txt;0.012052
parcialmenteOrdenados;po500000.txt;0.014482
parcialmenteOrdenados;po500000.txt;0.014443
parcialmenteOrdenados;po500000.txt;0.014480
parcialmenteOrdenados;po500000.txt;0.014510
parcialmenteOrdenados;po500000.txt;0.014486
parcialmenteOrdenados;po500000.txt;0.014439
parcialmenteOrdenados;po500000.txt;0.014438
parcialmenteOrdenados;po500000.txt;0.014432
parcialmenteOrdenados;po500000.txt;0.014444
parcialmenteOrdenados;po500000.txt;0.012995
parcialmenteOrdenados;po500000.txt;0.011947
parcialmenteOrdenados;po750000.txt;0.018622
parcialmenteOrdenados;po750000.txt;0.018115
parcialmenteOrdenados;po750000.txt;0.018563
parcialmenteOrdenados;po750000.txt;0.021931
parcialmenteOrdenados;po750000.txt;0.021798
parcialmenteOrdenados;po750000.txt;0.021788
parcialmenteOrdenados;po750000.txt;0.018144
parcialmenteOrdenados;po750000.txt;0.018068
parcialmenteOrdenados;po750000.txt;0.018065
parcialmenteOrdenados;po750000.txt;0.018051
parcialmenteOrdenados;po750000.txt;0.018096
parcialmenteOrdenados;po750000.txt;0.018045
parcialmenteOrdenados;po750000.txt;0.018137
parcialmenteOrdenados;po750000.txt;0.018053
parcialmenteOrdenados;po750000.txt;0.018095
parcialmenteOrdenados;po750000.txt;0.018089
parcialmenteOrdenados;po750000.txt;0.022022
parcialmenteOrdenados;po750000.txt;0.021850
parcialmenteOrdenados;po750000.txt;0.021824
parcialmenteOrdenados;po750000.txt;0.018118
parcialmenteOrdenados;po750000.txt;0.018210
parcialmenteOrdenados;po750000.txt;0.022125
parcialmenteOrdenados;po750000.txt;0.021781
parcialmenteOrdenados;po750000.txt;0.021827
parcialmenteOrdenados;po750000.txt;0.021826
parcialmenteOrdenados;po750000.txt;0.021821
parcialmenteOrdenados;po750000.txt;0.018216
parcialmenteOrdenados;po750000.txt;0.021898
parcialmenteOrdenados;po750000.txt;0.021836
parcialmenteOrdenados;po750000.txt;0.018148
parcialmenteOrdenados;po1000000.txt;0.030026
parcialmenteOrdenados;po1000000.txt;0.029985
parcialmenteOrdenados;po1000000.txt;0.025072
parcialmenteOrdenados;po1000000.txt;0.030200
parcialmenteOrdenados;po1000000.txt;0.024962
parcialmenteOrdenados;po1000000.txt;0.024837
parcialmenteOrdenados;po1000000.txt;0.024860
parcialmenteOrdenados;po1000000.txt;0.024850
parcialmenteOrdenados;po1000000.txt;0.024872
parcialmenteOrdenados;po1000000.txt;0.030007
parcialmenteOrdenados;po1000000.txt;0.025511
parcialmenteOrdenados;po1000000.txt;0.030072
parcialmenteOrdenados;po1000000.txt;0.024915
parcialmenteOrdenados;po1000000.txt;0.029961
parcialmenteOrdenados;po1000000.txt;0.025077
parcialmenteOrdenados;po1000000.txt;0.030051
parcialmenteOrdenados;po1000000.txt;0.025027
parcialmenteOrdenados;po1000000.txt;0.024833
parcialmenteOrdenados;po1000000.txt;0.025031
parcialmenteOrdenados;po1000000.txt;0.030031
parcialmenteOrdenados;po1000000.txt;0.029949
parcialmenteOrdenados;po1000000.txt;0.030269
parcialmenteOrdenados;po1000000.txt;0.030093
parcialmenteOrdenados;po1000000.txt;0.030129
parcialmenteOrdenados;po1000000.txt;0.029899
parcialmenteOrdenados;po1000000.txt;0.029914
parcialmenteOrdenados;po1000000.txt;0.024966
parcialmenteOrdenados;po1000000.txt;0.024830
parcialmenteOrdenados;po1000000.txt;0.024795
parcialmenteOrdenados;po1000000.txt;0.025454
parcialmenteOrdenados;po1250000.txt;0.030991
parcialmenteOrdenados;po1250000.txt;0.031015
parcialmenteOrdenados;po1250000.txt;0.037484
parcialmenteOrdenados;po1250000.txt;0.037345
parcialmenteOrdenados;po1250000.txt;0.031077
parcialmenteOrdenados;po1250000.txt;0.031050
parcialmenteOrdenados;po1250000.txt;0.037307
parcialmenteOrdenados;po1250000.txt;0.037307
parcialmenteOrdenados;po1250000.txt;0.031071
parcialmenteOrdenados;po1250000.txt;0.037384
parcialmenteOrdenados;po1250000.txt;0.031122
parcialmenteOrdenados;po1250000.txt;0.037351
parcialmenteOrdenados;po1250000.txt;0.037386
parcialmenteOrdenados;po1250000.txt;0.037322
parcialmenteOrdenados;po1250000.txt;0.031151
parcialmenteOrdenados;po1250000.txt;0.030973
parcialmenteOrdenados;po1250000.txt;0.037348
parcialmenteOrdenados;po1250000.txt;0.031080
parcialmenteOrdenados;po1250000.txt;0.037336
parcialmenteOrdenados;po1250000.txt;0.031136
parcialmenteOrdenados;po1250000.txt;0.037364
parcialmenteOrdenados;po1250000.txt;0.037313
parcialmenteOrdenados;po1250000.txt;0.031086
parcialmenteOrdenados;po1250000.txt;0.031029
parcialmenteOrdenados;po1250000.txt;0.030977
parcialmenteOrdenados;po1250000.txt;0.031038
parcialmenteOrdenados;po1250000.txt;0.031038
parcialmenteOrdenados;po1250000.txt;0.030998
parcialmenteOrdenados;po1250000.txt;0.030944
parcialmenteOrdenados;po1250000.txt;0.031125
parcialmenteOrdenados;po1500000.txt;0.037664
parcialmenteOrdenados;po1500000.txt;0.037638
parcialmenteOrdenados;po1500000.txt;0.037756
parcialmenteOrdenados;po1500000.txt;0.045304
parcialmenteOrdenados;po1500000.txt;0.037772
parcialmenteOrdenados;po1500000.txt;0.037669
parcialmenteOrdenados;po1500000.txt;0.037816
parcialmenteOrdenados;po1500000.txt;0.037627
parcialmenteOrdenados;po1500000.txt;0.045368
parcialmenteOrdenados;po1500000.txt;0.037864
parcialmenteOrdenados;po1500000.txt;0.037742
parcialmenteOrdenados;po1500000.txt;0.037717
parcialmenteOrdenados;po1500000.txt;0.037707
parcialmenteOrdenados;po1500000.txt;0.037685
parcialmenteOrdenados;po1500000.txt;0.045292
parcialmenteOrdenados;po1500000.txt;0.037721
parcialmenteOrdenados;po1500000.txt;0.045333
parcialmenteOrdenados;po1500000.txt;0.037650
parcialmenteOrdenados;po1500000.txt;0.037611
parcialmenteOrdenados;po1500000.txt;0.045561
parcialmenteOrdenados;po1500000.txt;0.037857
parcialmenteOrdenados;po1500000.txt;0.037666
parcialmenteOrdenados;po1500000.txt;0.037842
parcialmenteOrdenados;po1500000.txt;0.037742
parcialmenteOrdenados;po1500000.txt;0.037657
parcialmenteOrdenados;po1500000.txt;0.037579
parcialmenteOrdenados;po1500000.txt;0.037982
parcialmenteOrdenados;po1500000.txt;0.037670
parcialmenteOrdenados;po1500000.txt;0.045340
parcialmenteOrdenados;po1500000.txt;0.045571
parcialmenteOrdenados;po2000000.txt;0.051750
parcialmenteOrdenados;po2000000.txt;0.062426
parcialmenteOrdenados;po2000000.txt;0.062125
parcialmenteOrdenados;po2000000.txt;0.061855
parcialmenteOrdenados;po2000000.txt;0.062001
parcialmenteOrdenados;po2000000.txt;0.051921
parcialmenteOrdenados;po2000000.txt;0.051839
parcialmenteOrdenados;po2000000.txt;0.051836
parcialmenteOrdenados;po2000000.txt;0.062120
parcialmenteOrdenados;po2000000.txt;0.062117
parcialmenteOrdenados;po2000000.txt;0.061959
parcialmenteOrdenados;po2000000.txt;0.052017
parcialmenteOrdenados;po2000000.txt;0.062458
parcialmenteOrdenados;po2000000.txt;0.051908
parcialmenteOrdenados;po2000000.txt;0.062137
parcialmenteOrdenados;po2000000.txt;0.062374
parcialmenteOrdenados;po2000000.txt;0.051847
parcialmenteOrdenados;po2000000.txt;0.051628
parcialmenteOrdenados;po2000000.txt;0.062008
parcialmenteOrdenados;po2000000.txt;0.051929
parcialmenteOrdenados;po2000000.txt;0.051702
parcialmenteOrdenados;po2000000.txt;0.051783
parcialmenteOrdenados;po2000000.txt;0.062360
parcialmenteOrdenados;po2000000.txt;0.051811
parcialmenteOrdenados;po2000000.txt;0.062208
parcialmenteOrdenados;po2000000.txt;0.062531
parcialmenteOrdenados;po2000000.txt;0.062176
parcialmenteOrdenados;po2000000.txt;0.061428
parcialmenteOrdenados;po2000000.txt;0.062164
parcialmenteOrdenados;po2000000.txt;0.062036
