Pasta;Arquivo;Tempo_Segundos
parcialmenteOrdenados;po100.txt;0.000010
parcialmenteOrdenados;po100.txt;0.000010
parcialmenteOrdenados;po100.txt;0.000010
parcialmenteOrdenados;po100.txt;0.000009
parcialmenteOrdenados;po100.txt;0.000010
parcialmenteOrdenados;po100.txt;0.000009
parcialmenteOrdenados;po100.txt;0.000009
parcialmenteOrdenados;po100.txt;0.000009
parcialmenteOrdenados;po100.txt;0.000008
parcialmenteOrdenados;po100.txt;0.000009
parcialmenteOrdenados;po100.txt;0.000008
parcialmenteOrdenados;po100.txt;0.000009
parcialmenteOrdenados;po100.txt;0.000009
parcialmenteOrdenados;po100.txt;0.000009
parcialmenteOrdenados;po100.txt;0.000010
parcialmenteOrdenados;po100.txt;0.000011
parcialmenteOrdenados;po100.txt;0.000012
parcialmenteOrdenados;po100.txt;0.000014
parcialmenteOrdenados;po100.txt;0.000015
parcialmenteOrdenados;po100.txt;0.000016
parcialmenteOrdenados;po100.txt;0.000018
parcialmenteOrdenados;po100.txt;0.000021
parcialmenteOrdenados;po100.txt;0.000023
parcialmenteOrdenados;po100.txt;0.000024
parcialmenteOrdenados;po100.txt;0.000023
parcialmenteOrdenados;po100.txt;0.000034
parcialmenteOrdenados;po100.txt;0.000024
parcialmenteOrdenados;po100.txt;0.000024
parcialmenteOrdenados;po100.txt;0.000023
parcialmenteOrdenados;po100.txt;0.000023
parcialmenteOrdenados;po200.txt;0.000038
parcialmenteOrdenados;po200.txt;0.000038
parcialmenteOrdenados;po200.txt;0.000038
parcialmenteOrdenados;po200.txt;0.000039
parcialmenteOrdenados;po200.txt;0.000039
parcialmenteOrdenados;po200.txt;0.000039
parcialmenteOrdenados;po200.txt;0.000040
parcialmenteOrdenados;po200.txt;0.000038
parcialmenteOrdenados;po200.txt;0.000037
parcialmenteOrdenados;po200.txt;0.000038
parcialmenteOrdenados;po200.txt;0.000038
parcialmenteOrdenados;po200.txt;0.000039
parcialmenteOrdenados;po200.txt;0.000039
parcialmenteOrdenados;po200.txt;0.000038
parcialmenteOrdenados;po200.txt;0.000050
parcialmenteOrdenados;po200.txt;0.000038
parcialmenteOrdenados;po200.txt;0.000037
parcialmenteOrdenados;po200.txt;0.000040
parcialmenteOrdenados;po200.txt;0.000038
parcialmenteOrdenados;po200.txt;0.000039
parcialmenteOrdenados;po200.txt;0.000038
parcialmenteOrdenados;po200.txt;0.000038
parcialmenteOrdenados;po200.txt;0.000037
parcialmenteOrdenados;po200.txt;0.000038
parcialmenteOrdenados;po200.txt;0.000037
parcialmenteOrdenados;po200.txt;0.000039
parcialmenteOrdenados;po200.txt;0.000038
parcialmenteOrdenados;po200.txt;0.000047
parcialmenteOrdenados;po200.txt;0.000038
parcialmenteOrdenados;po200.txt;0.000037
parcialmenteOrdenados;po500.txt;0.000071
parcialmenteOrdenados;po500.txt;0.000070
parcialmenteOrdenados;po500.txt;0.000074
parcialmenteOrdenados;po500.txt;0.000073
parcialmenteOrdenados;po500.txt;0.000075
parcialmenteOrdenados;po500.txt;0.000078
parcialmenteOrdenados;po500.txt;0.000071
parcialmenteOrdenados;po500.txt;0.000072
parcialmenteOrdenados;po500.txt;0.000072
parcialmenteOrdenados;po500.txt;0.000077
parcialmenteOrdenados;po500.txt;0.000083
parcialmenteOrdenados;po500.txt;0.000081
parcialmenteOrdenados;po500.txt;0.000072
parcialmenteOrdenados;po500.txt;0.000075
parcialmenteOrdenados;po500.txt;0.000072
parcialmenteOrdenados;po500.txt;0.000088
parcialmenteOrdenados;po500.txt;0.000075
parcialmenteOrdenados;po500.txt;0.000077
parcialmenteOrdenados;po500.txt;0.000073
parcialmenteOrdenados;po500.txt;0.000074
parcialmenteOrdenados;po500.txt;0.000072
parcialmenteOrdenados;po500.txt;0.000071
parcialmenteOrdenados;po500.txt;0.000075
parcialmenteOrdenados;po500.txt;0.000073
parcialmenteOrdenados;po500.txt;0.000073
parcialmenteOrdenados;po500.txt;0.000071
parcialmenteOrdenados;po500.txt;0.000073
parcialmenteOrdenados;po500.txt;0.000070
parcialmenteOrdenados;po500.txt;0.000073
parcialmenteOrdenados;po500.txt;0.000075
parcialmenteOrdenados;po1000.txt;0.000108
parcialmenteOrdenados;po1000.txt;0.000111
parcialmenteOrdenados;po1000.txt;0.000107
parcialmenteOrdenados;po1000.txt;0.000109
parcialmenteOrdenados;po1000.txt;0.000103
parcialmenteOrdenados;po1000.txt;0.000108
parcialmenteOrdenados;po1000.txt;0.000106
parcialmenteOrdenados;po1000.txt;0.000107
parcialmenteOrdenados;po1000.txt;0.000108
parcialmenteOrdenados;po1000.txt;0.000104
parcialmenteOrdenados;po1000.txt;0.000109
parcialmenteOrdenados;po1000.txt;0.000100
parcialmenteOrdenados;po1000.txt;0.000110
parcialmenteOrdenados;po1000.txt;0.000105
parcialmenteOrdenados;po1000.txt;0.000106
parcialmenteOrdenados;po1000.txt;0.000125
parcialmenteOrdenados;po1000.txt;0.000099
parcialmenteOrdenados;po1000.txt;0.000109
parcialmenteOrdenados;po1000.txt;0.000116
parcialmenteOrdenados;po1000.txt;0.000104
parcialmenteOrdenados;po1000.txt;0.000106
parcialmenteOrdenados;po1000.txt;0.000101
parcialmenteOrdenados;po1000.txt;0.000108
parcialmenteOrdenados;po1000.txt;0.000110
parcialmenteOrdenados;po1000.txt;0.000114
parcialmenteOrdenados;po1000.txt;0.000111
parcialmenteOrdenados;po1000.txt;0.000109
parcialmenteOrdenados;po1000.txt;0.000110
parcialmenteOrdenados;po1000.txt;0.000109
parcialmenteOrdenados;po1000.txt;0.000106
parcialmenteOrdenados;po2000.txt;0.000204
parcialmenteOrdenados;po2000.txt;0.000204
parcialmenteOrdenados;po2000.txt;0.000207
parcialmenteOrdenados;po2000.txt;0.000287
parcialmenteOrdenados;po2000.txt;0.000219
parcialmenteOrdenados;po2000.txt;0.000205
parcialmenteOrdenados;po2000.txt;0.000203
parcialmenteOrdenados;po2000.txt;0.000184
parcialmenteOrdenados;po2000.txt;0.000220
parcialmenteOrdenados;po2000.txt;0.000203
parcialmenteOrdenados;po2000.txt;0.000201
parcialmenteOrdenados;po2000.txt;0.000202
parcialmenteOrdenados;po2000.txt;0.000191
parcialmenteOrdenados;po2000.txt;0.000197
parcialmenteOrdenados;po2000.txt;0.000202
parcialmenteOrdenados;po2000.txt;0.000197
parcialmenteOrdenados;po2000.txt;0.000193
parcialmenteOrdenados;po2000.txt;0.000203
parcialmenteOrdenados;po2000.txt;0.000210
parcialmenteOrdenados;po2000.txt;0.000201
parcialmenteOrdenados;po2000.txt;0.000198
parcialmenteOrdenados;po2000.txt;0.000183
parcialmenteOrdenados;po2000.txt;0.000190
parcialmenteOrdenados;po2000.txt;0.000183
parcialmenteOrdenados;po2000.txt;0.000075
parcialmenteOrdenados;po2000.txt;0.000190
parcialmenteOrdenados;po2000.txt;0.000183
parcialmenteOrdenados;po2000.txt;0.000196
parcialmenteOrdenados;po2000.txt;0.000200
parcialmenteOrdenados;po2000.txt;0.000185
parcialmenteOrdenados;po5000.txt;0.000452
parcialmenteOrdenados;po5000.txt;0.000421
parcialmenteOrdenados;po5000.txt;0.000423
parcialmenteOrdenados;po5000.txt;0.000383
parcialmenteOrdenados;po5000.txt;0.000433
parcialmenteOrdenados;po5000.txt;0.000448
parcialmenteOrdenados;po5000.txt;0.000433
parcialmenteOrdenados;po5000.txt;0.000384
parcialmenteOrdenados;po5000.txt;0.000448
parcialmenteOrdenados;po5000.txt;0.000415
parcialmenteOrdenados;po5000.txt;0.000399
parcialmenteOrdenados;po5000.txt;0.000450
parcialmenteOrdenados;po5000.txt;0.000368
parcialmenteOrdenados;po5000.txt;0.000462
parcialmenteOrdenados;po5000.txt;0.000421
parcialmenteOrdenados;po5000.txt;0.000442
parcialmenteOrdenados;po5000.txt;0.000443
parcialmenteOrdenados;po5000.txt;0.000433
parcialmenteOrdenados;po5000.txt;0.000461
parcialmenteOrdenados;po5000.txt;0.000435
parcialmenteOrdenados;po5000.txt;0.000450
parcialmenteOrdenados;po5000.txt;0.000414
parcialmenteOrdenados;po5000.txt;0.000427
parcialmenteOrdenados;po5000.txt;0.000416
parcialmenteOrdenados;po5000.txt;0.000420
parcialmenteOrdenados;po5000.txt;0.000447
parcialmenteOrdenados;po5000.txt;0.000422
parcialmenteOrdenados;po5000.txt;0.000424
parcialmenteOrdenados;po5000.txt;0.000469
parcialmenteOrdenados;po5000.txt;0.000433
parcialmenteOrdenados;po7500.txt;0.000646
parcialmenteOrdenados;po7500.txt;0.000544
parcialmenteOrdenados;po7500.txt;0.000625
parcialmenteOrdenados;po7500.txt;0.000602
parcialmenteOrdenados;po7500.txt;0.000715
parcialmenteOrdenados;po7500.txt;0.000573
parcialmenteOrdenados;po7500.txt;0.000555
parcialmenteOrdenados;po7500.txt;0.000677
parcialmenteOrdenados;po7500.txt;0.000679
parcialmenteOrdenados;po7500.txt;0.000611
parcialmenteOrdenados;po7500.txt;0.000610
parcialmenteOrdenados;po7500.txt;0.000674
parcialmenteOrdenados;po7500.txt;0.000598
parcialmenteOrdenados;po7500.txt;0.000609
parcialmenteOrdenados;po7500.txt;0.000693
parcialmenteOrdenados;po7500.txt;0.000609
parcialmenteOrdenados;po7500.txt;0.000657
parcialmenteOrdenados;po7500.txt;0.000611
parcialmenteOrdenados;po7500.txt;0.000626
parcialmenteOrdenados;po7500.txt;0.000622
parcialmenteOrdenados;po7500.txt;0.000670
parcialmenteOrdenados;po7500.txt;0.000517
parcialmenteOrdenados;po7500.txt;0.000401
parcialmenteOrdenados;po7500.txt;0.000270
parcialmenteOrdenados;po7500.txt;0.000462
parcialmenteOrdenados;po7500.txt;0.000339
parcialmenteOrdenados;po7500.txt;0.000285
parcialmenteOrdenados;po7500.txt;0.000532
parcialmenteOrdenados;po7500.txt;0.000632
parcialmenteOrdenados;po7500.txt;0.000573
parcialmenteOrdenados;po10000.txt;0.000870
parcialmenteOrdenados;po10000.txt;0.000846
parcialmenteOrdenados;po10000.txt;0.000789
parcialmenteOrdenados;po10000.txt;0.000851
parcialmenteOrdenados;po10000.txt;0.000517
parcialmenteOrdenados;po10000.txt;0.000396
parcialmenteOrdenados;po10000.txt;0.000309
parcialmenteOrdenados;po10000.txt;0.000589
parcialmenteOrdenados;po10000.txt;0.000624
parcialmenteOrdenados;po10000.txt;0.000791
parcialmenteOrdenados;po10000.txt;0.000902
parcialmenteOrdenados;po10000.txt;0.000878
parcialmenteOrdenados;po10000.txt;0.000784
parcialmenteOrdenados;po10000.txt;0.000847
parcialmenteOrdenados;po10000.txt;0.000784
parcialmenteOrdenados;po10000.txt;0.000276
parcialmenteOrdenados;po10000.txt;0.000491
parcialmenteOrdenados;po10000.txt;0.000473
parcialmenteOrdenados;po10000.txt;0.000788
parcialmenteOrdenados;po10000.txt;0.000800
parcialmenteOrdenados;po10000.txt;0.000805
parcialmenteOrdenados;po10000.txt;0.000817
parcialmenteOrdenados;po10000.txt;0.000836
parcialmenteOrdenados;po10000.txt;0.000782
parcialmenteOrdenados;po10000.txt;0.000768
parcialmenteOrdenados;po10000.txt;0.000792
parcialmenteOrdenados;po10000.txt;0.000861
parcialmenteOrdenados;po10000.txt;0.000855
parcialmenteOrdenados;po10000.txt;0.000809
parcialmenteOrdenados;po10000.txt;0.000793
parcialmenteOrdenados;po15000.txt;0.000434
parcialmenteOrdenados;po15000.txt;0.001214
parcialmenteOrdenados;po15000.txt;0.001268
parcialmenteOrdenados;po15000.txt;0.001237
parcialmenteOrdenados;po15000.txt;0.001236
parcialmenteOrdenados;po15000.txt;0.001239
parcialmenteOrdenados;po15000.txt;0.001228
parcialmenteOrdenados;po15000.txt;0.000801
parcialmenteOrdenados;po15000.txt;0.001199
parcialmenteOrdenados;po15000.txt;0.001124
parcialmenteOrdenados;po15000.txt;0.001218
parcialmenteOrdenados;po15000.txt;0.001266
parcialmenteOrdenados;po15000.txt;0.000611
parcialmenteOrdenados;po15000.txt;0.000660
parcialmenteOrdenados;po15000.txt;0.000958
parcialmenteOrdenados;po15000.txt;0.001208
parcialmenteOrdenados;po15000.txt;0.001355
parcialmenteOrdenados;po15000.txt;0.000434
parcialmenteOrdenados;po15000.txt;0.001343
parcialmenteOrdenados;po15000.txt;0.001171
parcialmenteOrdenados;po15000.txt;0.001221
parcialmenteOrdenados;po15000.txt;0.001218
parcialmenteOrdenados;po15000.txt;0.001059
parcialmenteOrdenados;po15000.txt;0.000851
parcialmenteOrdenados;po15000.txt;0.000877
parcialmenteOrdenados;po15000.txt;0.001243
parcialmenteOrdenados;po15000.txt;0.000478
parcialmenteOrdenados;po15000.txt;0.001267
parcialmenteOrdenados;po15000.txt;0.001338
parcialmenteOrdenados;po15000.txt;0.001207
parcialmenteOrdenados;po30000.txt;0.002145
parcialmenteOrdenados;po30000.txt;0.001826
parcialmenteOrdenados;po30000.txt;0.000811
parcialmenteOrdenados;po30000.txt;0.000882
parcialmenteOrdenados;po30000.txt;0.000835
parcialmenteOrdenados;po30000.txt;0.001616
parcialmenteOrdenados;po30000.txt;0.001143
parcialmenteOrdenados;po30000.txt;0.001530
parcialmenteOrdenados;po30000.txt;0.001805
parcialmenteOrdenados;po30000.txt;0.001772
parcialmenteOrdenados;po30000.txt;0.001411
parcialmenteOrdenados;po30000.txt;0.000853
parcialmenteOrdenados;po30000.txt;0.000825
parcialmenteOrdenados;po30000.txt;0.001361
parcialmenteOrdenados;po30000.txt;0.001245
parcialmenteOrdenados;po30000.txt;0.000886
parcialmenteOrdenados;po30000.txt;0.001104
parcialmenteOrdenados;po30000.txt;0.000903
parcialmenteOrdenados;po30000.txt;0.000857
parcialmenteOrdenados;po30000.txt;0.000884
parcialmenteOrdenados;po30000.txt;0.001132
parcialmenteOrdenados;po30000.txt;0.000802
parcialmenteOrdenados;po30000.txt;0.002057
parcialmenteOrdenados;po30000.txt;0.001111
parcialmenteOrdenados;po30000.txt;0.000880
parcialmenteOrdenados;po30000.txt;0.000921
parcialmenteOrdenados;po30000.txt;0.001178
parcialmenteOrdenados;po30000.txt;0.000923
parcialmenteOrdenados;po30000.txt;0.001513
parcialmenteOrdenados;po30000.txt;0.001124
parcialmenteOrdenados;po50000.txt;0.001020
parcialmenteOrdenados;po50000.txt;0.001031
parcialmenteOrdenados;po50000.txt;0.000972
parcialmenteOrdenados;po50000.txt;0.000967
parcialmenteOrdenados;po50000.txt;0.001096
parcialmenteOrdenados;po50000.txt;0.001038
parcialmenteOrdenados;po50000.txt;0.001112
parcialmenteOrdenados;po50000.txt;0.001031
parcialmenteOrdenados;po50000.txt;0.001304
parcialmenteOrdenados;po50000.txt;0.000967
parcialmenteOrdenados;po50000.txt;0.001762
parcialmenteOrdenados;po50000.txt;0.001057
parcialmenteOrdenados;po50000.txt;0.000945
parcialmenteOrdenados;po50000.txt;0.001737
parcialmenteOrdenados;po50000.txt;0.001038
parcialmenteOrdenados;po50000.txt;0.001588
parcialmenteOrdenados;po50000.txt;0.001040
parcialmenteOrdenados;po50000.txt;0.001092
parcialmenteOrdenados;po50000.txt;0.001062
parcialmenteOrdenados;po50000.txt;0.000973
parcialmenteOrdenados;po50000.txt;0.001130
parcialmenteOrdenados;po50000.txt;0.001482
parcialmenteOrdenados;po50000.txt;0.001057
parcialmenteOrdenados;po50000.txt;0.001121
parcialmenteOrdenados;po50000.txt;0.001048
parcialmenteOrdenados;po50000.txt;0.001344
parcialmenteOrdenados;po50000.txt;0.001025
parcialmenteOrdenados;po50000.txt;0.001929
parcialmenteOrdenados;po50000.txt;0.001098
parcialmenteOrdenados;po50000.txt;0.001810
parcialmenteOrdenados;po75000.txt;0.001545
parcialmenteOrdenados;po75000.txt;0.001272
parcialmenteOrdenados;po75000.txt;0.001204
parcialmenteOrdenados;po75000.txt;0.001406
parcialmenteOrdenados;po75000.txt;0.001247
parcialmenteOrdenados;po75000.txt;0.001273
parcialmenteOrdenados;po75000.txt;0.001307
parcialmenteOrdenados;po75000.txt;0.001195
parcialmenteOrdenados;po75000.txt;0.001300
parcialmenteOrdenados;po75000.txt;0.001336
parcialmenteOrdenados;po75000.txt;0.001213
parcialmenteOrdenados;po75000.txt;0.001271
parcialmenteOrdenados;po75000.txt;0.001216
parcialmenteOrdenados;po75000.txt;0.001391
parcialmenteOrdenados;po75000.txt;0.001249
parcialmenteOrdenados;po75000.txt;0.001289
parcialmenteOrdenados;po75000.txt;0.001436
parcialmenteOrdenados;po75000.txt;0.001210
parcialmenteOrdenados;po75000.txt;0.001244
parcialmenteOrdenados;po75000.txt;0.001238
parcialmenteOrdenados;po75000.txt;0.001206
parcialmenteOrdenados;po75000.txt;0.001189
parcialmenteOrdenados;po75000.txt;0.001456
parcialmenteOrdenados;po75000.txt;0.001263
parcialmenteOrdenados;po75000.txt;0.001324
parcialmenteOrdenados;po75000.txt;0.001343
parcialmenteOrdenados;po75000.txt;0.001199
parcialmenteOrdenados;po75000.txt;0.001356
parcialmenteOrdenados;po75000.txt;0.001327
parcialmenteOrdenados;po75000.txt;0.001268
parcialmenteOrdenados;po100000.txt;0.001211
parcialmenteOrdenados;po100000.txt;0.001182
parcialmenteOrdenados;po100000.txt;0.001169
parcialmenteOrdenados;po100000.txt;0.001286
parcialmenteOrdenados;po100000.txt;0.001198
parcialmenteOrdenados;po100000.txt;0.001198
parcialmenteOrdenados;po100000.txt;0.001219
parcialmenteOrdenados;po100000.txt;0.001184
parcialmenteOrdenados;po100000.txt;0.001195
parcialmenteOrdenados;po100000.txt;0.001200
parcialmenteOrdenados;po100000.txt;0.001300
parcialmenteOrdenados;po100000.txt;0.001343
parcialmenteOrdenados;po100000.txt;0.001245
parcialmenteOrdenados;po100000.txt;0.001199
parcialmenteOrdenados;po100000.txt;0.001359
parcialmenteOrdenados;po100000.txt;0.001220
parcialmenteOrdenados;po100000.txt;0.001178
parcialmenteOrdenados;po100000.txt;0.001196
parcialmenteOrdenados;po100000.txt;0.001169
parcialmenteOrdenados;po100000.txt;0.001269
parcialmenteOrdenados;po100000.txt;0.001194
parcialmenteOrdenados;po100000.txt;0.001192
parcialmenteOrdenados;po100000.txt;0.001206
parcialmenteOrdenados;po100000.txt;0.001210
parcialmenteOrdenados;po100000.txt;0.001168
parcialmenteOrdenados;po100000.txt;0.001163
parcialmenteOrdenados;po100000.txt;0.001196
parcialmenteOrdenados;po100000.txt;0.001195
parcialmenteOrdenados;po100000.txt;0.001189
parcialmenteOrdenados;po100000.txt;0.001187
parcialmenteOrdenados;po200000.txt;0.001423
parcialmenteOrdenados;po200000.txt;0.001423
parcialmenteOrdenados;po200000.txt;0.001337
parcialmenteOrdenados;po200000.txt;0.001348
parcialmenteOrdenados;po200000.txt;0.001408
parcialmenteOrdenados;po200000.txt;0.001409
parcialmenteOrdenados;po200000.txt;0.001394
parcialmenteOrdenados;po200000.txt;0.001360
parcialmenteOrdenados;po200000.txt;0.001366
parcialmenteOrdenados;po200000.txt;0.001409
parcialmenteOrdenados;po200000.txt;0.001366
parcialmenteOrdenados;po200000.txt;0.001364
parcialmenteOrdenados;po200000.txt;0.001359
parcialmenteOrdenados;po200000.txt;0.001396
parcialmenteOrdenados;po200000.txt;0.001346
parcialmenteOrdenados;po200000.txt;0.001386
parcialmenteOrdenados;po200000.txt;0.001446
parcialmenteOrdenados;po200000.txt;0.001373
parcialmenteOrdenados;po200000.txt;0.001387
parcialmenteOrdenados;po200000.txt;0.001341
parcialmenteOrdenados;po200000.txt;0.001339
parcialmenteOrdenados;po200000.txt;0.001372
parcialmenteOrdenados;po200000.txt;0.001318
parcialmenteOrdenados;po200000.txt;0.001400
parcialmenteOrdenados;po200000.txt;0.001336
parcialmenteOrdenados;po200000.txt;0.001337
parcialmenteOrdenados;po200000.txt;0.001378
parcialmenteOrdenados;po200000.txt;0.001389
parcialmenteOrdenados;po200000.txt;0.001351
parcialmenteOrdenados;po200000.txt;0.001327
parcialmenteOrdenados;po500000.txt;0.001796
parcialmenteOrdenados;po500000.txt;0.001799
parcialmenteOrdenados;po500000.txt;0.001773
parcialmenteOrdenados;po500000.txt;0.001782
parcialmenteOrdenados;po500000.txt;0.001859
parcialmenteOrdenados;po500000.txt;0.001758
parcialmenteOrdenados;po500000.txt;0.001803
parcialmenteOrdenados;po500000.txt;0.001863
parcialmenteOrdenados;po500000.txt;0.001844
parcialmenteOrdenados;po500000.txt;0.001787
parcialmenteOrdenados;po500000.txt;0.001805
parcialmenteOrdenados;po500000.txt;0.001856
parcialmenteOrdenados;po500000.txt;0.001830
parcialmenteOrdenados;po500000.txt;0.001772
parcialmenteOrdenados;po500000.txt;0.001777
parcialmenteOrdenados;po500000.txt;0.001792
parcialmenteOrdenados;po500000.txt;0.001827
parcialmenteOrdenados;po500000.txt;0.001774
parcialmenteOrdenados;po500000.txt;0.001774
parcialmenteOrdenados;po500000.txt;0.001799
parcialmenteOrdenados;po500000.txt;0.001776
parcialmenteOrdenados;po500000.txt;0.001800
parcialmenteOrdenados;po500000.txt;0.001821
parcialmenteOrdenados;po500000.txt;0.001774
parcialmenteOrdenados;po500000.txt;0.001792
parcialmenteOrdenados;po500000.txt;0.001798
parcialmenteOrdenados;po500000.txt;0.001792
parcialmenteOrdenados;po500000.txt;0.001800
parcialmenteOrdenados;po500000.txt;0.001828
parcialmenteOrdenados;po500000.txt;0.001863
parcialmenteOrdenados;po750000.txt;0.002535
parcialmenteOrdenados;po750000.txt;0.002285
parcialmenteOrdenados;po750000.txt;0.002532
parcialmenteOrdenados;po750000.txt;0.002255
parcialmenteOrdenados;po750000.txt;0.002372
parcialmenteOrdenados;po750000.txt;0.002273
parcialmenteOrdenados;po750000.txt;0.002556
parcialmenteOrdenados;po750000.txt;0.002298
parcialmenteOrdenados;po750000.txt;0.002298
parcialmenteOrdenados;po750000.txt;0.002368
parcialmenteOrdenados;po750000.txt;0.002298
parcialmenteOrdenados;po750000.txt;0.002273
parcialmenteOrdenados;po750000.txt;0.002301
parcialmenteOrdenados;po750000.txt;0.002280
parcialmenteOrdenados;po750000.txt;0.002264
parcialmenteOrdenados;po750000.txt;0.002293
parcialmenteOrdenados;po750000.txt;0.002272
parcialmenteOrdenados;po750000.txt;0.002262
parcialmenteOrdenados;po750000.txt;0.002445
parcialmenteOrdenados;po750000.txt;0.002299
parcialmenteOrdenados;po750000.txt;0.002250
parcialmenteOrdenados;po750000.txt;0.002289
parcialmenteOrdenados;po750000.txt;0.002560
parcialmenteOrdenados;po750000.txt;0.002293
parcialmenteOrdenados;po750000.txt;0.002283
parcialmenteOrdenados;po750000.txt;0.002343
parcialmenteOrdenados;po750000.txt;0.002302
parcialmenteOrdenados;po750000.txt;0.002252
parcialmenteOrdenados;po750000.txt;0.002252
parcialmenteOrdenados;po750000.txt;0.002314
parcialmenteOrdenados;po1000000.txt;0.002665
parcialmenteOrdenados;po1000000.txt;0.002695
parcialmenteOrdenados;po1000000.txt;0.002724
parcialmenteOrdenados;po1000000.txt;0.002715
parcialmenteOrdenados;po1000000.txt;0.002631
parcialmenteOrdenados;po1000000.txt;0.002854
parcialmenteOrdenados;po1000000.txt;0.002648
parcialmenteOrdenados;po1000000.txt;0.002665
parcialmenteOrdenados;po1000000.txt;0.002690
parcialmenteOrdenados;po1000000.txt;0.002748
parcialmenteOrdenados;po1000000.txt;0.002850
parcialmenteOrdenados;po1000000.txt;0.002630
parcialmenteOrdenados;po1000000.txt;0.002615
parcialmenteOrdenados;po1000000.txt;0.002637
parcialmenteOrdenados;po1000000.txt;0.002603
parcialmenteOrdenados;po1000000.txt;0.002763
parcialmenteOrdenados;po1000000.txt;0.002973
parcialmenteOrdenados;po1000000.txt;0.002945
parcialmenteOrdenados;po1000000.txt;0.002685
parcialmenteOrdenados;po1000000.txt;0.002674
parcialmenteOrdenados;po1000000.txt;0.002729
parcialmenteOrdenados;po1000000.txt;0.002673
parcialmenteOrdenados;po1000000.txt;0.002925
parcialmenteOrdenados;po1000000.txt;0.002609
parcialmenteOrdenados;po1000000.txt;0.002999
parcialmenteOrdenados;po1000000.txt;0.002620
parcialmenteOrdenados;po1000000.txt;0.002709
parcialmenteOrdenados;po1000000.txt;0.002690
parcialmenteOrdenados;po1000000.txt;0.002803
parcialmenteOrdenados;po1000000.txt;0.002640
parcialmenteOrdenados;po1250000.txt;0.002992
parcialmenteOrdenados;po1250000.txt;0.003372
parcialmenteOrdenados;po1250000.txt;0.003090
parcialmenteOrdenados;po1250000.txt;0.003160
parcialmenteOrdenados;po1250000.txt;0.003042
parcialmenteOrdenados;po1250000.txt;0.003034
parcialmenteOrdenados;po1250000.txt;0.003325
parcialmenteOrdenados;po1250000.txt;0.003002
parcialmenteOrdenados;po1250000.txt;0.002960
parcialmenteOrdenados;po1250000.txt;0.003016
parcialmenteOrdenados;po1250000.txt;0.003310
parcialmenteOrdenados;po1250000.txt;0.003020
parcialmenteOrdenados;po1250000.txt;0.003224
parcialmenteOrdenados;po1250000.txt;0.002965
parcialmenteOrdenados;po1250000.txt;0.003123
parcialmenteOrdenados;po1250000.txt;0.003254
parcialmenteOrdenados;po1250000.txt;0.003019
parcialmenteOrdenados;po1250000.txt;0.003105
parcialmenteOrdenados;po1250000.txt;0.002976
parcialmenteOrdenados;po1250000.txt;0.003022
parcialmenteOrdenados;po1250000.txt;0.003006
parcialmenteOrdenados;po1250000.txt;0.003403
parcialmenteOrdenados;po1250000.txt;0.003024
parcialmenteOrdenados;po1250000.txt;0.003042
parcialmenteOrdenados;po1250000.txt;0.003008
parcialmenteOrdenados;po1250000.txt;0.003135
parcialmenteOrdenados;po1250000.txt;0.003024
parcialmenteOrdenados;po1250000.txt;0.003039
parcialmenteOrdenados;po1250000.txt;0.002973
parcialmenteOrdenados;po1250000.txt;0.003098
parcialmenteOrdenados;po1500000.txt;0.003352
parcialmenteOrdenados;po1500000.txt;0.003344
parcialmenteOrdenados;po1500000.txt;0.003470
parcialmenteOrdenados;po1500000.txt;0.003282
parcialmenteOrdenados;po1500000.txt;0.003291
parcialmenteOrdenados;po1500000.txt;0.003340
parcialmenteOrdenados;po1500000.txt;0.003704
parcialmenteOrdenados;po1500000.txt;0.003312
parcialmenteOrdenados;po1500000.txt;0.003352
parcialmenteOrdenados;po1500000.txt;0.003299
parcialmenteOrdenados;po1500000.txt;0.003334
parcialmenteOrdenados;po1500000.txt;0.003301
parcialmenteOrdenados;po1500000.txt;0.003350
parcialmenteOrdenados;po1500000.txt;0.003322
parcialmenteOrdenados;po1500000.txt;0.003310
parcialmenteOrdenados;po1500000.txt;0.003591
parcialmenteOrdenados;po1500000.txt;0.003365
parcialmenteOrdenados;po1500000.txt;0.003336
parcialmenteOrdenados;po1500000.txt;0.003303
parcialmenteOrdenados;po1500000.txt;0.003342
parcialmenteOrdenados;po1500000.txt;0.003322
parcialmenteOrdenados;po1500000.txt;0.003292
parcialmenteOrdenados;po1500000.txt;0.003338
parcialmenteOrdenados;po1500000.txt;0.003318
parcialmenteOrdenados;po1500000.txt;0.003488
parcialmenteOrdenados;po1500000.txt;0.003302
parcialmenteOrdenados;po1500000.txt;0.003290
parcialmenteOrdenados;po1500000.txt;0.003369
parcialmenteOrdenados;po1500000.txt;0.003301
parcialmenteOrdenados;po1500000.txt;0.003593
parcialmenteOrdenados;po2000000.txt;0.004117
parcialmenteOrdenados;po2000000.txt;0.004094
parcialmenteOrdenados;po2000000.txt;0.004395
parcialmenteOrdenados;po2000000.txt;0.004115
parcialmenteOrdenados;po2000000.txt;0.004144
parcialmenteOrdenados;po2000000.txt;0.004138
parcialmenteOrdenados;po2000000.txt;0.004145
parcialmenteOrdenados;po2000000.txt;0.004176
parcialmenteOrdenados;po2000000.txt;0.004094
parcialmenteOrdenados;po2000000.txt;0.004150
parcialmenteOrdenados;po2000000.txt;0.004086
parcialmenteOrdenados;po2000000.txt;0.004108
parcialmenteOrdenados;po2000000.txt;0.004120
parcialmenteOrdenados;po2000000.txt;0.004115
parcialmenteOrdenados;po2000000.txt;0.004283
parcialmenteOrdenados;po2000000.txt;0.004132
parcialmenteOrdenados;po2000000.txt;0.004196
parcialmenteOrdenados;po2000000.txt;0.004420
parcialmenteOrdenados;po2000000.txt;0.004102
parcialmenteOrdenados;po2000000.txt;0.004123
parcialmenteOrdenados;po2000000.txt;0.004105
parcialmenteOrdenados;po2000000.txt;0.004083
parcialmenteOrdenados;po2000000.txt;0.004123
parcialmenteOrdenados;po2000000.txt;0.004077
parcialmenteOrdenados;po2000000.txt;0.004136
parcialmenteOrdenados;po2000000.txt;0.004060
parcialmenteOrdenados;po2000000.txt;0.004320
parcialmenteOrdenados;po2000000.txt;0.004086
parcialmenteOrdenados;po2000000.txt;0.004090
parcialmenteOrdenados;po2000000.txt;0.004136
