Pasta;Arquivo;Tempo_Segundos
parcialmenteOrdenados;po100.txt;0.000013
parcialmenteOrdenados;po100.txt;0.000017
parcialmenteOrdenados;po100.txt;0.000014
parcialmenteOrdenados;po100.txt;0.000020
parcialmenteOrdenados;po100.txt;0.000021
parcialmenteOrdenados;po100.txt;0.000016
parcialmenteOrdenados;po100.txt;0.000010
parcialmenteOrdenados;po100.txt;0.000010
parcialmenteOrdenados;po100.txt;0.000022
parcialmenteOrdenados;po100.txt;0.000024
parcialmenteOrdenados;po100.txt;0.000015
parcialmenteOrdenados;po100.txt;0.000029
parcialmenteOrdenados;po100.txt;0.000020
parcialmenteOrdenados;po100.txt;0.000014
parcialmenteOrdenados;po100.txt;0.000015
parcialmenteOrdenados;po100.txt;0.000010
parcialmenteOrdenados;po100.txt;0.000013
parcialmenteOrdenados;po100.txt;0.000012
parcialmenteOrdenados;po100.txt;0.000010
parcialmenteOrdenados;po100.txt;0.000010
parcialmenteOrdenados;po100.txt;0.000016
parcialmenteOrdenados;po100.txt;0.000019
parcialmenteOrdenados;po100.txt;0.000010
parcialmenteOrdenados;po100.txt;0.000010
parcialmenteOrdenados;po100.txt;0.000015
parcialmenteOrdenados;po100.txt;0.000027
parcialmenteOrdenados;po100.txt;0.000011
parcialmenteOrdenados;po100.txt;0.000010
parcialmenteOrdenados;po100.txt;0.000011
parcialmenteOrdenados;po100.txt;0.000011
parcialmenteOrdenados;po200.txt;0.000015
parcialmenteOrdenados;po200.txt;0.000015
parcialmenteOrdenados;po200.txt;0.000014
parcialmenteOrdenados;po200.txt;0.000016
parcialmenteOrdenados;po200.txt;0.000016
parcialmenteOrdenados;po200.txt;0.000028
parcialmenteOrdenados;po200.txt;0.000015
parcialmenteOrdenados;po200.txt;0.000041
parcialmenteOrdenados;po200.txt;0.000030
parcialmenteOrdenados;po200.txt;0.000037
parcialmenteOrdenados;po200.txt;0.000032
parcialmenteOrdenados;po200.txt;0.000037
parcialmenteOrdenados;po200.txt;0.000027
parcialmenteOrdenados;po200.txt;0.000025
parcialmenteOrdenados;po200.txt;0.000031
parcialmenteOrdenados;po200.txt;0.000015
parcialmenteOrdenados;po200.txt;0.000022
parcialmenteOrdenados;po200.txt;0.000024
parcialmenteOrdenados;po200.txt;0.000041
parcialmenteOrdenados;po200.txt;0.000016
parcialmenteOrdenados;po200.txt;0.000043
parcialmenteOrdenados;po200.txt;0.000032
parcialmenteOrdenados;po200.txt;0.000016
parcialmenteOrdenados;po200.txt;0.000016
parcialmenteOrdenados;po200.txt;0.000015
parcialmenteOrdenados;po200.txt;0.000014
parcialmenteOrdenados;po200.txt;0.000015
parcialmenteOrdenados;po200.txt;0.000020
parcialmenteOrdenados;po200.txt;0.000016
parcialmenteOrdenados;po200.txt;0.000029
parcialmenteOrdenados;po500.txt;0.000025
parcialmenteOrdenados;po500.txt;0.000026
parcialmenteOrdenados;po500.txt;0.000041
parcialmenteOrdenados;po500.txt;0.000039
parcialmenteOrdenados;po500.txt;0.000024
parcialmenteOrdenados;po500.txt;0.000031
parcialmenteOrdenados;po500.txt;0.000026
parcialmenteOrdenados;po500.txt;0.000058
parcialmenteOrdenados;po500.txt;0.000027
parcialmenteOrdenados;po500.txt;0.000084
parcialmenteOrdenados;po500.txt;0.000044
parcialmenteOrdenados;po500.txt;0.000037
parcialmenteOrdenados;po500.txt;0.000026
parcialmenteOrdenados;po500.txt;0.000037
parcialmenteOrdenados;po500.txt;0.000027
parcialmenteOrdenados;po500.txt;0.000060
parcialmenteOrdenados;po500.txt;0.000042
parcialmenteOrdenados;po500.txt;0.000070
parcialmenteOrdenados;po500.txt;0.000026
parcialmenteOrdenados;po500.txt;0.000032
parcialmenteOrdenados;po500.txt;0.000029
parcialmenteOrdenados;po500.txt;0.000051
parcialmenteOrdenados;po500.txt;0.000027
parcialmenteOrdenados;po500.txt;0.000046
parcialmenteOrdenados;po500.txt;0.000028
parcialmenteOrdenados;po500.txt;0.000044
parcialmenteOrdenados;po500.txt;0.000026
parcialmenteOrdenados;po500.txt;0.000047
parcialmenteOrdenados;po500.txt;0.000027
parcialmenteOrdenados;po500.txt;0.000048
parcialmenteOrdenados;po1000.txt;0.000049
parcialmenteOrdenados;po1000.txt;0.000129
parcialmenteOrdenados;po1000.txt;0.000116
parcialmenteOrdenados;po1000.txt;0.000050
parcialmenteOrdenados;po1000.txt;0.000048
parcialmenteOrdenados;po1000.txt;0.000045
parcialmenteOrdenados;po1000.txt;0.000068
parcialmenteOrdenados;po1000.txt;0.000049
parcialmenteOrdenados;po1000.txt;0.000082
parcialmenteOrdenados;po1000.txt;0.000065
parcialmenteOrdenados;po1000.txt;0.000076
parcialmenteOrdenados;po1000.txt;0.000085
parcialmenteOrdenados;po1000.txt;0.000095
parcialmenteOrdenados;po1000.txt;0.000046
parcialmenteOrdenados;po1000.txt;0.000094
parcialmenteOrdenados;po1000.txt;0.000094
parcialmenteOrdenados;po1000.txt;0.000122
parcialmenteOrdenados;po1000.txt;0.000080
parcialmenteOrdenados;po1000.txt;0.000047
parcialmenteOrdenados;po1000.txt;0.000128
parcialmenteOrdenados;po1000.txt;0.000095
parcialmenteOrdenados;po1000.txt;0.000111
parcialmenteOrdenados;po1000.txt;0.000109
parcialmenteOrdenados;po1000.txt;0.000063
parcialmenteOrdenados;po1000.txt;0.000047
parcialmenteOrdenados;po1000.txt;0.000071
parcialmenteOrdenados;po1000.txt;0.000054
parcialmenteOrdenados;po1000.txt;0.000047
parcialmenteOrdenados;po1000.txt;0.000046
parcialmenteOrdenados;po1000.txt;0.000046
parcialmenteOrdenados;po2000.txt;0.000100
parcialmenteOrdenados;po2000.txt;0.000113
parcialmenteOrdenados;po2000.txt;0.000098
parcialmenteOrdenados;po2000.txt;0.000092
parcialmenteOrdenados;po2000.txt;0.000104
parcialmenteOrdenados;po2000.txt;0.000094
parcialmenteOrdenados;po2000.txt;0.000095
parcialmenteOrdenados;po2000.txt;0.000097
parcialmenteOrdenados;po2000.txt;0.000137
parcialmenteOrdenados;po2000.txt;0.000100
parcialmenteOrdenados;po2000.txt;0.000193
parcialmenteOrdenados;po2000.txt;0.000093
parcialmenteOrdenados;po2000.txt;0.000260
parcialmenteOrdenados;po2000.txt;0.000259
parcialmenteOrdenados;po2000.txt;0.000249
parcialmenteOrdenados;po2000.txt;0.000232
parcialmenteOrdenados;po2000.txt;0.000190
parcialmenteOrdenados;po2000.txt;0.000141
parcialmenteOrdenados;po2000.txt;0.000091
parcialmenteOrdenados;po2000.txt;0.000091
parcialmenteOrdenados;po2000.txt;0.000096
parcialmenteOrdenados;po2000.txt;0.000094
parcialmenteOrdenados;po2000.txt;0.000151
parcialmenteOrdenados;po2000.txt;0.000096
parcialmenteOrdenados;po2000.txt;0.000175
parcialmenteOrdenados;po2000.txt;0.000094
parcialmenteOrdenados;po2000.txt;0.000181
parcialmenteOrdenados;po2000.txt;0.000093
parcialmenteOrdenados;po2000.txt;0.000124
parcialmenteOrdenados;po2000.txt;0.000173
parcialmenteOrdenados;po5000.txt;0.000354
parcialmenteOrdenados;po5000.txt;0.000523
parcialmenteOrdenados;po5000.txt;0.000297
parcialmenteOrdenados;po5000.txt;0.000570
parcialmenteOrdenados;po5000.txt;0.000614
parcialmenteOrdenados;po5000.txt;0.000294
parcialmenteOrdenados;po5000.txt;0.000535
parcialmenteOrdenados;po5000.txt;0.000815
parcialmenteOrdenados;po5000.txt;0.000294
parcialmenteOrdenados;po5000.txt;0.000800
parcialmenteOrdenados;po5000.txt;0.000783
parcialmenteOrdenados;po5000.txt;0.000294
parcialmenteOrdenados;po5000.txt;0.000425
parcialmenteOrdenados;po5000.txt;0.000293
parcialmenteOrdenados;po5000.txt;0.000525
parcialmenteOrdenados;po5000.txt;0.000495
parcialmenteOrdenados;po5000.txt;0.000598
parcialmenteOrdenados;po5000.txt;0.000622
parcialmenteOrdenados;po5000.txt;0.000294
parcialmenteOrdenados;po5000.txt;0.000826
parcialmenteOrdenados;po5000.txt;0.000598
parcialmenteOrdenados;po5000.txt;0.000333
parcialmenteOrdenados;po5000.txt;0.000409
parcialmenteOrdenados;po5000.txt;0.000430
parcialmenteOrdenados;po5000.txt;0.000287
parcialmenteOrdenados;po5000.txt;0.000564
parcialmenteOrdenados;po5000.txt;0.000300
parcialmenteOrdenados;po5000.txt;0.000815
parcialmenteOrdenados;po5000.txt;0.000306
parcialmenteOrdenados;po5000.txt;0.000855
parcialmenteOrdenados;po7500.txt;0.001102
parcialmenteOrdenados;po7500.txt;0.001055
parcialmenteOrdenados;po7500.txt;0.001036
parcialmenteOrdenados;po7500.txt;0.001088
parcialmenteOrdenados;po7500.txt;0.001074
parcialmenteOrdenados;po7500.txt;0.000938
parcialmenteOrdenados;po7500.txt;0.000968
parcialmenteOrdenados;po7500.txt;0.000402
parcialmenteOrdenados;po7500.txt;0.000436
parcialmenteOrdenados;po7500.txt;0.000392
parcialmenteOrdenados;po7500.txt;0.000946
parcialmenteOrdenados;po7500.txt;0.000812
parcialmenteOrdenados;po7500.txt;0.000392
parcialmenteOrdenados;po7500.txt;0.000766
parcialmenteOrdenados;po7500.txt;0.000765
parcialmenteOrdenados;po7500.txt;0.000403
parcialmenteOrdenados;po7500.txt;0.000404
parcialmenteOrdenados;po7500.txt;0.000535
parcialmenteOrdenados;po7500.txt;0.000512
parcialmenteOrdenados;po7500.txt;0.000394
parcialmenteOrdenados;po7500.txt;0.000533
parcialmenteOrdenados;po7500.txt;0.000608
parcialmenteOrdenados;po7500.txt;0.000394
parcialmenteOrdenados;po7500.txt;0.000989
parcialmenteOrdenados;po7500.txt;0.000664
parcialmenteOrdenados;po7500.txt;0.000453
parcialmenteOrdenados;po7500.txt;0.000405
parcialmenteOrdenados;po7500.txt;0.000706
parcialmenteOrdenados;po7500.txt;0.000499
parcialmenteOrdenados;po7500.txt;0.001108
parcialmenteOrdenados;po10000.txt;0.001053
parcialmenteOrdenados;po10000.txt;0.000623
parcialmenteOrdenados;po10000.txt;0.000961
parcialmenteOrdenados;po10000.txt;0.000623
parcialmenteOrdenados;po10000.txt;0.001066
parcialmenteOrdenados;po10000.txt;0.000633
parcialmenteOrdenados;po10000.txt;0.000674
parcialmenteOrdenados;po10000.txt;0.000681
parcialmenteOrdenados;po10000.txt;0.001036
parcialmenteOrdenados;po10000.txt;0.001025
parcialmenteOrdenados;po10000.txt;0.000978
parcialmenteOrdenados;po10000.txt;0.000649
parcialmenteOrdenados;po10000.txt;0.000796
parcialmenteOrdenados;po10000.txt;0.001035
parcialmenteOrdenados;po10000.txt;0.001154
parcialmenteOrdenados;po10000.txt;0.000659
parcialmenteOrdenados;po10000.txt;0.000704
parcialmenteOrdenados;po10000.txt;0.000620
parcialmenteOrdenados;po10000.txt;0.001176
parcialmenteOrdenados;po10000.txt;0.000719
parcialmenteOrdenados;po10000.txt;0.000646
parcialmenteOrdenados;po10000.txt;0.001723
parcialmenteOrdenados;po10000.txt;0.000779
parcialmenteOrdenados;po10000.txt;0.000623
parcialmenteOrdenados;po10000.txt;0.000731
parcialmenteOrdenados;po10000.txt;0.000699
parcialmenteOrdenados;po10000.txt;0.001125
parcialmenteOrdenados;po10000.txt;0.000947
parcialmenteOrdenados;po10000.txt;0.000805
parcialmenteOrdenados;po10000.txt;0.000636
parcialmenteOrdenados;po15000.txt;0.000940
parcialmenteOrdenados;po15000.txt;0.001129
parcialmenteOrdenados;po15000.txt;0.000831
parcialmenteOrdenados;po15000.txt;0.000920
parcialmenteOrdenados;po15000.txt;0.000993
parcialmenteOrdenados;po15000.txt;0.000869
parcialmenteOrdenados;po15000.txt;0.001339
parcialmenteOrdenados;po15000.txt;0.000823
parcialmenteOrdenados;po15000.txt;0.001261
parcialmenteOrdenados;po15000.txt;0.000964
parcialmenteOrdenados;po15000.txt;0.002248
parcialmenteOrdenados;po15000.txt;0.000814
parcialmenteOrdenados;po15000.txt;0.001286
parcialmenteOrdenados;po15000.txt;0.000841
parcialmenteOrdenados;po15000.txt;0.001353
parcialmenteOrdenados;po15000.txt;0.000820
parcialmenteOrdenados;po15000.txt;0.001092
parcialmenteOrdenados;po15000.txt;0.000815
parcialmenteOrdenados;po15000.txt;0.000834
parcialmenteOrdenados;po15000.txt;0.000859
parcialmenteOrdenados;po15000.txt;0.001089
parcialmenteOrdenados;po15000.txt;0.000822
parcialmenteOrdenados;po15000.txt;0.001119
parcialmenteOrdenados;po15000.txt;0.000842
parcialmenteOrdenados;po15000.txt;0.001327
parcialmenteOrdenados;po15000.txt;0.000824
parcialmenteOrdenados;po15000.txt;0.001143
parcialmenteOrdenados;po15000.txt;0.000826
parcialmenteOrdenados;po15000.txt;0.001575
parcialmenteOrdenados;po15000.txt;0.000960
parcialmenteOrdenados;po30000.txt;0.001765
parcialmenteOrdenados;po30000.txt;0.003056
parcialmenteOrdenados;po30000.txt;0.002379
parcialmenteOrdenados;po30000.txt;0.001697
parcialmenteOrdenados;po30000.txt;0.001847
parcialmenteOrdenados;po30000.txt;0.001698
parcialmenteOrdenados;po30000.txt;0.002082
parcialmenteOrdenados;po30000.txt;0.001680
parcialmenteOrdenados;po30000.txt;0.001786
parcialmenteOrdenados;po30000.txt;0.001742
parcialmenteOrdenados;po30000.txt;0.001719
parcialmenteOrdenados;po30000.txt;0.001713
parcialmenteOrdenados;po30000.txt;0.001663
parcialmenteOrdenados;po30000.txt;0.001716
parcialmenteOrdenados;po30000.txt;0.001694
parcialmenteOrdenados;po30000.txt;0.001794
parcialmenteOrdenados;po30000.txt;0.001698
parcialmenteOrdenados;po30000.txt;0.003116
parcialmenteOrdenados;po30000.txt;0.004532
parcialmenteOrdenados;po30000.txt;0.003107
parcialmenteOrdenados;po30000.txt;0.003239
parcialmenteOrdenados;po30000.txt;0.003513
parcialmenteOrdenados;po30000.txt;0.003092
parcialmenteOrdenados;po30000.txt;0.002572
parcialmenteOrdenados;po30000.txt;0.001787
parcialmenteOrdenados;po30000.txt;0.001839
parcialmenteOrdenados;po30000.txt;0.002067
parcialmenteOrdenados;po30000.txt;0.002146
parcialmenteOrdenados;po30000.txt;0.001697
parcialmenteOrdenados;po30000.txt;0.002585
parcialmenteOrdenados;po50000.txt;0.003458
parcialmenteOrdenados;po50000.txt;0.006879
parcialmenteOrdenados;po50000.txt;0.003402
parcialmenteOrdenados;po50000.txt;0.003923
parcialmenteOrdenados;po50000.txt;0.003566
parcialmenteOrdenados;po50000.txt;0.003376
parcialmenteOrdenados;po50000.txt;0.003711
parcialmenteOrdenados;po50000.txt;0.003732
parcialmenteOrdenados;po50000.txt;0.003593
parcialmenteOrdenados;po50000.txt;0.005762
parcialmenteOrdenados;po50000.txt;0.003478
parcialmenteOrdenados;po50000.txt;0.003404
parcialmenteOrdenados;po50000.txt;0.003348
parcialmenteOrdenados;po50000.txt;0.003800
parcialmenteOrdenados;po50000.txt;0.003302
parcialmenteOrdenados;po50000.txt;0.003464
parcialmenteOrdenados;po50000.txt;0.003314
parcialmenteOrdenados;po50000.txt;0.003392
parcialmenteOrdenados;po50000.txt;0.003473
parcialmenteOrdenados;po50000.txt;0.003591
parcialmenteOrdenados;po50000.txt;0.004081
parcialmenteOrdenados;po50000.txt;0.004309
parcialmenteOrdenados;po50000.txt;0.003416
parcialmenteOrdenados;po50000.txt;0.003368
parcialmenteOrdenados;po50000.txt;0.003430
parcialmenteOrdenados;po50000.txt;0.003662
parcialmenteOrdenados;po50000.txt;0.003333
parcialmenteOrdenados;po50000.txt;0.003337
parcialmenteOrdenados;po50000.txt;0.003384
parcialmenteOrdenados;po50000.txt;0.003305
parcialmenteOrdenados;po75000.txt;0.006100
parcialmenteOrdenados;po75000.txt;0.005937
parcialmenteOrdenados;po75000.txt;0.007583
parcialmenteOrdenados;po75000.txt;0.005786
parcialmenteOrdenados;po75000.txt;0.006874
parcialmenteOrdenados;po75000.txt;0.006113
parcialmenteOrdenados;po75000.txt;0.005983
parcialmenteOrdenados;po75000.txt;0.005814
parcialmenteOrdenados;po75000.txt;0.006246
parcialmenteOrdenados;po75000.txt;0.006077
parcialmenteOrdenados;po75000.txt;0.006304
parcialmenteOrdenados;po75000.txt;0.005750
parcialmenteOrdenados;po75000.txt;0.005648
parcialmenteOrdenados;po75000.txt;0.005699
parcialmenteOrdenados;po75000.txt;0.005721
parcialmenteOrdenados;po75000.txt;0.005849
parcialmenteOrdenados;po75000.txt;0.005699
parcialmenteOrdenados;po75000.txt;0.005922
parcialmenteOrdenados;po75000.txt;0.005831
parcialmenteOrdenados;po75000.txt;0.005726
parcialmenteOrdenados;po75000.txt;0.005774
parcialmenteOrdenados;po75000.txt;0.005708
parcialmenteOrdenados;po75000.txt;0.005811
parcialmenteOrdenados;po75000.txt;0.005680
parcialmenteOrdenados;po75000.txt;0.005705
parcialmenteOrdenados;po75000.txt;0.005737
parcialmenteOrdenados;po75000.txt;0.005774
parcialmenteOrdenados;po75000.txt;0.005739
parcialmenteOrdenados;po75000.txt;0.005832
parcialmenteOrdenados;po75000.txt;0.005653
parcialmenteOrdenados;po100000.txt;0.007181
parcialmenteOrdenados;po100000.txt;0.007491
parcialmenteOrdenados;po100000.txt;0.007445
parcialmenteOrdenados;po100000.txt;0.007193
parcialmenteOrdenados;po100000.txt;0.007165
parcialmenteOrdenados;po100000.txt;0.007194
parcialmenteOrdenados;po100000.txt;0.007270
parcialmenteOrdenados;po100000.txt;0.007229
parcialmenteOrdenados;po100000.txt;0.006975
parcialmenteOrdenados;po100000.txt;0.007134
parcialmenteOrdenados;po100000.txt;0.007410
parcialmenteOrdenados;po100000.txt;0.007156
parcialmenteOrdenados;po100000.txt;0.007181
parcialmenteOrdenados;po100000.txt;0.007106
parcialmenteOrdenados;po100000.txt;0.007226
parcialmenteOrdenados;po100000.txt;0.007315
parcialmenteOrdenados;po100000.txt;0.007325
parcialmenteOrdenados;po100000.txt;0.007211
parcialmenteOrdenados;po100000.txt;0.007409
parcialmenteOrdenados;po100000.txt;0.007278
parcialmenteOrdenados;po100000.txt;0.007229
parcialmenteOrdenados;po100000.txt;0.007227
parcialmenteOrdenados;po100000.txt;0.007298
parcialmenteOrdenados;po100000.txt;0.007298
parcialmenteOrdenados;po100000.txt;0.007351
parcialmenteOrdenados;po100000.txt;0.007428
parcialmenteOrdenados;po100000.txt;0.007266
parcialmenteOrdenados;po100000.txt;0.007129
parcialmenteOrdenados;po100000.txt;0.007313
parcialmenteOrdenados;po100000.txt;0.007389
parcialmenteOrdenados;po200000.txt;0.015975
parcialmenteOrdenados;po200000.txt;0.015289
parcialmenteOrdenados;po200000.txt;0.016820
parcialmenteOrdenados;po200000.txt;0.014851
parcialmenteOrdenados;po200000.txt;0.014995
parcialmenteOrdenados;po200000.txt;0.014780
parcialmenteOrdenados;po200000.txt;0.015104
parcialmenteOrdenados;po200000.txt;0.014845
parcialmenteOrdenados;po200000.txt;0.015880
parcialmenteOrdenados;po200000.txt;0.015142
parcialmenteOrdenados;po200000.txt;0.016520
parcialmenteOrdenados;po200000.txt;0.014803
parcialmenteOrdenados;po200000.txt;0.015074
parcialmenteOrdenados;po200000.txt;0.014674
parcialmenteOrdenados;po200000.txt;0.015424
parcialmenteOrdenados;po200000.txt;0.014959
parcialmenteOrdenados;po200000.txt;0.015481
parcialmenteOrdenados;po200000.txt;0.015101
parcialmenteOrdenados;po200000.txt;0.015356
parcialmenteOrdenados;po200000.txt;0.015109
parcialmenteOrdenados;po200000.txt;0.015581
parcialmenteOrdenados;po200000.txt;0.015586
parcialmenteOrdenados;po200000.txt;0.015233
parcialmenteOrdenados;po200000.txt;0.016986
parcialmenteOrdenados;po200000.txt;0.015127
parcialmenteOrdenados;po200000.txt;0.014823
parcialmenteOrdenados;po200000.txt;0.015887
parcialmenteOrdenados;po200000.txt;0.014737
parcialmenteOrdenados;po200000.txt;0.016004
parcialmenteOrdenados;po200000.txt;0.014841
parcialmenteOrdenados;po500000.txt;0.038316
parcialmenteOrdenados;po500000.txt;0.038671
parcialmenteOrdenados;po500000.txt;0.038446
parcialmenteOrdenados;po500000.txt;0.038396
parcialmenteOrdenados;po500000.txt;0.038087
parcialmenteOrdenados;po500000.txt;0.038432
parcialmenteOrdenados;po500000.txt;0.038128
parcialmenteOrdenados;po500000.txt;0.038608
parcialmenteOrdenados;po500000.txt;0.040310
parcialmenteOrdenados;po500000.txt;0.038395
parcialmenteOrdenados;po500000.txt;0.038416
parcialmenteOrdenados;po500000.txt;0.038122
parcialmenteOrdenados;po500000.txt;0.038404
parcialmenteOrdenados;po500000.txt;0.038621
parcialmenteOrdenados;po500000.txt;0.038969
parcialmenteOrdenados;po500000.txt;0.038430
parcialmenteOrdenados;po500000.txt;0.038530
parcialmenteOrdenados;po500000.txt;0.038142
parcialmenteOrdenados;po500000.txt;0.038232
parcialmenteOrdenados;po500000.txt;0.038274
parcialmenteOrdenados;po500000.txt;0.038337
parcialmenteOrdenados;po500000.txt;0.038346
parcialmenteOrdenados;po500000.txt;0.038248
parcialmenteOrdenados;po500000.txt;0.038213
parcialmenteOrdenados;po500000.txt;0.037875
parcialmenteOrdenados;po500000.txt;0.038333
parcialmenteOrdenados;po500000.txt;0.039867
parcialmenteOrdenados;po500000.txt;0.038475
parcialmenteOrdenados;po500000.txt;0.038058
parcialmenteOrdenados;po500000.txt;0.038221
parcialmenteOrdenados;po750000.txt;0.064433
parcialmenteOrdenados;po750000.txt;0.064335
parcialmenteOrdenados;po750000.txt;0.064159
parcialmenteOrdenados;po750000.txt;0.064642
parcialmenteOrdenados;po750000.txt;0.064108
parcialmenteOrdenados;po750000.txt;0.064128
parcialmenteOrdenados;po750000.txt;0.063919
parcialmenteOrdenados;po750000.txt;0.064451
parcialmenteOrdenados;po750000.txt;0.064958
parcialmenteOrdenados;po750000.txt;0.064209
parcialmenteOrdenados;po750000.txt;0.065217
parcialmenteOrdenados;po750000.txt;0.065163
parcialmenteOrdenados;po750000.txt;0.064317
parcialmenteOrdenados;po750000.txt;0.064799
parcialmenteOrdenados;po750000.txt;0.064840
parcialmenteOrdenados;po750000.txt;0.064830
parcialmenteOrdenados;po750000.txt;0.064783
parcialmenteOrdenados;po750000.txt;0.064717
parcialmenteOrdenados;po750000.txt;0.065009
parcialmenteOrdenados;po750000.txt;0.064672
parcialmenteOrdenados;po750000.txt;0.064900
parcialmenteOrdenados;po750000.txt;0.064553
parcialmenteOrdenados;po750000.txt;0.064899
parcialmenteOrdenados;po750000.txt;0.064037
parcialmenteOrdenados;po750000.txt;0.064356
parcialmenteOrdenados;po750000.txt;0.064232
parcialmenteOrdenados;po750000.txt;0.064098
parcialmenteOrdenados;po750000.txt;0.064515
parcialmenteOrdenados;po750000.txt;0.064629
parcialmenteOrdenados;po750000.txt;0.065046
parcialmenteOrdenados;po1000000.txt;0.084625
parcialmenteOrdenados;po1000000.txt;0.082436
parcialmenteOrdenados;po1000000.txt;0.083720
parcialmenteOrdenados;po1000000.txt;0.082932
parcialmenteOrdenados;po1000000.txt;0.083286
parcialmenteOrdenados;po1000000.txt;0.082358
parcialmenteOrdenados;po1000000.txt;0.082795
parcialmenteOrdenados;po1000000.txt;0.083470
parcialmenteOrdenados;po1000000.txt;0.083167
parcialmenteOrdenados;po1000000.txt;0.082122
parcialmenteOrdenados;po1000000.txt;0.082830
parcialmenteOrdenados;po1000000.txt;0.082591
parcialmenteOrdenados;po1000000.txt;0.083916
parcialmenteOrdenados;po1000000.txt;0.083189
parcialmenteOrdenados;po1000000.txt;0.083795
parcialmenteOrdenados;po1000000.txt;0.082465
parcialmenteOrdenados;po1000000.txt;0.082462
parcialmenteOrdenados;po1000000.txt;0.083426
parcialmenteOrdenados;po1000000.txt;0.083161
parcialmenteOrdenados;po1000000.txt;0.082914
parcialmenteOrdenados;po1000000.txt;0.083022
parcialmenteOrdenados;po1000000.txt;0.082676
parcialmenteOrdenados;po1000000.txt;0.082810
parcialmenteOrdenados;po1000000.txt;0.082716
parcialmenteOrdenados;po1000000.txt;0.082911
parcialmenteOrdenados;po1000000.txt;0.082801
parcialmenteOrdenados;po1000000.txt;0.082802
parcialmenteOrdenados;po1000000.txt;0.082904
parcialmenteOrdenados;po1000000.txt;0.083559
parcialmenteOrdenados;po1000000.txt;0.082919
parcialmenteOrdenados;po1250000.txt;0.119542
parcialmenteOrdenados;po1250000.txt;0.118553
parcialmenteOrdenados;po1250000.txt;0.118181
parcialmenteOrdenados;po1250000.txt;0.118496
parcialmenteOrdenados;po1250000.txt;0.118137
parcialmenteOrdenados;po1250000.txt;0.118042
parcialmenteOrdenados;po1250000.txt;0.117770
parcialmenteOrdenados;po1250000.txt;0.117368
parcialmenteOrdenados;po1250000.txt;0.117918
parcialmenteOrdenados;po1250000.txt;0.118069
parcialmenteOrdenados;po1250000.txt;0.118034
parcialmenteOrdenados;po1250000.txt;0.118233
parcialmenteOrdenados;po1250000.txt;0.117617
parcialmenteOrdenados;po1250000.txt;0.117722
parcialmenteOrdenados;po1250000.txt;0.118012
parcialmenteOrdenados;po1250000.txt;0.117695
parcialmenteOrdenados;po1250000.txt;0.117558
parcialmenteOrdenados;po1250000.txt;0.118356
parcialmenteOrdenados;po1250000.txt;0.117862
parcialmenteOrdenados;po1250000.txt;0.117708
parcialmenteOrdenados;po1250000.txt;0.117601
parcialmenteOrdenados;po1250000.txt;0.118650
parcialmenteOrdenados;po1250000.txt;0.118322
parcialmenteOrdenados;po1250000.txt;0.117585
parcialmenteOrdenados;po1250000.txt;0.117424
parcialmenteOrdenados;po1250000.txt;0.118725
parcialmenteOrdenados;po1250000.txt;0.118944
parcialmenteOrdenados;po1250000.txt;0.118029
parcialmenteOrdenados;po1250000.txt;0.117642
parcialmenteOrdenados;po1250000.txt;0.118406
parcialmenteOrdenados;po1500000.txt;0.137153
parcialmenteOrdenados;po1500000.txt;0.138588
parcialmenteOrdenados;po1500000.txt;0.138669
parcialmenteOrdenados;po1500000.txt;0.138280
parcialmenteOrdenados;po1500000.txt;0.137940
parcialmenteOrdenados;po1500000.txt;0.139013
parcialmenteOrdenados;po1500000.txt;0.139554
parcialmenteOrdenados;po1500000.txt;0.137649
parcialmenteOrdenados;po1500000.txt;0.137623
parcialmenteOrdenados;po1500000.txt;0.138013
parcialmenteOrdenados;po1500000.txt;0.138079
parcialmenteOrdenados;po1500000.txt;0.138090
parcialmenteOrdenados;po1500000.txt;0.138391
parcialmenteOrdenados;po1500000.txt;0.137828
parcialmenteOrdenados;po1500000.txt;0.137914
parcialmenteOrdenados;po1500000.txt;0.139512
parcialmenteOrdenados;po1500000.txt;0.138515
parcialmenteOrdenados;po1500000.txt;0.138709
parcialmenteOrdenados;po1500000.txt;0.138705
parcialmenteOrdenados;po1500000.txt;0.138114
parcialmenteOrdenados;po1500000.txt;0.138683
parcialmenteOrdenados;po1500000.txt;0.137428
parcialmenteOrdenados;po1500000.txt;0.139279
parcialmenteOrdenados;po1500000.txt;0.139313
parcialmenteOrdenados;po1500000.txt;0.138968
parcialmenteOrdenados;po1500000.txt;0.138157
parcialmenteOrdenados;po1500000.txt;0.138133
parcialmenteOrdenados;po1500000.txt;0.137460
parcialmenteOrdenados;po1500000.txt;0.137862
parcialmenteOrdenados;po1500000.txt;0.138440
parcialmenteOrdenados;po2000000.txt;0.177635
parcialmenteOrdenados;po2000000.txt;0.175872
parcialmenteOrdenados;po2000000.txt;0.177804
parcialmenteOrdenados;po2000000.txt;0.177425
parcialmenteOrdenados;po2000000.txt;0.176181
parcialmenteOrdenados;po2000000.txt;0.174615
parcialmenteOrdenados;po2000000.txt;0.175504
parcialmenteOrdenados;po2000000.txt;0.175997
parcialmenteOrdenados;po2000000.txt;0.175798
parcialmenteOrdenados;po2000000.txt;0.176404
parcialmenteOrdenados;po2000000.txt;0.176054
parcialmenteOrdenados;po2000000.txt;0.175416
parcialmenteOrdenados;po2000000.txt;0.175043
parcialmenteOrdenados;po2000000.txt;0.176046
parcialmenteOrdenados;po2000000.txt;0.176031
parcialmenteOrdenados;po2000000.txt;0.175587
parcialmenteOrdenados;po2000000.txt;0.176301
parcialmenteOrdenados;po2000000.txt;0.176552
parcialmenteOrdenados;po2000000.txt;0.175066
parcialmenteOrdenados;po2000000.txt;0.175982
parcialmenteOrdenados;po2000000.txt;0.176916
parcialmenteOrdenados;po2000000.txt;0.174930
parcialmenteOrdenados;po2000000.txt;0.175031
parcialmenteOrdenados;po2000000.txt;0.173988
parcialmenteOrdenados;po2000000.txt;0.174660
parcialmenteOrdenados;po2000000.txt;0.175376
parcialmenteOrdenados;po2000000.txt;0.174706
parcialmenteOrdenados;po2000000.txt;0.175733
parcialmenteOrdenados;po2000000.txt;0.174493
parcialmenteOrdenados;po2000000.txt;0.174268
