parcialmenteOrdenados;po100.txt;0.000022
parcialmenteOrdenados;po100.txt;0.000022
parcialmenteOrdenados;po100.txt;0.000022
parcialmenteOrdenados;po100.txt;0.000025
parcialmenteOrdenados;po100.txt;0.000025
parcialmenteOrdenados;po100.txt;0.000027
parcialmenteOrdenados;po100.txt;0.000024
parcialmenteOrdenados;po100.txt;0.000026
parcialmenteOrdenados;po100.txt;0.000025
parcialmenteOrdenados;po100.txt;0.000023
parcialmenteOrdenados;po100.txt;0.000021
parcialmenteOrdenados;po100.txt;0.000026
parcialmenteOrdenados;po100.txt;0.000021
parcialmenteOrdenados;po100.txt;0.000022
parcialmenteOrdenados;po100.txt;0.000022
parcialmenteOrdenados;po100.txt;0.000022
parcialmenteOrdenados;po100.txt;0.000025
parcialmenteOrdenados;po100.txt;0.000022
parcialmenteOrdenados;po100.txt;0.000029
parcialmenteOrdenados;po100.txt;0.000025
parcialmenteOrdenados;po100.txt;0.000024
parcialmenteOrdenados;po100.txt;0.000025
parcialmenteOrdenados;po100.txt;0.000024
parcialmenteOrdenados;po100.txt;0.000022
parcialmenteOrdenados;po100.txt;0.000021
parcialmenteOrdenados;po100.txt;0.000024
parcialmenteOrdenados;po100.txt;0.000022
parcialmenteOrdenados;po100.txt;0.000022
parcialmenteOrdenados;po100.txt;0.000025
parcialmenteOrdenados;po100.txt;0.000025
parcialmenteOrdenados;po200.txt;0.000034
parcialmenteOrdenados;po200.txt;0.000034
parcialmenteOrdenados;po200.txt;0.000032
parcialmenteOrdenados;po200.txt;0.000035
parcialmenteOrdenados;po200.txt;0.000035
parcialmenteOrdenados;po200.txt;0.000035
parcialmenteOrdenados;po200.txt;0.000033
parcialmenteOrdenados;po200.txt;0.000042
parcialmenteOrdenados;po200.txt;0.000035
parcialmenteOrdenados;po200.txt;0.000034
parcialmenteOrdenados;po200.txt;0.000039
parcialmenteOrdenados;po200.txt;0.000034
parcialmenteOrdenados;po200.txt;0.000035
parcialmenteOrdenados;po200.txt;0.000035
parcialmenteOrdenados;po200.txt;0.000036
parcialmenteOrdenados;po200.txt;0.000033
parcialmenteOrdenados;po200.txt;0.000040
parcialmenteOrdenados;po200.txt;0.000033
parcialmenteOrdenados;po200.txt;0.000035
parcialmenteOrdenados;po200.txt;0.000039
parcialmenteOrdenados;po200.txt;0.000033
parcialmenteOrdenados;po200.txt;0.000032
parcialmenteOrdenados;po200.txt;0.000033
parcialmenteOrdenados;po200.txt;0.000035
parcialmenteOrdenados;po200.txt;0.000036
parcialmenteOrdenados;po200.txt;0.000034
parcialmenteOrdenados;po200.txt;0.000032
parcialmenteOrdenados;po200.txt;0.000039
parcialmenteOrdenados;po200.txt;0.000035
parcialmenteOrdenados;po200.txt;0.000034
parcialmenteOrdenados;po500.txt;0.000057
parcialmenteOrdenados;po500.txt;0.000054
parcialmenteOrdenados;po500.txt;0.000055
parcialmenteOrdenados;po500.txt;0.000055
parcialmenteOrdenados;po500.txt;0.000056
parcialmenteOrdenados;po500.txt;0.000056
parcialmenteOrdenados;po500.txt;0.000053
parcialmenteOrdenados;po500.txt;0.000055
parcialmenteOrdenados;po500.txt;0.000055
parcialmenteOrdenados;po500.txt;0.000056
parcialmenteOrdenados;po500.txt;0.000056
parcialmenteOrdenados;po500.txt;0.000055
parcialmenteOrdenados;po500.txt;0.000053
parcialmenteOrdenados;po500.txt;0.000056
parcialmenteOrdenados;po500.txt;0.000053
parcialmenteOrdenados;po500.txt;0.000056
parcialmenteOrdenados;po500.txt;0.000055
parcialmenteOrdenados;po500.txt;0.000057
parcialmenteOrdenados;po500.txt;0.000057
parcialmenteOrdenados;po500.txt;0.000055
parcialmenteOrdenados;po500.txt;0.000057
parcialmenteOrdenados;po500.txt;0.000055
parcialmenteOrdenados;po500.txt;0.000055
parcialmenteOrdenados;po500.txt;0.000054
parcialmenteOrdenados;po500.txt;0.000053
parcialmenteOrdenados;po500.txt;0.000053
parcialmenteOrdenados;po500.txt;0.000061
parcialmenteOrdenados;po500.txt;0.000053
parcialmenteOrdenados;po500.txt;0.000053
parcialmenteOrdenados;po500.txt;0.000056
parcialmenteOrdenados;po1000.txt;0.000076
parcialmenteOrdenados;po1000.txt;0.000077
parcialmenteOrdenados;po1000.txt;0.000075
parcialmenteOrdenados;po1000.txt;0.000077
parcialmenteOrdenados;po1000.txt;0.000086
parcialmenteOrdenados;po1000.txt;0.000080
parcialmenteOrdenados;po1000.txt;0.000076
parcialmenteOrdenados;po1000.txt;0.000076
parcialmenteOrdenados;po1000.txt;0.000077
parcialmenteOrdenados;po1000.txt;0.000076
parcialmenteOrdenados;po1000.txt;0.000078
parcialmenteOrdenados;po1000.txt;0.000078
parcialmenteOrdenados;po1000.txt;0.000076
parcialmenteOrdenados;po1000.txt;0.000078
parcialmenteOrdenados;po1000.txt;0.000083
parcialmenteOrdenados;po1000.txt;0.000081
parcialmenteOrdenados;po1000.txt;0.000076
parcialmenteOrdenados;po1000.txt;0.000079
parcialmenteOrdenados;po1000.txt;0.000080
parcialmenteOrdenados;po1000.txt;0.000073
parcialmenteOrdenados;po1000.txt;0.000078
parcialmenteOrdenados;po1000.txt;0.000077
parcialmenteOrdenados;po1000.txt;0.000077
parcialmenteOrdenados;po1000.txt;0.000076
parcialmenteOrdenados;po1000.txt;0.000076
parcialmenteOrdenados;po1000.txt;0.000081
parcialmenteOrdenados;po1000.txt;0.000077
parcialmenteOrdenados;po1000.txt;0.000075
parcialmenteOrdenados;po1000.txt;0.000078
parcialmenteOrdenados;po1000.txt;0.000080
parcialmenteOrdenados;po2000.txt;0.000119
parcialmenteOrdenados;po2000.txt;0.000588
parcialmenteOrdenados;po2000.txt;0.000118
parcialmenteOrdenados;po2000.txt;0.000116
parcialmenteOrdenados;po2000.txt;0.000124
parcialmenteOrdenados;po2000.txt;0.000131
parcialmenteOrdenados;po2000.txt;0.000118
parcialmenteOrdenados;po2000.txt;0.000613
parcialmenteOrdenados;po2000.txt;0.000127
parcialmenteOrdenados;po2000.txt;0.000122
parcialmenteOrdenados;po2000.txt;0.000119
parcialmenteOrdenados;po2000.txt;0.000119
parcialmenteOrdenados;po2000.txt;0.000119
parcialmenteOrdenados;po2000.txt;0.000790
parcialmenteOrdenados;po2000.txt;0.000624
parcialmenteOrdenados;po2000.txt;0.000573
parcialmenteOrdenados;po2000.txt;0.000123
parcialmenteOrdenados;po2000.txt;0.000125
parcialmenteOrdenados;po2000.txt;0.000738
parcialmenteOrdenados;po2000.txt;0.000118
parcialmenteOrdenados;po2000.txt;0.000618
parcialmenteOrdenados;po2000.txt;0.000594
parcialmenteOrdenados;po2000.txt;0.000553
parcialmenteOrdenados;po2000.txt;0.000558
parcialmenteOrdenados;po2000.txt;0.000706
parcialmenteOrdenados;po2000.txt;0.000125
parcialmenteOrdenados;po2000.txt;0.000583
parcialmenteOrdenados;po2000.txt;0.000123
parcialmenteOrdenados;po2000.txt;0.000576
parcialmenteOrdenados;po2000.txt;0.000119
parcialmenteOrdenados;po5000.txt;0.000143
parcialmenteOrdenados;po5000.txt;0.000150
parcialmenteOrdenados;po5000.txt;0.000141
parcialmenteOrdenados;po5000.txt;0.000146
parcialmenteOrdenados;po5000.txt;0.000155
parcialmenteOrdenados;po5000.txt;0.000145
parcialmenteOrdenados;po5000.txt;0.000145
parcialmenteOrdenados;po5000.txt;0.000151
parcialmenteOrdenados;po5000.txt;0.000144
parcialmenteOrdenados;po5000.txt;0.000144
parcialmenteOrdenados;po5000.txt;0.000145
parcialmenteOrdenados;po5000.txt;0.000143
parcialmenteOrdenados;po5000.txt;0.000143
parcialmenteOrdenados;po5000.txt;0.000144
parcialmenteOrdenados;po5000.txt;0.000143
parcialmenteOrdenados;po5000.txt;0.000147
parcialmenteOrdenados;po5000.txt;0.000141
parcialmenteOrdenados;po5000.txt;0.000149
parcialmenteOrdenados;po5000.txt;0.000155
parcialmenteOrdenados;po5000.txt;0.000143
parcialmenteOrdenados;po5000.txt;0.000154
parcialmenteOrdenados;po5000.txt;0.000148
parcialmenteOrdenados;po5000.txt;0.000152
parcialmenteOrdenados;po5000.txt;0.000151
parcialmenteOrdenados;po5000.txt;0.000145
parcialmenteOrdenados;po5000.txt;0.000148
parcialmenteOrdenados;po5000.txt;0.000148
parcialmenteOrdenados;po5000.txt;0.000148
parcialmenteOrdenados;po5000.txt;0.000142
parcialmenteOrdenados;po5000.txt;0.000145
parcialmenteOrdenados;po7500.txt;0.000203
parcialmenteOrdenados;po7500.txt;0.000198
parcialmenteOrdenados;po7500.txt;0.000200
parcialmenteOrdenados;po7500.txt;0.000203
parcialmenteOrdenados;po7500.txt;0.000197
parcialmenteOrdenados;po7500.txt;0.000196
parcialmenteOrdenados;po7500.txt;0.000206
parcialmenteOrdenados;po7500.txt;0.000199
parcialmenteOrdenados;po7500.txt;0.000200
parcialmenteOrdenados;po7500.txt;0.000201
parcialmenteOrdenados;po7500.txt;0.000204
parcialmenteOrdenados;po7500.txt;0.000206
parcialmenteOrdenados;po7500.txt;0.000200
parcialmenteOrdenados;po7500.txt;0.000199
parcialmenteOrdenados;po7500.txt;0.000196
parcialmenteOrdenados;po7500.txt;0.000206
parcialmenteOrdenados;po7500.txt;0.000203
parcialmenteOrdenados;po7500.txt;0.000233
parcialmenteOrdenados;po7500.txt;0.000201
parcialmenteOrdenados;po7500.txt;0.000195
parcialmenteOrdenados;po7500.txt;0.000197
parcialmenteOrdenados;po7500.txt;0.000201
parcialmenteOrdenados;po7500.txt;0.000196
parcialmenteOrdenados;po7500.txt;0.000211
parcialmenteOrdenados;po7500.txt;0.000202
parcialmenteOrdenados;po7500.txt;0.000198
parcialmenteOrdenados;po7500.txt;0.000201
parcialmenteOrdenados;po7500.txt;0.000200
parcialmenteOrdenados;po7500.txt;0.000196
parcialmenteOrdenados;po7500.txt;0.000213
parcialmenteOrdenados;po10000.txt;0.000286
parcialmenteOrdenados;po10000.txt;0.000288
parcialmenteOrdenados;po10000.txt;0.000281
parcialmenteOrdenados;po10000.txt;0.000281
parcialmenteOrdenados;po10000.txt;0.000291
parcialmenteOrdenados;po10000.txt;0.000284
parcialmenteOrdenados;po10000.txt;0.000280
parcialmenteOrdenados;po10000.txt;0.000284
parcialmenteOrdenados;po10000.txt;0.000281
parcialmenteOrdenados;po10000.txt;0.000282
parcialmenteOrdenados;po10000.txt;0.000289
parcialmenteOrdenados;po10000.txt;0.000344
parcialmenteOrdenados;po10000.txt;0.000286
parcialmenteOrdenados;po10000.txt;0.000283
parcialmenteOrdenados;po10000.txt;0.000283
parcialmenteOrdenados;po10000.txt;0.000300
parcialmenteOrdenados;po10000.txt;0.000284
parcialmenteOrdenados;po10000.txt;0.000283
parcialmenteOrdenados;po10000.txt;0.000287
parcialmenteOrdenados;po10000.txt;0.000295
parcialmenteOrdenados;po10000.txt;0.000291
parcialmenteOrdenados;po10000.txt;0.000284
parcialmenteOrdenados;po10000.txt;0.000287
parcialmenteOrdenados;po10000.txt;0.000280
parcialmenteOrdenados;po10000.txt;0.000290
parcialmenteOrdenados;po10000.txt;0.000289
parcialmenteOrdenados;po10000.txt;0.000278
parcialmenteOrdenados;po10000.txt;0.000284
parcialmenteOrdenados;po10000.txt;0.000286
parcialmenteOrdenados;po10000.txt;0.000292
parcialmenteOrdenados;po15000.txt;0.000404
parcialmenteOrdenados;po15000.txt;0.000549
parcialmenteOrdenados;po15000.txt;0.000440
parcialmenteOrdenados;po15000.txt;0.000432
parcialmenteOrdenados;po15000.txt;0.000415
parcialmenteOrdenados;po15000.txt;0.000415
parcialmenteOrdenados;po15000.txt;0.000448
parcialmenteOrdenados;po15000.txt;0.000413
parcialmenteOrdenados;po15000.txt;0.000407
parcialmenteOrdenados;po15000.txt;0.000407
parcialmenteOrdenados;po15000.txt;0.000409
parcialmenteOrdenados;po15000.txt;0.000406
parcialmenteOrdenados;po15000.txt;0.000415
parcialmenteOrdenados;po15000.txt;0.000402
parcialmenteOrdenados;po15000.txt;0.000420
parcialmenteOrdenados;po15000.txt;0.000418
parcialmenteOrdenados;po15000.txt;0.000403
parcialmenteOrdenados;po15000.txt;0.000465
parcialmenteOrdenados;po15000.txt;0.000410
parcialmenteOrdenados;po15000.txt;0.000444
parcialmenteOrdenados;po15000.txt;0.000450
parcialmenteOrdenados;po15000.txt;0.000411
parcialmenteOrdenados;po15000.txt;0.000415
parcialmenteOrdenados;po15000.txt;0.000443
parcialmenteOrdenados;po15000.txt;0.000421
parcialmenteOrdenados;po15000.txt;0.000456
parcialmenteOrdenados;po15000.txt;0.000450
parcialmenteOrdenados;po15000.txt;0.000433
parcialmenteOrdenados;po15000.txt;0.000414
parcialmenteOrdenados;po15000.txt;0.000411
parcialmenteOrdenados;po30000.txt;0.000809
parcialmenteOrdenados;po30000.txt;0.000756
parcialmenteOrdenados;po30000.txt;0.000768
parcialmenteOrdenados;po30000.txt;0.000753
parcialmenteOrdenados;po30000.txt;0.000776
parcialmenteOrdenados;po30000.txt;0.000823
parcialmenteOrdenados;po30000.txt;0.000753
parcialmenteOrdenados;po30000.txt;0.000769
parcialmenteOrdenados;po30000.txt;0.000764
parcialmenteOrdenados;po30000.txt;0.000760
parcialmenteOrdenados;po30000.txt;0.000752
parcialmenteOrdenados;po30000.txt;0.000751
parcialmenteOrdenados;po30000.txt;0.000757
parcialmenteOrdenados;po30000.txt;0.000758
parcialmenteOrdenados;po30000.txt;0.000752
parcialmenteOrdenados;po30000.txt;0.000751
parcialmenteOrdenados;po30000.txt;0.000788
parcialmenteOrdenados;po30000.txt;0.000759
parcialmenteOrdenados;po30000.txt;0.000793
parcialmenteOrdenados;po30000.txt;0.000765
parcialmenteOrdenados;po30000.txt;0.000784
parcialmenteOrdenados;po30000.txt;0.000770
parcialmenteOrdenados;po30000.txt;0.000757
parcialmenteOrdenados;po30000.txt;0.000764
parcialmenteOrdenados;po30000.txt;0.000772
parcialmenteOrdenados;po30000.txt;0.000777
parcialmenteOrdenados;po30000.txt;0.000761
parcialmenteOrdenados;po30000.txt;0.000760
parcialmenteOrdenados;po30000.txt;0.000753
parcialmenteOrdenados;po30000.txt;0.000854
parcialmenteOrdenados;po50000.txt;0.002610
parcialmenteOrdenados;po50000.txt;0.002508
parcialmenteOrdenados;po50000.txt;0.001118
parcialmenteOrdenados;po50000.txt;0.001136
parcialmenteOrdenados;po50000.txt;0.002508
parcialmenteOrdenados;po50000.txt;0.002786
parcialmenteOrdenados;po50000.txt;0.001133
parcialmenteOrdenados;po50000.txt;0.002659
parcialmenteOrdenados;po50000.txt;0.002734
parcialmenteOrdenados;po50000.txt;0.002744
parcialmenteOrdenados;po50000.txt;0.002572
parcialmenteOrdenados;po50000.txt;0.003176
parcialmenteOrdenados;po50000.txt;0.002510
parcialmenteOrdenados;po50000.txt;0.003020
parcialmenteOrdenados;po50000.txt;0.002674
parcialmenteOrdenados;po50000.txt;0.001117
parcialmenteOrdenados;po50000.txt;0.001116
parcialmenteOrdenados;po50000.txt;0.001126
parcialmenteOrdenados;po50000.txt;0.002574
parcialmenteOrdenados;po50000.txt;0.002985
parcialmenteOrdenados;po50000.txt;0.002819
parcialmenteOrdenados;po50000.txt;0.002882
parcialmenteOrdenados;po50000.txt;0.002540
parcialmenteOrdenados;po50000.txt;0.003357
parcialmenteOrdenados;po50000.txt;0.001125
parcialmenteOrdenados;po50000.txt;0.002797
parcialmenteOrdenados;po50000.txt;0.002698
parcialmenteOrdenados;po50000.txt;0.001137
parcialmenteOrdenados;po50000.txt;0.002528
parcialmenteOrdenados;po50000.txt;0.002630
parcialmenteOrdenados;po75000.txt;0.001424
parcialmenteOrdenados;po75000.txt;0.001444
parcialmenteOrdenados;po75000.txt;0.001505
parcialmenteOrdenados;po75000.txt;0.001429
parcialmenteOrdenados;po75000.txt;0.001404
parcialmenteOrdenados;po75000.txt;0.001494
parcialmenteOrdenados;po75000.txt;0.001443
parcialmenteOrdenados;po75000.txt;0.001446
parcialmenteOrdenados;po75000.txt;0.001447
parcialmenteOrdenados;po75000.txt;0.001438
parcialmenteOrdenados;po75000.txt;0.001359
parcialmenteOrdenados;po75000.txt;0.001363
parcialmenteOrdenados;po75000.txt;0.001479
parcialmenteOrdenados;po75000.txt;0.001454
parcialmenteOrdenados;po75000.txt;0.001519
parcialmenteOrdenados;po75000.txt;0.001337
parcialmenteOrdenados;po75000.txt;0.001474
parcialmenteOrdenados;po75000.txt;0.001524
parcialmenteOrdenados;po75000.txt;0.001632
parcialmenteOrdenados;po75000.txt;0.001499
parcialmenteOrdenados;po75000.txt;0.001625
parcialmenteOrdenados;po75000.txt;0.001347
parcialmenteOrdenados;po75000.txt;0.001362
parcialmenteOrdenados;po75000.txt;0.001425
parcialmenteOrdenados;po75000.txt;0.001509
parcialmenteOrdenados;po75000.txt;0.001539
parcialmenteOrdenados;po75000.txt;0.001411
parcialmenteOrdenados;po75000.txt;0.001543
parcialmenteOrdenados;po75000.txt;0.001453
parcialmenteOrdenados;po75000.txt;0.001490
parcialmenteOrdenados;po100000.txt;0.001844
parcialmenteOrdenados;po100000.txt;0.001835
parcialmenteOrdenados;po100000.txt;0.001892
parcialmenteOrdenados;po100000.txt;0.001904
parcialmenteOrdenados;po100000.txt;0.001880
parcialmenteOrdenados;po100000.txt;0.001956
parcialmenteOrdenados;po100000.txt;0.002026
parcialmenteOrdenados;po100000.txt;0.001845
parcialmenteOrdenados;po100000.txt;0.001843
parcialmenteOrdenados;po100000.txt;0.001854
parcialmenteOrdenados;po100000.txt;0.001885
parcialmenteOrdenados;po100000.txt;0.001861
parcialmenteOrdenados;po100000.txt;0.002000
parcialmenteOrdenados;po100000.txt;0.001881
parcialmenteOrdenados;po100000.txt;0.001867
parcialmenteOrdenados;po100000.txt;0.001930
parcialmenteOrdenados;po100000.txt;0.002067
parcialmenteOrdenados;po100000.txt;0.001856
parcialmenteOrdenados;po100000.txt;0.001827
parcialmenteOrdenados;po100000.txt;0.002041
parcialmenteOrdenados;po100000.txt;0.001923
parcialmenteOrdenados;po100000.txt;0.001883
parcialmenteOrdenados;po100000.txt;0.001905
parcialmenteOrdenados;po100000.txt;0.001902
parcialmenteOrdenados;po100000.txt;0.001923
parcialmenteOrdenados;po100000.txt;0.001796
parcialmenteOrdenados;po100000.txt;0.001977
parcialmenteOrdenados;po100000.txt;0.001837
parcialmenteOrdenados;po100000.txt;0.001902
parcialmenteOrdenados;po100000.txt;0.002397
parcialmenteOrdenados;po200000.txt;0.003027
parcialmenteOrdenados;po200000.txt;0.003091
parcialmenteOrdenados;po200000.txt;0.003215
parcialmenteOrdenados;po200000.txt;0.003226
parcialmenteOrdenados;po200000.txt;0.003497
parcialmenteOrdenados;po200000.txt;0.003216
parcialmenteOrdenados;po200000.txt;0.003294
parcialmenteOrdenados;po200000.txt;0.003154
parcialmenteOrdenados;po200000.txt;0.003052
parcialmenteOrdenados;po200000.txt;0.003270
parcialmenteOrdenados;po200000.txt;0.003096
parcialmenteOrdenados;po200000.txt;0.003059
parcialmenteOrdenados;po200000.txt;0.003038
parcialmenteOrdenados;po200000.txt;0.003263
parcialmenteOrdenados;po200000.txt;0.003408
parcialmenteOrdenados;po200000.txt;0.003087
parcialmenteOrdenados;po200000.txt;0.003156
parcialmenteOrdenados;po200000.txt;0.002951
parcialmenteOrdenados;po200000.txt;0.003205
parcialmenteOrdenados;po200000.txt;0.003217
parcialmenteOrdenados;po200000.txt;0.003063
parcialmenteOrdenados;po200000.txt;0.003052
parcialmenteOrdenados;po200000.txt;0.003225
parcialmenteOrdenados;po200000.txt;0.003107
parcialmenteOrdenados;po200000.txt;0.003100
parcialmenteOrdenados;po200000.txt;0.003051
parcialmenteOrdenados;po200000.txt;0.003142
parcialmenteOrdenados;po200000.txt;0.003108
parcialmenteOrdenados;po200000.txt;0.003046
parcialmenteOrdenados;po200000.txt;0.003079
parcialmenteOrdenados;po500000.txt;0.007009
parcialmenteOrdenados;po500000.txt;0.007326
parcialmenteOrdenados;po500000.txt;0.007028
parcialmenteOrdenados;po500000.txt;0.007200
parcialmenteOrdenados;po500000.txt;0.006729
parcialmenteOrdenados;po500000.txt;0.006971
parcialmenteOrdenados;po500000.txt;0.007127
parcialmenteOrdenados;po500000.txt;0.006874
parcialmenteOrdenados;po500000.txt;0.007272
parcialmenteOrdenados;po500000.txt;0.006874
parcialmenteOrdenados;po500000.txt;0.006763
parcialmenteOrdenados;po500000.txt;0.006738
parcialmenteOrdenados;po500000.txt;0.007157
parcialmenteOrdenados;po500000.txt;0.006651
parcialmenteOrdenados;po500000.txt;0.006831
parcialmenteOrdenados;po500000.txt;0.006986
parcialmenteOrdenados;po500000.txt;0.007254
parcialmenteOrdenados;po500000.txt;0.007067
parcialmenteOrdenados;po500000.txt;0.007352
parcialmenteOrdenados;po500000.txt;0.006827
parcialmenteOrdenados;po500000.txt;0.006682
parcialmenteOrdenados;po500000.txt;0.006607
parcialmenteOrdenados;po500000.txt;0.006891
parcialmenteOrdenados;po500000.txt;0.007129
parcialmenteOrdenados;po500000.txt;0.007432
parcialmenteOrdenados;po500000.txt;0.006699
parcialmenteOrdenados;po500000.txt;0.007261
parcialmenteOrdenados;po500000.txt;0.007215
parcialmenteOrdenados;po500000.txt;0.007085
parcialmenteOrdenados;po500000.txt;0.006669
parcialmenteOrdenados;po750000.txt;0.010253
parcialmenteOrdenados;po750000.txt;0.009960
parcialmenteOrdenados;po750000.txt;0.009713
parcialmenteOrdenados;po750000.txt;0.009409
parcialmenteOrdenados;po750000.txt;0.009747
parcialmenteOrdenados;po750000.txt;0.010228
parcialmenteOrdenados;po750000.txt;0.009712
parcialmenteOrdenados;po750000.txt;0.009249
parcialmenteOrdenados;po750000.txt;0.009701
parcialmenteOrdenados;po750000.txt;0.009672
parcialmenteOrdenados;po750000.txt;0.010319
parcialmenteOrdenados;po750000.txt;0.010085
parcialmenteOrdenados;po750000.txt;0.010262
parcialmenteOrdenados;po750000.txt;0.009671
parcialmenteOrdenados;po750000.txt;0.010564
parcialmenteOrdenados;po750000.txt;0.010430
parcialmenteOrdenados;po750000.txt;0.009857
parcialmenteOrdenados;po750000.txt;0.009843
parcialmenteOrdenados;po750000.txt;0.010249
parcialmenteOrdenados;po750000.txt;0.010205
parcialmenteOrdenados;po750000.txt;0.010417
parcialmenteOrdenados;po750000.txt;0.009948
parcialmenteOrdenados;po750000.txt;0.010032
parcialmenteOrdenados;po750000.txt;0.010150
parcialmenteOrdenados;po750000.txt;0.009817
parcialmenteOrdenados;po750000.txt;0.009847
parcialmenteOrdenados;po750000.txt;0.009775
parcialmenteOrdenados;po750000.txt;0.010542
parcialmenteOrdenados;po750000.txt;0.010750
parcialmenteOrdenados;po750000.txt;0.009950
parcialmenteOrdenados;po1000000.txt;0.012466
parcialmenteOrdenados;po1000000.txt;0.012539
parcialmenteOrdenados;po1000000.txt;0.013538
parcialmenteOrdenados;po1000000.txt;0.013461
parcialmenteOrdenados;po1000000.txt;0.013259
parcialmenteOrdenados;po1000000.txt;0.012974
parcialmenteOrdenados;po1000000.txt;0.013019
parcialmenteOrdenados;po1000000.txt;0.013336
parcialmenteOrdenados;po1000000.txt;0.012972
parcialmenteOrdenados;po1000000.txt;0.013294
parcialmenteOrdenados;po1000000.txt;0.012652
parcialmenteOrdenados;po1000000.txt;0.012750
parcialmenteOrdenados;po1000000.txt;0.013369
parcialmenteOrdenados;po1000000.txt;0.013379
parcialmenteOrdenados;po1000000.txt;0.013667
parcialmenteOrdenados;po1000000.txt;0.013797
parcialmenteOrdenados;po1000000.txt;0.012973
parcialmenteOrdenados;po1000000.txt;0.013567
parcialmenteOrdenados;po1000000.txt;0.013673
parcialmenteOrdenados;po1000000.txt;0.013195
parcialmenteOrdenados;po1000000.txt;0.013131
parcialmenteOrdenados;po1000000.txt;0.013493
parcialmenteOrdenados;po1000000.txt;0.013448
parcialmenteOrdenados;po1000000.txt;0.012750
parcialmenteOrdenados;po1000000.txt;0.013360
parcialmenteOrdenados;po1000000.txt;0.013342
parcialmenteOrdenados;po1000000.txt;0.013206
parcialmenteOrdenados;po1000000.txt;0.013051
parcialmenteOrdenados;po1000000.txt;0.013022
parcialmenteOrdenados;po1000000.txt;0.012905
parcialmenteOrdenados;po1250000.txt;0.016062
parcialmenteOrdenados;po1250000.txt;0.016696
parcialmenteOrdenados;po1250000.txt;0.016690
parcialmenteOrdenados;po1250000.txt;0.015806
parcialmenteOrdenados;po1250000.txt;0.016952
parcialmenteOrdenados;po1250000.txt;0.016511
parcialmenteOrdenados;po1250000.txt;0.017136
parcialmenteOrdenados;po1250000.txt;0.016093
parcialmenteOrdenados;po1250000.txt;0.016626
parcialmenteOrdenados;po1250000.txt;0.017103
parcialmenteOrdenados;po1250000.txt;0.016581
parcialmenteOrdenados;po1250000.txt;0.015346
parcialmenteOrdenados;po1250000.txt;0.016858
parcialmenteOrdenados;po1250000.txt;0.015709
parcialmenteOrdenados;po1250000.txt;0.016892
parcialmenteOrdenados;po1250000.txt;0.016324
parcialmenteOrdenados;po1250000.txt;0.016160
parcialmenteOrdenados;po1250000.txt;0.016235
parcialmenteOrdenados;po1250000.txt;0.015550
parcialmenteOrdenados;po1250000.txt;0.016765
parcialmenteOrdenados;po1250000.txt;0.016339
parcialmenteOrdenados;po1250000.txt;0.015565
parcialmenteOrdenados;po1250000.txt;0.016162
parcialmenteOrdenados;po1250000.txt;0.016509
parcialmenteOrdenados;po1250000.txt;0.016099
parcialmenteOrdenados;po1250000.txt;0.015828
parcialmenteOrdenados;po1250000.txt;0.015155
parcialmenteOrdenados;po1250000.txt;0.015590
parcialmenteOrdenados;po1250000.txt;0.016504
parcialmenteOrdenados;po1250000.txt;0.015452
parcialmenteOrdenados;po1500000.txt;0.019491
parcialmenteOrdenados;po1500000.txt;0.019002
parcialmenteOrdenados;po1500000.txt;0.018424
parcialmenteOrdenados;po1500000.txt;0.019115
parcialmenteOrdenados;po1500000.txt;0.019559
parcialmenteOrdenados;po1500000.txt;0.019499
parcialmenteOrdenados;po1500000.txt;0.017756
parcialmenteOrdenados;po1500000.txt;0.018462
parcialmenteOrdenados;po1500000.txt;0.018917
parcialmenteOrdenados;po1500000.txt;0.019672
parcialmenteOrdenados;po1500000.txt;0.019112
parcialmenteOrdenados;po1500000.txt;0.017844
parcialmenteOrdenados;po1500000.txt;0.019042
parcialmenteOrdenados;po1500000.txt;0.018226
parcialmenteOrdenados;po1500000.txt;0.018931
parcialmenteOrdenados;po1500000.txt;0.019143
parcialmenteOrdenados;po1500000.txt;0.019155
parcialmenteOrdenados;po1500000.txt;0.018077
parcialmenteOrdenados;po1500000.txt;0.019177
parcialmenteOrdenados;po1500000.txt;0.019220
parcialmenteOrdenados;po1500000.txt;0.018489
parcialmenteOrdenados;po1500000.txt;0.019086
parcialmenteOrdenados;po1500000.txt;0.019458
parcialmenteOrdenados;po1500000.txt;0.019242
parcialmenteOrdenados;po1500000.txt;0.018301
parcialmenteOrdenados;po1500000.txt;0.018873
parcialmenteOrdenados;po1500000.txt;0.018172
parcialmenteOrdenados;po1500000.txt;0.020214
parcialmenteOrdenados;po1500000.txt;0.019303
parcialmenteOrdenados;po1500000.txt;0.019454
parcialmenteOrdenados;po2000000.txt;0.023771
parcialmenteOrdenados;po2000000.txt;0.024427
parcialmenteOrdenados;po2000000.txt;0.025431
parcialmenteOrdenados;po2000000.txt;0.024577
parcialmenteOrdenados;po2000000.txt;0.024147
parcialmenteOrdenados;po2000000.txt;0.025274
parcialmenteOrdenados;po2000000.txt;0.024054
parcialmenteOrdenados;po2000000.txt;0.024974
parcialmenteOrdenados;po2000000.txt;0.024193
parcialmenteOrdenados;po2000000.txt;0.024610
parcialmenteOrdenados;po2000000.txt;0.026075
parcialmenteOrdenados;po2000000.txt;0.024098
parcialmenteOrdenados;po2000000.txt;0.025791
parcialmenteOrdenados;po2000000.txt;0.024489
parcialmenteOrdenados;po2000000.txt;0.025009
parcialmenteOrdenados;po2000000.txt;0.025871
parcialmenteOrdenados;po2000000.txt;0.024905
parcialmenteOrdenados;po2000000.txt;0.024616
parcialmenteOrdenados;po2000000.txt;0.025730
parcialmenteOrdenados;po2000000.txt;0.023960
parcialmenteOrdenados;po2000000.txt;0.024624
parcialmenteOrdenados;po2000000.txt;0.024190
parcialmenteOrdenados;po2000000.txt;0.025120
parcialmenteOrdenados;po2000000.txt;0.024017
parcialmenteOrdenados;po2000000.txt;0.025840
parcialmenteOrdenados;po2000000.txt;0.025421
parcialmenteOrdenados;po2000000.txt;0.023845
parcialmenteOrdenados;po2000000.txt;0.025098
parcialmenteOrdenados;po2000000.txt;0.023981
parcialmenteOrdenados;po2000000.txt;0.025491
