parcialmenteOrdenados;po100.txt;0,000209
parcialmenteOrdenados;po100.txt;0,000363
parcialmenteOrdenados;po100.txt;0,000200
parcialmenteOrdenados;po100.txt;0,000207
parcialmenteOrdenados;po100.txt;0,000193
parcialmenteOrdenados;po100.txt;0,000200
parcialmenteOrdenados;po100.txt;0,000203
parcialmenteOrdenados;po100.txt;0,000194
parcialmenteOrdenados;po100.txt;0,000208
parcialmenteOrdenados;po100.txt;0,000190
parcialmenteOrdenados;po100.txt;0,000286
parcialmenteOrdenados;po100.txt;0,000195
parcialmenteOrdenados;po100.txt;0,000206
parcialmenteOrdenados;po100.txt;0,000204
parcialmenteOrdenados;po100.txt;0,000201
parcialmenteOrdenados;po100.txt;0,000207
parcialmenteOrdenados;po100.txt;0,000194
parcialmenteOrdenados;po100.txt;0,000201
parcialmenteOrdenados;po100.txt;0,000214
parcialmenteOrdenados;po100.txt;0,000194
parcialmenteOrdenados;po100.txt;0,000191
parcialmenteOrdenados;po100.txt;0,000206
parcialmenteOrdenados;po100.txt;0,000199
parcialmenteOrdenados;po100.txt;0,000194
parcialmenteOrdenados;po100.txt;0,000210
parcialmenteOrdenados;po100.txt;0,000194
parcialmenteOrdenados;po100.txt;0,000201
parcialmenteOrdenados;po100.txt;0,000213
parcialmenteOrdenados;po100.txt;0,000334
parcialmenteOrdenados;po100.txt;0,000192
parcialmenteOrdenados;po200.txt;0,000203
parcialmenteOrdenados;po200.txt;0,000210
parcialmenteOrdenados;po200.txt;0,000210
parcialmenteOrdenados;po200.txt;0,000208
parcialmenteOrdenados;po200.txt;0,000208
parcialmenteOrdenados;po200.txt;0,000235
parcialmenteOrdenados;po200.txt;0,000199
parcialmenteOrdenados;po200.txt;0,000202
parcialmenteOrdenados;po200.txt;0,000204
parcialmenteOrdenados;po200.txt;0,000207
parcialmenteOrdenados;po200.txt;0,000204
parcialmenteOrdenados;po200.txt;0,000207
parcialmenteOrdenados;po200.txt;0,000204
parcialmenteOrdenados;po200.txt;0,000207
parcialmenteOrdenados;po200.txt;0,000208
parcialmenteOrdenados;po200.txt;0,000230
parcialmenteOrdenados;po200.txt;0,000217
parcialmenteOrdenados;po200.txt;0,000205
parcialmenteOrdenados;po200.txt;0,000212
parcialmenteOrdenados;po200.txt;0,000209
parcialmenteOrdenados;po200.txt;0,000208
parcialmenteOrdenados;po200.txt;0,000203
parcialmenteOrdenados;po200.txt;0,000232
parcialmenteOrdenados;po200.txt;0,000202
parcialmenteOrdenados;po200.txt;0,000208
parcialmenteOrdenados;po200.txt;0,000206
parcialmenteOrdenados;po200.txt;0,000206
parcialmenteOrdenados;po200.txt;0,000207
parcialmenteOrdenados;po200.txt;0,000209
parcialmenteOrdenados;po200.txt;0,000311
parcialmenteOrdenados;po500.txt;0,000260
parcialmenteOrdenados;po500.txt;0,000239
parcialmenteOrdenados;po500.txt;0,000270
parcialmenteOrdenados;po500.txt;0,000265
parcialmenteOrdenados;po500.txt;0,000268
parcialmenteOrdenados;po500.txt;0,000270
parcialmenteOrdenados;po500.txt;0,000353
parcialmenteOrdenados;po500.txt;0,000247
parcialmenteOrdenados;po500.txt;0,000266
parcialmenteOrdenados;po500.txt;0,000247
parcialmenteOrdenados;po500.txt;0,000271
parcialmenteOrdenados;po500.txt;0,000248
parcialmenteOrdenados;po500.txt;0,000331
parcialmenteOrdenados;po500.txt;0,000266
parcialmenteOrdenados;po500.txt;0,000435
parcialmenteOrdenados;po500.txt;0,000246
parcialmenteOrdenados;po500.txt;0,000259
parcialmenteOrdenados;po500.txt;0,000257
parcialmenteOrdenados;po500.txt;0,000237
parcialmenteOrdenados;po500.txt;0,000263
parcialmenteOrdenados;po500.txt;0,000247
parcialmenteOrdenados;po500.txt;0,000286
parcialmenteOrdenados;po500.txt;0,000318
parcialmenteOrdenados;po500.txt;0,000252
parcialmenteOrdenados;po500.txt;0,000241
parcialmenteOrdenados;po500.txt;0,000267
parcialmenteOrdenados;po500.txt;0,000291
parcialmenteOrdenados;po500.txt;0,000254
parcialmenteOrdenados;po500.txt;0,000334
parcialmenteOrdenados;po500.txt;0,000233
parcialmenteOrdenados;po1000.txt;0,000394
parcialmenteOrdenados;po1000.txt;0,000293
parcialmenteOrdenados;po1000.txt;0,000315
parcialmenteOrdenados;po1000.txt;0,000429
parcialmenteOrdenados;po1000.txt;0,000380
parcialmenteOrdenados;po1000.txt;0,000296
parcialmenteOrdenados;po1000.txt;0,000400
parcialmenteOrdenados;po1000.txt;0,000306
parcialmenteOrdenados;po1000.txt;0,000330
parcialmenteOrdenados;po1000.txt;0,000313
parcialmenteOrdenados;po1000.txt;0,000309
parcialmenteOrdenados;po1000.txt;0,000305
parcialmenteOrdenados;po1000.txt;0,000313
parcialmenteOrdenados;po1000.txt;0,000299
parcialmenteOrdenados;po1000.txt;0,000299
parcialmenteOrdenados;po1000.txt;0,000335
parcialmenteOrdenados;po1000.txt;0,000300
parcialmenteOrdenados;po1000.txt;0,000335
parcialmenteOrdenados;po1000.txt;0,000323
parcialmenteOrdenados;po1000.txt;0,000301
parcialmenteOrdenados;po1000.txt;0,000280
parcialmenteOrdenados;po1000.txt;0,000303
parcialmenteOrdenados;po1000.txt;0,000352
parcialmenteOrdenados;po1000.txt;0,000300
parcialmenteOrdenados;po1000.txt;0,000362
parcialmenteOrdenados;po1000.txt;0,000313
parcialmenteOrdenados;po1000.txt;0,000302
parcialmenteOrdenados;po1000.txt;0,000288
parcialmenteOrdenados;po1000.txt;0,000306
parcialmenteOrdenados;po1000.txt;0,000300
parcialmenteOrdenados;po2000.txt;0,000514
parcialmenteOrdenados;po2000.txt;0,000556
parcialmenteOrdenados;po2000.txt;0,000433
parcialmenteOrdenados;po2000.txt;0,000371
parcialmenteOrdenados;po2000.txt;0,000380
parcialmenteOrdenados;po2000.txt;0,000374
parcialmenteOrdenados;po2000.txt;0,000364
parcialmenteOrdenados;po2000.txt;0,000390
parcialmenteOrdenados;po2000.txt;0,000362
parcialmenteOrdenados;po2000.txt;0,000378
parcialmenteOrdenados;po2000.txt;0,000371
parcialmenteOrdenados;po2000.txt;0,000400
parcialmenteOrdenados;po2000.txt;0,000364
parcialmenteOrdenados;po2000.txt;0,000375
parcialmenteOrdenados;po2000.txt;0,000374
parcialmenteOrdenados;po2000.txt;0,000373
parcialmenteOrdenados;po2000.txt;0,000425
parcialmenteOrdenados;po2000.txt;0,000364
parcialmenteOrdenados;po2000.txt;0,000490
parcialmenteOrdenados;po2000.txt;0,000370
parcialmenteOrdenados;po2000.txt;0,000367
parcialmenteOrdenados;po2000.txt;0,000380
parcialmenteOrdenados;po2000.txt;0,000375
parcialmenteOrdenados;po2000.txt;0,000439
parcialmenteOrdenados;po2000.txt;0,000368
parcialmenteOrdenados;po2000.txt;0,000526
parcialmenteOrdenados;po2000.txt;0,000381
parcialmenteOrdenados;po2000.txt;0,000367
parcialmenteOrdenados;po2000.txt;0,000366
parcialmenteOrdenados;po2000.txt;0,000368
parcialmenteOrdenados;po5000.txt;0,000640
parcialmenteOrdenados;po5000.txt;0,000629
parcialmenteOrdenados;po5000.txt;0,000622
parcialmenteOrdenados;po5000.txt;0,000623
parcialmenteOrdenados;po5000.txt;0,000625
parcialmenteOrdenados;po5000.txt;0,000624
parcialmenteOrdenados;po5000.txt;0,000626
parcialmenteOrdenados;po5000.txt;0,000627
parcialmenteOrdenados;po5000.txt;0,000620
parcialmenteOrdenados;po5000.txt;0,000629
parcialmenteOrdenados;po5000.txt;0,000629
parcialmenteOrdenados;po5000.txt;0,000643
parcialmenteOrdenados;po5000.txt;0,000630
parcialmenteOrdenados;po5000.txt;0,000626
parcialmenteOrdenados;po5000.txt;0,000651
parcialmenteOrdenados;po5000.txt;0,000625
parcialmenteOrdenados;po5000.txt;0,000635
parcialmenteOrdenados;po5000.txt;0,000621
parcialmenteOrdenados;po5000.txt;0,000640
parcialmenteOrdenados;po5000.txt;0,000625
parcialmenteOrdenados;po5000.txt;0,000648
parcialmenteOrdenados;po5000.txt;0,000628
parcialmenteOrdenados;po5000.txt;0,000639
parcialmenteOrdenados;po5000.txt;0,000631
parcialmenteOrdenados;po5000.txt;0,000640
parcialmenteOrdenados;po5000.txt;0,000630
parcialmenteOrdenados;po5000.txt;0,000629
parcialmenteOrdenados;po5000.txt;0,000628
parcialmenteOrdenados;po5000.txt;0,000638
parcialmenteOrdenados;po5000.txt;0,000625
parcialmenteOrdenados;po7500.txt;0,000944
parcialmenteOrdenados;po7500.txt;0,000928
parcialmenteOrdenados;po7500.txt;0,000934
parcialmenteOrdenados;po7500.txt;0,000926
parcialmenteOrdenados;po7500.txt;0,000927
parcialmenteOrdenados;po7500.txt;0,000934
parcialmenteOrdenados;po7500.txt;0,000956
parcialmenteOrdenados;po7500.txt;0,001248
parcialmenteOrdenados;po7500.txt;0,000939
parcialmenteOrdenados;po7500.txt;0,000957
parcialmenteOrdenados;po7500.txt;0,000947
parcialmenteOrdenados;po7500.txt;0,000931
parcialmenteOrdenados;po7500.txt;0,000946
parcialmenteOrdenados;po7500.txt;0,000937
parcialmenteOrdenados;po7500.txt;0,000944
parcialmenteOrdenados;po7500.txt;0,000932
parcialmenteOrdenados;po7500.txt;0,000932
parcialmenteOrdenados;po7500.txt;0,000974
parcialmenteOrdenados;po7500.txt;0,000969
parcialmenteOrdenados;po7500.txt;0,000943
parcialmenteOrdenados;po7500.txt;0,001053
parcialmenteOrdenados;po7500.txt;0,000962
parcialmenteOrdenados;po7500.txt;0,000937
parcialmenteOrdenados;po7500.txt;0,001048
parcialmenteOrdenados;po7500.txt;0,000930
parcialmenteOrdenados;po7500.txt;0,000929
parcialmenteOrdenados;po7500.txt;0,000946
parcialmenteOrdenados;po7500.txt;0,000934
parcialmenteOrdenados;po7500.txt;0,001002
parcialmenteOrdenados;po7500.txt;0,000932
parcialmenteOrdenados;po10000.txt;0,001043
parcialmenteOrdenados;po10000.txt;0,001042
parcialmenteOrdenados;po10000.txt;0,001092
parcialmenteOrdenados;po10000.txt;0,001033
parcialmenteOrdenados;po10000.txt;0,001022
parcialmenteOrdenados;po10000.txt;0,001083
parcialmenteOrdenados;po10000.txt;0,001001
parcialmenteOrdenados;po10000.txt;0,001023
parcialmenteOrdenados;po10000.txt;0,001122
parcialmenteOrdenados;po10000.txt;0,001030
parcialmenteOrdenados;po10000.txt;0,001005
parcialmenteOrdenados;po10000.txt;0,001050
parcialmenteOrdenados;po10000.txt;0,001022
parcialmenteOrdenados;po10000.txt;0,001036
parcialmenteOrdenados;po10000.txt;0,001012
parcialmenteOrdenados;po10000.txt;0,001074
parcialmenteOrdenados;po10000.txt;0,001002
parcialmenteOrdenados;po10000.txt;0,001032
parcialmenteOrdenados;po10000.txt;0,001063
parcialmenteOrdenados;po10000.txt;0,001010
parcialmenteOrdenados;po10000.txt;0,001038
parcialmenteOrdenados;po10000.txt;0,001044
parcialmenteOrdenados;po10000.txt;0,001020
parcialmenteOrdenados;po10000.txt;0,001006
parcialmenteOrdenados;po10000.txt;0,001045
parcialmenteOrdenados;po10000.txt;0,001164
parcialmenteOrdenados;po10000.txt;0,001000
parcialmenteOrdenados;po10000.txt;0,001010
parcialmenteOrdenados;po10000.txt;0,001032
parcialmenteOrdenados;po10000.txt;0,001009
parcialmenteOrdenados;po15000.txt;0,001457
parcialmenteOrdenados;po15000.txt;0,001586
parcialmenteOrdenados;po15000.txt;0,001449
parcialmenteOrdenados;po15000.txt;0,001509
parcialmenteOrdenados;po15000.txt;0,001507
parcialmenteOrdenados;po15000.txt;0,001456
parcialmenteOrdenados;po15000.txt;0,001472
parcialmenteOrdenados;po15000.txt;0,001548
parcialmenteOrdenados;po15000.txt;0,001560
parcialmenteOrdenados;po15000.txt;0,001636
parcialmenteOrdenados;po15000.txt;0,001712
parcialmenteOrdenados;po15000.txt;0,001560
parcialmenteOrdenados;po15000.txt;0,001470
parcialmenteOrdenados;po15000.txt;0,001478
parcialmenteOrdenados;po15000.txt;0,001485
parcialmenteOrdenados;po15000.txt;0,001841
parcialmenteOrdenados;po15000.txt;0,001479
parcialmenteOrdenados;po15000.txt;0,001463
parcialmenteOrdenados;po15000.txt;0,001479
parcialmenteOrdenados;po15000.txt;0,001503
parcialmenteOrdenados;po15000.txt;0,001509
parcialmenteOrdenados;po15000.txt;0,001507
parcialmenteOrdenados;po15000.txt;0,001486
parcialmenteOrdenados;po15000.txt;0,001483
parcialmenteOrdenados;po15000.txt;0,001523
parcialmenteOrdenados;po15000.txt;0,001477
parcialmenteOrdenados;po15000.txt;0,001457
parcialmenteOrdenados;po15000.txt;0,001438
parcialmenteOrdenados;po15000.txt;0,001455
parcialmenteOrdenados;po15000.txt;0,001460
parcialmenteOrdenados;po30000.txt;0,002092
parcialmenteOrdenados;po30000.txt;0,002216
parcialmenteOrdenados;po30000.txt;0,002123
parcialmenteOrdenados;po30000.txt;0,002118
parcialmenteOrdenados;po30000.txt;0,002104
parcialmenteOrdenados;po30000.txt;0,002137
parcialmenteOrdenados;po30000.txt;0,002138
parcialmenteOrdenados;po30000.txt;0,002142
parcialmenteOrdenados;po30000.txt;0,002158
parcialmenteOrdenados;po30000.txt;0,002119
parcialmenteOrdenados;po30000.txt;0,002112
parcialmenteOrdenados;po30000.txt;0,002557
parcialmenteOrdenados;po30000.txt;0,002568
parcialmenteOrdenados;po30000.txt;0,002096
parcialmenteOrdenados;po30000.txt;0,002137
parcialmenteOrdenados;po30000.txt;0,002127
parcialmenteOrdenados;po30000.txt;0,002107
parcialmenteOrdenados;po30000.txt;0,002255
parcialmenteOrdenados;po30000.txt;0,002112
parcialmenteOrdenados;po30000.txt;0,002159
parcialmenteOrdenados;po30000.txt;0,002131
parcialmenteOrdenados;po30000.txt;0,002134
parcialmenteOrdenados;po30000.txt;0,002120
parcialmenteOrdenados;po30000.txt;0,002145
parcialmenteOrdenados;po30000.txt;0,002110
parcialmenteOrdenados;po30000.txt;0,002153
parcialmenteOrdenados;po30000.txt;0,002156
parcialmenteOrdenados;po30000.txt;0,002145
parcialmenteOrdenados;po30000.txt;0,002079
parcialmenteOrdenados;po30000.txt;0,002087
parcialmenteOrdenados;po50000.txt;0,002499
parcialmenteOrdenados;po50000.txt;0,002622
parcialmenteOrdenados;po50000.txt;0,002436
parcialmenteOrdenados;po50000.txt;0,002544
parcialmenteOrdenados;po50000.txt;0,002496
parcialmenteOrdenados;po50000.txt;0,002589
parcialmenteOrdenados;po50000.txt;0,002520
parcialmenteOrdenados;po50000.txt;0,002488
parcialmenteOrdenados;po50000.txt;0,002556
parcialmenteOrdenados;po50000.txt;0,002580
parcialmenteOrdenados;po50000.txt;0,002636
parcialmenteOrdenados;po50000.txt;0,002601
parcialmenteOrdenados;po50000.txt;0,002562
parcialmenteOrdenados;po50000.txt;0,002532
parcialmenteOrdenados;po50000.txt;0,002543
parcialmenteOrdenados;po50000.txt;0,002842
parcialmenteOrdenados;po50000.txt;0,002605
parcialmenteOrdenados;po50000.txt;0,002511
parcialmenteOrdenados;po50000.txt;0,002505
parcialmenteOrdenados;po50000.txt;0,002511
parcialmenteOrdenados;po50000.txt;0,002575
parcialmenteOrdenados;po50000.txt;0,002645
parcialmenteOrdenados;po50000.txt;0,002549
parcialmenteOrdenados;po50000.txt;0,002526
parcialmenteOrdenados;po50000.txt;0,002540
parcialmenteOrdenados;po50000.txt;0,002514
parcialmenteOrdenados;po50000.txt;0,002500
parcialmenteOrdenados;po50000.txt;0,002540
parcialmenteOrdenados;po50000.txt;0,002511
parcialmenteOrdenados;po50000.txt;0,002549
parcialmenteOrdenados;po75000.txt;0,002674
parcialmenteOrdenados;po75000.txt;0,002738
parcialmenteOrdenados;po75000.txt;0,002769
parcialmenteOrdenados;po75000.txt;0,002806
parcialmenteOrdenados;po75000.txt;0,002831
parcialmenteOrdenados;po75000.txt;0,002786
parcialmenteOrdenados;po75000.txt;0,002785
parcialmenteOrdenados;po75000.txt;0,002884
parcialmenteOrdenados;po75000.txt;0,002833
parcialmenteOrdenados;po75000.txt;0,002793
parcialmenteOrdenados;po75000.txt;0,002858
parcialmenteOrdenados;po75000.txt;0,002790
parcialmenteOrdenados;po75000.txt;0,002744
parcialmenteOrdenados;po75000.txt;0,002847
parcialmenteOrdenados;po75000.txt;0,002729
parcialmenteOrdenados;po75000.txt;0,002725
parcialmenteOrdenados;po75000.txt;0,002762
parcialmenteOrdenados;po75000.txt;0,002869
parcialmenteOrdenados;po75000.txt;0,002678
parcialmenteOrdenados;po75000.txt;0,002796
parcialmenteOrdenados;po75000.txt;0,002758
parcialmenteOrdenados;po75000.txt;0,002861
parcialmenteOrdenados;po75000.txt;0,003292
parcialmenteOrdenados;po75000.txt;0,003246
parcialmenteOrdenados;po75000.txt;0,002805
parcialmenteOrdenados;po75000.txt;0,002707
parcialmenteOrdenados;po75000.txt;0,002779
parcialmenteOrdenados;po75000.txt;0,002970
parcialmenteOrdenados;po75000.txt;0,002780
parcialmenteOrdenados;po75000.txt;0,002795
parcialmenteOrdenados;po100000.txt;0,003357
parcialmenteOrdenados;po100000.txt;0,003371
parcialmenteOrdenados;po100000.txt;0,003260
parcialmenteOrdenados;po100000.txt;0,003337
parcialmenteOrdenados;po100000.txt;0,003300
parcialmenteOrdenados;po100000.txt;0,003411
parcialmenteOrdenados;po100000.txt;0,003385
parcialmenteOrdenados;po100000.txt;0,003372
parcialmenteOrdenados;po100000.txt;0,003331
parcialmenteOrdenados;po100000.txt;0,003320
parcialmenteOrdenados;po100000.txt;0,003263
parcialmenteOrdenados;po100000.txt;0,003218
parcialmenteOrdenados;po100000.txt;0,003241
parcialmenteOrdenados;po100000.txt;0,003359
parcialmenteOrdenados;po100000.txt;0,003269
parcialmenteOrdenados;po100000.txt;0,003331
parcialmenteOrdenados;po100000.txt;0,004047
parcialmenteOrdenados;po100000.txt;0,003293
parcialmenteOrdenados;po100000.txt;0,003311
parcialmenteOrdenados;po100000.txt;0,003315
parcialmenteOrdenados;po100000.txt;0,003307
parcialmenteOrdenados;po100000.txt;0,003286
parcialmenteOrdenados;po100000.txt;0,003397
parcialmenteOrdenados;po100000.txt;0,003342
parcialmenteOrdenados;po100000.txt;0,003352
parcialmenteOrdenados;po100000.txt;0,003302
parcialmenteOrdenados;po100000.txt;0,003288
parcialmenteOrdenados;po100000.txt;0,003344
parcialmenteOrdenados;po100000.txt;0,003625
parcialmenteOrdenados;po100000.txt;0,003284
parcialmenteOrdenados;po200000.txt;0,003604
parcialmenteOrdenados;po200000.txt;0,003868
parcialmenteOrdenados;po200000.txt;0,003515
parcialmenteOrdenados;po200000.txt;0,003579
parcialmenteOrdenados;po200000.txt;0,003554
parcialmenteOrdenados;po200000.txt;0,003561
parcialmenteOrdenados;po200000.txt;0,003665
parcialmenteOrdenados;po200000.txt;0,003673
parcialmenteOrdenados;po200000.txt;0,003798
parcialmenteOrdenados;po200000.txt;0,003682
parcialmenteOrdenados;po200000.txt;0,003595
parcialmenteOrdenados;po200000.txt;0,003552
parcialmenteOrdenados;po200000.txt;0,003629
parcialmenteOrdenados;po200000.txt;0,003599
parcialmenteOrdenados;po200000.txt;0,003751
parcialmenteOrdenados;po200000.txt;0,003690
parcialmenteOrdenados;po200000.txt;0,003570
parcialmenteOrdenados;po200000.txt;0,003512
parcialmenteOrdenados;po200000.txt;0,003762
parcialmenteOrdenados;po200000.txt;0,003574
parcialmenteOrdenados;po200000.txt;0,003614
parcialmenteOrdenados;po200000.txt;0,003500
parcialmenteOrdenados;po200000.txt;0,003694
parcialmenteOrdenados;po200000.txt;0,003777
parcialmenteOrdenados;po200000.txt;0,003591
parcialmenteOrdenados;po200000.txt;0,003652
parcialmenteOrdenados;po200000.txt;0,003913
parcialmenteOrdenados;po200000.txt;0,003679
parcialmenteOrdenados;po200000.txt;0,003657
parcialmenteOrdenados;po200000.txt;0,003578
parcialmenteOrdenados;po500000.txt;0,004630
parcialmenteOrdenados;po500000.txt;0,004478
parcialmenteOrdenados;po500000.txt;0,004672
parcialmenteOrdenados;po500000.txt;0,004638
parcialmenteOrdenados;po500000.txt;0,004554
parcialmenteOrdenados;po500000.txt;0,004776
parcialmenteOrdenados;po500000.txt;0,004500
parcialmenteOrdenados;po500000.txt;0,004658
parcialmenteOrdenados;po500000.txt;0,004824
parcialmenteOrdenados;po500000.txt;0,004534
parcialmenteOrdenados;po500000.txt;0,004584
parcialmenteOrdenados;po500000.txt;0,004594
parcialmenteOrdenados;po500000.txt;0,004641
parcialmenteOrdenados;po500000.txt;0,004574
parcialmenteOrdenados;po500000.txt;0,004532
parcialmenteOrdenados;po500000.txt;0,004583
parcialmenteOrdenados;po500000.txt;0,004483
parcialmenteOrdenados;po500000.txt;0,004472
parcialmenteOrdenados;po500000.txt;0,004649
parcialmenteOrdenados;po500000.txt;0,004673
parcialmenteOrdenados;po500000.txt;0,004635
parcialmenteOrdenados;po500000.txt;0,004526
parcialmenteOrdenados;po500000.txt;0,004568
parcialmenteOrdenados;po500000.txt;0,004512
parcialmenteOrdenados;po500000.txt;0,004755
parcialmenteOrdenados;po500000.txt;0,004491
parcialmenteOrdenados;po500000.txt;0,004587
parcialmenteOrdenados;po500000.txt;0,004610
parcialmenteOrdenados;po500000.txt;0,004512
parcialmenteOrdenados;po500000.txt;0,004691
parcialmenteOrdenados;po750000.txt;0,005199
parcialmenteOrdenados;po750000.txt;0,005369
parcialmenteOrdenados;po750000.txt;0,005341
parcialmenteOrdenados;po750000.txt;0,005374
parcialmenteOrdenados;po750000.txt;0,005381
parcialmenteOrdenados;po750000.txt;0,005415
parcialmenteOrdenados;po750000.txt;0,005484
parcialmenteOrdenados;po750000.txt;0,005602
parcialmenteOrdenados;po750000.txt;0,005391
parcialmenteOrdenados;po750000.txt;0,005300
parcialmenteOrdenados;po750000.txt;0,005213
parcialmenteOrdenados;po750000.txt;0,005371
parcialmenteOrdenados;po750000.txt;0,005188
parcialmenteOrdenados;po750000.txt;0,005282
parcialmenteOrdenados;po750000.txt;0,005597
parcialmenteOrdenados;po750000.txt;0,005478
parcialmenteOrdenados;po750000.txt;0,005287
parcialmenteOrdenados;po750000.txt;0,005420
parcialmenteOrdenados;po750000.txt;0,005293
parcialmenteOrdenados;po750000.txt;0,005411
parcialmenteOrdenados;po750000.txt;0,005276
parcialmenteOrdenados;po750000.txt;0,005428
parcialmenteOrdenados;po750000.txt;0,005428
parcialmenteOrdenados;po750000.txt;0,005470
parcialmenteOrdenados;po750000.txt;0,005202
parcialmenteOrdenados;po750000.txt;0,005475
parcialmenteOrdenados;po750000.txt;0,005408
parcialmenteOrdenados;po750000.txt;0,005323
parcialmenteOrdenados;po750000.txt;0,005232
parcialmenteOrdenados;po750000.txt;0,005247
parcialmenteOrdenados;po1000000.txt;0,006116
parcialmenteOrdenados;po1000000.txt;0,006167
parcialmenteOrdenados;po1000000.txt;0,006051
parcialmenteOrdenados;po1000000.txt;0,006058
parcialmenteOrdenados;po1000000.txt;0,006201
parcialmenteOrdenados;po1000000.txt;0,005990
parcialmenteOrdenados;po1000000.txt;0,006219
parcialmenteOrdenados;po1000000.txt;0,005849
parcialmenteOrdenados;po1000000.txt;0,006068
parcialmenteOrdenados;po1000000.txt;0,006136
parcialmenteOrdenados;po1000000.txt;0,006117
parcialmenteOrdenados;po1000000.txt;0,006281
parcialmenteOrdenados;po1000000.txt;0,006244
parcialmenteOrdenados;po1000000.txt;0,006236
parcialmenteOrdenados;po1000000.txt;0,006097
parcialmenteOrdenados;po1000000.txt;0,005874
parcialmenteOrdenados;po1000000.txt;0,005796
parcialmenteOrdenados;po1000000.txt;0,005934
parcialmenteOrdenados;po1000000.txt;0,006552
parcialmenteOrdenados;po1000000.txt;0,006156
parcialmenteOrdenados;po1000000.txt;0,006374
parcialmenteOrdenados;po1000000.txt;0,006197
parcialmenteOrdenados;po1000000.txt;0,005999
parcialmenteOrdenados;po1000000.txt;0,006030
parcialmenteOrdenados;po1000000.txt;0,006229
parcialmenteOrdenados;po1000000.txt;0,005947
parcialmenteOrdenados;po1000000.txt;0,005821
parcialmenteOrdenados;po1000000.txt;0,005848
parcialmenteOrdenados;po1000000.txt;0,006041
parcialmenteOrdenados;po1000000.txt;0,005971
parcialmenteOrdenados;po1250000.txt;0,006281
parcialmenteOrdenados;po1250000.txt;0,005387
parcialmenteOrdenados;po1250000.txt;0,005533
parcialmenteOrdenados;po1250000.txt;0,005573
parcialmenteOrdenados;po1250000.txt;0,005243
parcialmenteOrdenados;po1250000.txt;0,005539
parcialmenteOrdenados;po1250000.txt;0,005848
parcialmenteOrdenados;po1250000.txt;0,005516
parcialmenteOrdenados;po1250000.txt;0,005700
parcialmenteOrdenados;po1250000.txt;0,005687
parcialmenteOrdenados;po1250000.txt;0,005413
parcialmenteOrdenados;po1250000.txt;0,005540
parcialmenteOrdenados;po1250000.txt;0,005628
parcialmenteOrdenados;po1250000.txt;0,005763
parcialmenteOrdenados;po1250000.txt;0,005351
parcialmenteOrdenados;po1250000.txt;0,005665
parcialmenteOrdenados;po1250000.txt;0,005608
parcialmenteOrdenados;po1250000.txt;0,005613
parcialmenteOrdenados;po1250000.txt;0,005553
parcialmenteOrdenados;po1250000.txt;0,005950
parcialmenteOrdenados;po1250000.txt;0,005566
parcialmenteOrdenados;po1250000.txt;0,005714
parcialmenteOrdenados;po1250000.txt;0,005566
parcialmenteOrdenados;po1250000.txt;0,005606
parcialmenteOrdenados;po1250000.txt;0,005618
parcialmenteOrdenados;po1250000.txt;0,005842
parcialmenteOrdenados;po1250000.txt;0,005622
parcialmenteOrdenados;po1250000.txt;0,005835
parcialmenteOrdenados;po1250000.txt;0,005484
parcialmenteOrdenados;po1250000.txt;0,005712
parcialmenteOrdenados;po1500000.txt;0,006325
parcialmenteOrdenados;po1500000.txt;0,005623
parcialmenteOrdenados;po1500000.txt;0,006200
parcialmenteOrdenados;po1500000.txt;0,005414
parcialmenteOrdenados;po1500000.txt;0,006074
parcialmenteOrdenados;po1500000.txt;0,006699
parcialmenteOrdenados;po1500000.txt;0,006122
parcialmenteOrdenados;po1500000.txt;0,005900
parcialmenteOrdenados;po1500000.txt;0,005778
parcialmenteOrdenados;po1500000.txt;0,006178
parcialmenteOrdenados;po1500000.txt;0,006510
parcialmenteOrdenados;po1500000.txt;0,005418
parcialmenteOrdenados;po1500000.txt;0,006307
parcialmenteOrdenados;po1500000.txt;0,006413
parcialmenteOrdenados;po1500000.txt;0,005801
parcialmenteOrdenados;po1500000.txt;0,006121
parcialmenteOrdenados;po1500000.txt;0,005667
parcialmenteOrdenados;po1500000.txt;0,006082
parcialmenteOrdenados;po1500000.txt;0,006191
parcialmenteOrdenados;po1500000.txt;0,006293
parcialmenteOrdenados;po1500000.txt;0,005734
parcialmenteOrdenados;po1500000.txt;0,005638
parcialmenteOrdenados;po1500000.txt;0,006227
parcialmenteOrdenados;po1500000.txt;0,005785
parcialmenteOrdenados;po1500000.txt;0,005762
parcialmenteOrdenados;po1500000.txt;0,005622
parcialmenteOrdenados;po1500000.txt;0,005767
parcialmenteOrdenados;po1500000.txt;0,006108
parcialmenteOrdenados;po1500000.txt;0,005914
parcialmenteOrdenados;po1500000.txt;0,006211
parcialmenteOrdenados;po2000000.txt;0,006280
parcialmenteOrdenados;po2000000.txt;0,006369
parcialmenteOrdenados;po2000000.txt;0,006416
parcialmenteOrdenados;po2000000.txt;0,006355
parcialmenteOrdenados;po2000000.txt;0,006506
parcialmenteOrdenados;po2000000.txt;0,006013
parcialmenteOrdenados;po2000000.txt;0,006349
parcialmenteOrdenados;po2000000.txt;0,006283
parcialmenteOrdenados;po2000000.txt;0,006492
parcialmenteOrdenados;po2000000.txt;0,006365
parcialmenteOrdenados;po2000000.txt;0,006306
parcialmenteOrdenados;po2000000.txt;0,006291
parcialmenteOrdenados;po2000000.txt;0,005864
parcialmenteOrdenados;po2000000.txt;0,006335
parcialmenteOrdenados;po2000000.txt;0,006353
parcialmenteOrdenados;po2000000.txt;0,006290
parcialmenteOrdenados;po2000000.txt;0,006298
parcialmenteOrdenados;po2000000.txt;0,006268
parcialmenteOrdenados;po2000000.txt;0,006312
parcialmenteOrdenados;po2000000.txt;0,006445
parcialmenteOrdenados;po2000000.txt;0,006222
parcialmenteOrdenados;po2000000.txt;0,006251
parcialmenteOrdenados;po2000000.txt;0,006208
parcialmenteOrdenados;po2000000.txt;0,006325
parcialmenteOrdenados;po2000000.txt;0,006236
parcialmenteOrdenados;po2000000.txt;0,005921
parcialmenteOrdenados;po2000000.txt;0,006336
parcialmenteOrdenados;po2000000.txt;0,005976
parcialmenteOrdenados;po2000000.txt;0,006366
parcialmenteOrdenados;po2000000.txt;0,006427
