Pasta;Arquivo;Tempo_Segundos
parcialmenteOrdenados;po100.txt;8.606e-06
parcialmenteOrdenados;po100.txt;7.425e-06
parcialmenteOrdenados;po100.txt;7.523e-06
parcialmenteOrdenados;po100.txt;7.43e-06
parcialmenteOrdenados;po100.txt;8.534e-06
parcialmenteOrdenados;po100.txt;7.566e-06
parcialmenteOrdenados;po100.txt;7.718e-06
parcialmenteOrdenados;po100.txt;7.583e-06
parcialmenteOrdenados;po100.txt;8.181e-06
parcialmenteOrdenados;po100.txt;9.223e-06
parcialmenteOrdenados;po100.txt;9.98e-06
parcialmenteOrdenados;po100.txt;1.5864e-05
parcialmenteOrdenados;po100.txt;1.4239e-05
parcialmenteOrdenados;po100.txt;1.6889e-05
parcialmenteOrdenados;po100.txt;1.9427e-05
parcialmenteOrdenados;po100.txt;1.9143e-05
parcialmenteOrdenados;po100.txt;1.9331e-05
parcialmenteOrdenados;po100.txt;2.6225e-05
parcialmenteOrdenados;po100.txt;1.9885e-05
parcialmenteOrdenados;po100.txt;1.9734e-05
parcialmenteOrdenados;po100.txt;1.9546e-05
parcialmenteOrdenados;po100.txt;1.9455e-05
parcialmenteOrdenados;po100.txt;1.9696e-05
parcialmenteOrdenados;po100.txt;1.8005e-05
parcialmenteOrdenados;po100.txt;1.9672e-05
parcialmenteOrdenados;po100.txt;1.7801e-05
parcialmenteOrdenados;po100.txt;1.5352e-05
parcialmenteOrdenados;po100.txt;1.5287e-05
parcialmenteOrdenados;po100.txt;1.6832e-05
parcialmenteOrdenados;po100.txt;1.5263e-05
parcialmenteOrdenados;po200.txt;4.0313e-05
parcialmenteOrdenados;po200.txt;3.2286e-05
parcialmenteOrdenados;po200.txt;3.5931e-05
parcialmenteOrdenados;po200.txt;3.2119e-05
parcialmenteOrdenados;po200.txt;3.2099e-05
parcialmenteOrdenados;po200.txt;3.8508e-05
parcialmenteOrdenados;po200.txt;3.1931e-05
parcialmenteOrdenados;po200.txt;3.3477e-05
parcialmenteOrdenados;po200.txt;3.1423e-05
parcialmenteOrdenados;po200.txt;3.3253e-05
parcialmenteOrdenados;po200.txt;2.1451e-05
parcialmenteOrdenados;po200.txt;2.2574e-05
parcialmenteOrdenados;po200.txt;1.9378e-05
parcialmenteOrdenados;po200.txt;2.366e-05
parcialmenteOrdenados;po200.txt;2.6568e-05
parcialmenteOrdenados;po200.txt;3.546e-05
parcialmenteOrdenados;po200.txt;3.1052e-05
parcialmenteOrdenados;po200.txt;2.7537e-05
parcialmenteOrdenados;po200.txt;3.8236e-05
parcialmenteOrdenados;po200.txt;3.5296e-05
parcialmenteOrdenados;po200.txt;4.0232e-05
parcialmenteOrdenados;po200.txt;3.7548e-05
parcialmenteOrdenados;po200.txt;3.819e-05
parcialmenteOrdenados;po200.txt;8.7802e-05
parcialmenteOrdenados;po200.txt;3.808e-05
parcialmenteOrdenados;po200.txt;3.8098e-05
parcialmenteOrdenados;po200.txt;3.7831e-05
parcialmenteOrdenados;po200.txt;3.8426e-05
parcialmenteOrdenados;po200.txt;4.8496e-05
parcialmenteOrdenados;po200.txt;3.659e-05
parcialmenteOrdenados;po500.txt;8.8706e-05
parcialmenteOrdenados;po500.txt;0.000114284
parcialmenteOrdenados;po500.txt;8.8626e-05
parcialmenteOrdenados;po500.txt;8.3146e-05
parcialmenteOrdenados;po500.txt;8.8459e-05
parcialmenteOrdenados;po500.txt;8.8087e-05
parcialmenteOrdenados;po500.txt;7.619e-05
parcialmenteOrdenados;po500.txt;7.1577e-05
parcialmenteOrdenados;po500.txt;8.825e-05
parcialmenteOrdenados;po500.txt;7.7671e-05
parcialmenteOrdenados;po500.txt;0.000100611
parcialmenteOrdenados;po500.txt;8.8783e-05
parcialmenteOrdenados;po500.txt;8.3243e-05
parcialmenteOrdenados;po500.txt;8.857e-05
parcialmenteOrdenados;po500.txt;0.000103846
parcialmenteOrdenados;po500.txt;0.000108663
parcialmenteOrdenados;po500.txt;0.00010343
parcialmenteOrdenados;po500.txt;0.000106829
parcialmenteOrdenados;po500.txt;0.000107469
parcialmenteOrdenados;po500.txt;0.000150812
parcialmenteOrdenados;po500.txt;8.4011e-05
parcialmenteOrdenados;po500.txt;9.7693e-05
parcialmenteOrdenados;po500.txt;8.8107e-05
parcialmenteOrdenados;po500.txt;0.000105532
parcialmenteOrdenados;po500.txt;8.1546e-05
parcialmenteOrdenados;po500.txt;0.000111297
parcialmenteOrdenados;po500.txt;0.00011531
parcialmenteOrdenados;po500.txt;8.2226e-05
parcialmenteOrdenados;po500.txt;8.8636e-05
parcialmenteOrdenados;po500.txt;8.3018e-05
parcialmenteOrdenados;po1000.txt;0.000180848
parcialmenteOrdenados;po1000.txt;0.000215993
parcialmenteOrdenados;po1000.txt;0.000159428
parcialmenteOrdenados;po1000.txt;0.000181258
parcialmenteOrdenados;po1000.txt;0.000204665
parcialmenteOrdenados;po1000.txt;0.000180717
parcialmenteOrdenados;po1000.txt;0.000161108
parcialmenteOrdenados;po1000.txt;0.000180799
parcialmenteOrdenados;po1000.txt;0.000180183
parcialmenteOrdenados;po1000.txt;0.000206754
parcialmenteOrdenados;po1000.txt;0.000216217
parcialmenteOrdenados;po1000.txt;0.000218489
parcialmenteOrdenados;po1000.txt;0.000225689
parcialmenteOrdenados;po1000.txt;0.000189374
parcialmenteOrdenados;po1000.txt;0.000162061
parcialmenteOrdenados;po1000.txt;0.000180417
parcialmenteOrdenados;po1000.txt;0.000181053
parcialmenteOrdenados;po1000.txt;0.000205766
parcialmenteOrdenados;po1000.txt;0.000162896
parcialmenteOrdenados;po1000.txt;0.000167275
parcialmenteOrdenados;po1000.txt;0.000161664
parcialmenteOrdenados;po1000.txt;0.000181215
parcialmenteOrdenados;po1000.txt;0.000181229
parcialmenteOrdenados;po1000.txt;0.000168524
parcialmenteOrdenados;po1000.txt;0.000180057
parcialmenteOrdenados;po1000.txt;0.000180426
parcialmenteOrdenados;po1000.txt;0.000171357
parcialmenteOrdenados;po1000.txt;0.000161432
parcialmenteOrdenados;po1000.txt;0.000168746
parcialmenteOrdenados;po1000.txt;0.000181078
parcialmenteOrdenados;po2000.txt;0.000344855
parcialmenteOrdenados;po2000.txt;0.000391928
parcialmenteOrdenados;po2000.txt;0.000430882
parcialmenteOrdenados;po2000.txt;0.000344662
parcialmenteOrdenados;po2000.txt;0.000342223
parcialmenteOrdenados;po2000.txt;0.000344517
parcialmenteOrdenados;po2000.txt;0.000387659
parcialmenteOrdenados;po2000.txt;0.000385209
parcialmenteOrdenados;po2000.txt;0.000384368
parcialmenteOrdenados;po2000.txt;0.000393789
parcialmenteOrdenados;po2000.txt;0.000426808
parcialmenteOrdenados;po2000.txt;0.000343374
parcialmenteOrdenados;po2000.txt;0.000341572
parcialmenteOrdenados;po2000.txt;0.000393118
parcialmenteOrdenados;po2000.txt;0.000426136
parcialmenteOrdenados;po2000.txt;0.000394293
parcialmenteOrdenados;po2000.txt;0.000397858
parcialmenteOrdenados;po2000.txt;0.000441678
parcialmenteOrdenados;po2000.txt;0.000346278
parcialmenteOrdenados;po2000.txt;0.000355644
parcialmenteOrdenados;po2000.txt;0.000385302
parcialmenteOrdenados;po2000.txt;0.000392828
parcialmenteOrdenados;po2000.txt;0.000352858
parcialmenteOrdenados;po2000.txt;0.00038496
parcialmenteOrdenados;po2000.txt;0.000437684
parcialmenteOrdenados;po2000.txt;0.000335579
parcialmenteOrdenados;po2000.txt;0.000342435
parcialmenteOrdenados;po2000.txt;0.000384614
parcialmenteOrdenados;po2000.txt;0.000385492
parcialmenteOrdenados;po2000.txt;0.000425309
parcialmenteOrdenados;po5000.txt;0.00106662
parcialmenteOrdenados;po5000.txt;0.00108063
parcialmenteOrdenados;po5000.txt;0.00095882
parcialmenteOrdenados;po5000.txt;0.00109268
parcialmenteOrdenados;po5000.txt;0.00109111
parcialmenteOrdenados;po5000.txt;0.00108225
parcialmenteOrdenados;po5000.txt;0.000939144
parcialmenteOrdenados;po5000.txt;0.00107784
parcialmenteOrdenados;po5000.txt;0.00109406
parcialmenteOrdenados;po5000.txt;0.000893658
parcialmenteOrdenados;po5000.txt;0.00110004
parcialmenteOrdenados;po5000.txt;0.000607783
parcialmenteOrdenados;po5000.txt;0.000780955
parcialmenteOrdenados;po5000.txt;0.000681336
parcialmenteOrdenados;po5000.txt;0.000671358
parcialmenteOrdenados;po5000.txt;0.000593493
parcialmenteOrdenados;po5000.txt;0.000638292
parcialmenteOrdenados;po5000.txt;0.000779734
parcialmenteOrdenados;po5000.txt;0.000689754
parcialmenteOrdenados;po5000.txt;0.000942886
parcialmenteOrdenados;po5000.txt;0.000802847
parcialmenteOrdenados;po5000.txt;0.0010574
parcialmenteOrdenados;po5000.txt;0.00109173
parcialmenteOrdenados;po5000.txt;0.000681218
parcialmenteOrdenados;po5000.txt;0.00109043
parcialmenteOrdenados;po5000.txt;0.00108476
parcialmenteOrdenados;po5000.txt;0.00104963
parcialmenteOrdenados;po5000.txt;0.00111102
parcialmenteOrdenados;po5000.txt;0.00118099
parcialmenteOrdenados;po5000.txt;0.000975777
parcialmenteOrdenados;po7500.txt;0.00148238
parcialmenteOrdenados;po7500.txt;0.0015933
parcialmenteOrdenados;po7500.txt;0.00159721
parcialmenteOrdenados;po7500.txt;0.00136648
parcialmenteOrdenados;po7500.txt;0.00161113
parcialmenteOrdenados;po7500.txt;0.0015922
parcialmenteOrdenados;po7500.txt;0.00133504
parcialmenteOrdenados;po7500.txt;0.00108669
parcialmenteOrdenados;po7500.txt;0.00131963
parcialmenteOrdenados;po7500.txt;0.00133953
parcialmenteOrdenados;po7500.txt;0.00127817
parcialmenteOrdenados;po7500.txt;0.00137056
parcialmenteOrdenados;po7500.txt;0.00150325
parcialmenteOrdenados;po7500.txt;0.000990893
parcialmenteOrdenados;po7500.txt;0.00123864
parcialmenteOrdenados;po7500.txt;0.00093907
parcialmenteOrdenados;po7500.txt;0.00126459
parcialmenteOrdenados;po7500.txt;0.00133549
parcialmenteOrdenados;po7500.txt;0.00149954
parcialmenteOrdenados;po7500.txt;0.00177087
parcialmenteOrdenados;po7500.txt;0.00149937
parcialmenteOrdenados;po7500.txt;0.0013718
parcialmenteOrdenados;po7500.txt;0.0016118
parcialmenteOrdenados;po7500.txt;0.00136547
parcialmenteOrdenados;po7500.txt;0.00148445
parcialmenteOrdenados;po7500.txt;0.0016863
parcialmenteOrdenados;po7500.txt;0.00134739
parcialmenteOrdenados;po7500.txt;0.00156516
parcialmenteOrdenados;po7500.txt;0.0015527
parcialmenteOrdenados;po7500.txt;0.000908485
parcialmenteOrdenados;po10000.txt;0.00169508
parcialmenteOrdenados;po10000.txt;0.00228709
parcialmenteOrdenados;po10000.txt;0.00193228
parcialmenteOrdenados;po10000.txt;0.00205435
parcialmenteOrdenados;po10000.txt;0.00207256
parcialmenteOrdenados;po10000.txt;0.00227305
parcialmenteOrdenados;po10000.txt;0.00206873
parcialmenteOrdenados;po10000.txt;0.00221166
parcialmenteOrdenados;po10000.txt;0.00204575
parcialmenteOrdenados;po10000.txt;0.00226611
parcialmenteOrdenados;po10000.txt;0.0021874
parcialmenteOrdenados;po10000.txt;0.00227744
parcialmenteOrdenados;po10000.txt;0.00206408
parcialmenteOrdenados;po10000.txt;0.00213469
parcialmenteOrdenados;po10000.txt;0.00222253
parcialmenteOrdenados;po10000.txt;0.00227238
parcialmenteOrdenados;po10000.txt;0.00193005
parcialmenteOrdenados;po10000.txt;0.00207657
parcialmenteOrdenados;po10000.txt;0.00220173
parcialmenteOrdenados;po10000.txt;0.00238455
parcialmenteOrdenados;po10000.txt;0.0018634
parcialmenteOrdenados;po10000.txt;0.00191616
parcialmenteOrdenados;po10000.txt;0.0020773
parcialmenteOrdenados;po10000.txt;0.00216756
parcialmenteOrdenados;po10000.txt;0.00174148
parcialmenteOrdenados;po10000.txt;0.0016645
parcialmenteOrdenados;po10000.txt;0.00176141
parcialmenteOrdenados;po10000.txt;0.00229307
parcialmenteOrdenados;po10000.txt;0.00149654
parcialmenteOrdenados;po10000.txt;0.00145099
parcialmenteOrdenados;po15000.txt;0.00154781
parcialmenteOrdenados;po15000.txt;0.00152565
parcialmenteOrdenados;po15000.txt;0.00123868
parcialmenteOrdenados;po15000.txt;0.00123905
parcialmenteOrdenados;po15000.txt;0.00117806
parcialmenteOrdenados;po15000.txt;0.00122313
parcialmenteOrdenados;po15000.txt;0.00127168
parcialmenteOrdenados;po15000.txt;0.00132774
parcialmenteOrdenados;po15000.txt;0.00116567
parcialmenteOrdenados;po15000.txt;0.00104367
parcialmenteOrdenados;po15000.txt;0.00127281
parcialmenteOrdenados;po15000.txt;0.00124011
parcialmenteOrdenados;po15000.txt;0.00114889
parcialmenteOrdenados;po15000.txt;0.00147468
parcialmenteOrdenados;po15000.txt;0.00175195
parcialmenteOrdenados;po15000.txt;0.00145455
parcialmenteOrdenados;po15000.txt;0.00213168
parcialmenteOrdenados;po15000.txt;0.00315609
parcialmenteOrdenados;po15000.txt;0.00229859
parcialmenteOrdenados;po15000.txt;0.00185659
parcialmenteOrdenados;po15000.txt;0.00168932
parcialmenteOrdenados;po15000.txt;0.0015023
parcialmenteOrdenados;po15000.txt;0.00267269
parcialmenteOrdenados;po15000.txt;0.0034833
parcialmenteOrdenados;po15000.txt;0.002305
parcialmenteOrdenados;po15000.txt;0.00303868
parcialmenteOrdenados;po15000.txt;0.00322933
parcialmenteOrdenados;po15000.txt;0.00298967
parcialmenteOrdenados;po15000.txt;0.00177534
parcialmenteOrdenados;po15000.txt;0.00283607
parcialmenteOrdenados;po30000.txt;0.004154
parcialmenteOrdenados;po30000.txt;0.00516739
parcialmenteOrdenados;po30000.txt;0.00302126
parcialmenteOrdenados;po30000.txt;0.00565982
parcialmenteOrdenados;po30000.txt;0.00388836
parcialmenteOrdenados;po30000.txt;0.00577759
parcialmenteOrdenados;po30000.txt;0.00533955
parcialmenteOrdenados;po30000.txt;0.004156
parcialmenteOrdenados;po30000.txt;0.00425179
parcialmenteOrdenados;po30000.txt;0.00485925
parcialmenteOrdenados;po30000.txt;0.00673563
parcialmenteOrdenados;po30000.txt;0.00618508
parcialmenteOrdenados;po30000.txt;0.00418683
parcialmenteOrdenados;po30000.txt;0.00585549
parcialmenteOrdenados;po30000.txt;0.00590429
parcialmenteOrdenados;po30000.txt;0.00548238
parcialmenteOrdenados;po30000.txt;0.00596907
parcialmenteOrdenados;po30000.txt;0.0058364
parcialmenteOrdenados;po30000.txt;0.00622021
parcialmenteOrdenados;po30000.txt;0.00613894
parcialmenteOrdenados;po30000.txt;0.00598476
parcialmenteOrdenados;po30000.txt;0.00542284
parcialmenteOrdenados;po30000.txt;0.00539233
parcialmenteOrdenados;po30000.txt;0.00482291
parcialmenteOrdenados;po30000.txt;0.00300258
parcialmenteOrdenados;po30000.txt;0.00272296
parcialmenteOrdenados;po30000.txt;0.00507852
parcialmenteOrdenados;po30000.txt;0.00568968
parcialmenteOrdenados;po30000.txt;0.00444978
parcialmenteOrdenados;po30000.txt;0.00649877
parcialmenteOrdenados;po50000.txt;0.00922217
parcialmenteOrdenados;po50000.txt;0.00763801
parcialmenteOrdenados;po50000.txt;0.00903936
parcialmenteOrdenados;po50000.txt;0.00775998
parcialmenteOrdenados;po50000.txt;0.0086714
parcialmenteOrdenados;po50000.txt;0.0100648
parcialmenteOrdenados;po50000.txt;0.00476923
parcialmenteOrdenados;po50000.txt;0.00657523
parcialmenteOrdenados;po50000.txt;0.00976898
parcialmenteOrdenados;po50000.txt;0.00973615
parcialmenteOrdenados;po50000.txt;0.00931275
parcialmenteOrdenados;po50000.txt;0.00627572
parcialmenteOrdenados;po50000.txt;0.00892542
parcialmenteOrdenados;po50000.txt;0.010539
parcialmenteOrdenados;po50000.txt;0.00550355
parcialmenteOrdenados;po50000.txt;0.00587921
parcialmenteOrdenados;po50000.txt;0.00665871
parcialmenteOrdenados;po50000.txt;0.00823875
parcialmenteOrdenados;po50000.txt;0.00489635
parcialmenteOrdenados;po50000.txt;0.0102557
parcialmenteOrdenados;po50000.txt;0.0107888
parcialmenteOrdenados;po50000.txt;0.00835542
parcialmenteOrdenados;po50000.txt;0.00795241
parcialmenteOrdenados;po50000.txt;0.0105478
parcialmenteOrdenados;po50000.txt;0.00565231
parcialmenteOrdenados;po50000.txt;0.00869677
parcialmenteOrdenados;po50000.txt;0.00926515
parcialmenteOrdenados;po50000.txt;0.00508004
parcialmenteOrdenados;po50000.txt;0.00933163
parcialmenteOrdenados;po50000.txt;0.0109083
parcialmenteOrdenados;po75000.txt;0.0120313
parcialmenteOrdenados;po75000.txt;0.00594023
parcialmenteOrdenados;po75000.txt;0.0112523
parcialmenteOrdenados;po75000.txt;0.0092712
parcialmenteOrdenados;po75000.txt;0.00642012
parcialmenteOrdenados;po75000.txt;0.00737258
parcialmenteOrdenados;po75000.txt;0.00835598
parcialmenteOrdenados;po75000.txt;0.00552398
parcialmenteOrdenados;po75000.txt;0.00555143
parcialmenteOrdenados;po75000.txt;0.00603035
parcialmenteOrdenados;po75000.txt;0.00667099
parcialmenteOrdenados;po75000.txt;0.00898535
parcialmenteOrdenados;po75000.txt;0.00597899
parcialmenteOrdenados;po75000.txt;0.00535222
parcialmenteOrdenados;po75000.txt;0.00589844
parcialmenteOrdenados;po75000.txt;0.00801081
parcialmenteOrdenados;po75000.txt;0.00676029
parcialmenteOrdenados;po75000.txt;0.0100848
parcialmenteOrdenados;po75000.txt;0.0126953
parcialmenteOrdenados;po75000.txt;0.00911292
parcialmenteOrdenados;po75000.txt;0.00587727
parcialmenteOrdenados;po75000.txt;0.0116589
parcialmenteOrdenados;po75000.txt;0.01278
parcialmenteOrdenados;po75000.txt;0.00717278
parcialmenteOrdenados;po75000.txt;0.00716109
parcialmenteOrdenados;po75000.txt;0.00662098
parcialmenteOrdenados;po75000.txt;0.0107914
parcialmenteOrdenados;po75000.txt;0.00644176
parcialmenteOrdenados;po75000.txt;0.00616913
parcialmenteOrdenados;po75000.txt;0.0103291
parcialmenteOrdenados;po100000.txt;0.0160715
parcialmenteOrdenados;po100000.txt;0.00745551
parcialmenteOrdenados;po100000.txt;0.00790744
parcialmenteOrdenados;po100000.txt;0.0135556
parcialmenteOrdenados;po100000.txt;0.0120006
parcialmenteOrdenados;po100000.txt;0.00763202
parcialmenteOrdenados;po100000.txt;0.0110423
parcialmenteOrdenados;po100000.txt;0.011852
parcialmenteOrdenados;po100000.txt;0.0187562
parcialmenteOrdenados;po100000.txt;0.0136153
parcialmenteOrdenados;po100000.txt;0.0118182
parcialmenteOrdenados;po100000.txt;0.0158766
parcialmenteOrdenados;po100000.txt;0.00754309
parcialmenteOrdenados;po100000.txt;0.00857234
parcialmenteOrdenados;po100000.txt;0.0130142
parcialmenteOrdenados;po100000.txt;0.0131316
parcialmenteOrdenados;po100000.txt;0.0152586
parcialmenteOrdenados;po100000.txt;0.0148406
parcialmenteOrdenados;po100000.txt;0.0151439
parcialmenteOrdenados;po100000.txt;0.0162136
parcialmenteOrdenados;po100000.txt;0.0144415
parcialmenteOrdenados;po100000.txt;0.014456
parcialmenteOrdenados;po100000.txt;0.0164189
parcialmenteOrdenados;po100000.txt;0.0113856
parcialmenteOrdenados;po100000.txt;0.00796986
parcialmenteOrdenados;po100000.txt;0.0111535
parcialmenteOrdenados;po100000.txt;0.008368
parcialmenteOrdenados;po100000.txt;0.0169101
parcialmenteOrdenados;po100000.txt;0.0115336
parcialmenteOrdenados;po100000.txt;0.00992276
parcialmenteOrdenados;po200000.txt;0.0232293
parcialmenteOrdenados;po200000.txt;0.0163288
parcialmenteOrdenados;po200000.txt;0.0171532
parcialmenteOrdenados;po200000.txt;0.0157966
parcialmenteOrdenados;po200000.txt;0.016038
parcialmenteOrdenados;po200000.txt;0.0157593
parcialmenteOrdenados;po200000.txt;0.0155322
parcialmenteOrdenados;po200000.txt;0.0164173
parcialmenteOrdenados;po200000.txt;0.0160122
parcialmenteOrdenados;po200000.txt;0.0158676
parcialmenteOrdenados;po200000.txt;0.0157578
parcialmenteOrdenados;po200000.txt;0.0156439
parcialmenteOrdenados;po200000.txt;0.0158008
parcialmenteOrdenados;po200000.txt;0.0156862
parcialmenteOrdenados;po200000.txt;0.0155968
parcialmenteOrdenados;po200000.txt;0.0157499
parcialmenteOrdenados;po200000.txt;0.0157435
parcialmenteOrdenados;po200000.txt;0.0161859
parcialmenteOrdenados;po200000.txt;0.016114
parcialmenteOrdenados;po200000.txt;0.016072
parcialmenteOrdenados;po200000.txt;0.0227074
parcialmenteOrdenados;po200000.txt;0.016401
parcialmenteOrdenados;po200000.txt;0.0157496
parcialmenteOrdenados;po200000.txt;0.0168682
parcialmenteOrdenados;po200000.txt;0.0158261
parcialmenteOrdenados;po200000.txt;0.01637
parcialmenteOrdenados;po200000.txt;0.0160689
parcialmenteOrdenados;po200000.txt;0.0160194
parcialmenteOrdenados;po200000.txt;0.0162424
parcialmenteOrdenados;po200000.txt;0.0158021
parcialmenteOrdenados;po500000.txt;0.0435446
parcialmenteOrdenados;po500000.txt;0.0429538
parcialmenteOrdenados;po500000.txt;0.0450622
parcialmenteOrdenados;po500000.txt;0.0428185
parcialmenteOrdenados;po500000.txt;0.0424221
parcialmenteOrdenados;po500000.txt;0.0431371
parcialmenteOrdenados;po500000.txt;0.0422758
parcialmenteOrdenados;po500000.txt;0.0437889
parcialmenteOrdenados;po500000.txt;0.0444202
parcialmenteOrdenados;po500000.txt;0.0418955
parcialmenteOrdenados;po500000.txt;0.0428371
parcialmenteOrdenados;po500000.txt;0.0441234
parcialmenteOrdenados;po500000.txt;0.0431572
parcialmenteOrdenados;po500000.txt;0.0429401
parcialmenteOrdenados;po500000.txt;0.0432855
parcialmenteOrdenados;po500000.txt;0.0429291
parcialmenteOrdenados;po500000.txt;0.0425133
parcialmenteOrdenados;po500000.txt;0.0425113
parcialmenteOrdenados;po500000.txt;0.0439002
parcialmenteOrdenados;po500000.txt;0.0432066
parcialmenteOrdenados;po500000.txt;0.0438136
parcialmenteOrdenados;po500000.txt;0.0434555
parcialmenteOrdenados;po500000.txt;0.0425923
parcialmenteOrdenados;po500000.txt;0.0433876
parcialmenteOrdenados;po500000.txt;0.0440807
parcialmenteOrdenados;po500000.txt;0.0426903
parcialmenteOrdenados;po500000.txt;0.0430211
parcialmenteOrdenados;po500000.txt;0.0431148
parcialmenteOrdenados;po500000.txt;0.0440433
parcialmenteOrdenados;po500000.txt;0.0417917
parcialmenteOrdenados;po750000.txt;0.0695389
parcialmenteOrdenados;po750000.txt;0.0693613
parcialmenteOrdenados;po750000.txt;0.0692622
parcialmenteOrdenados;po750000.txt;0.0697698
parcialmenteOrdenados;po750000.txt;0.0724205
parcialmenteOrdenados;po750000.txt;0.0713147
parcialmenteOrdenados;po750000.txt;0.0701063
parcialmenteOrdenados;po750000.txt;0.0698927
parcialmenteOrdenados;po750000.txt;0.0711494
parcialmenteOrdenados;po750000.txt;0.069994
parcialmenteOrdenados;po750000.txt;0.0701802
parcialmenteOrdenados;po750000.txt;0.0699764
parcialmenteOrdenados;po750000.txt;0.0701723
parcialmenteOrdenados;po750000.txt;0.0692536
parcialmenteOrdenados;po750000.txt;0.0689288
parcialmenteOrdenados;po750000.txt;0.0724305
parcialmenteOrdenados;po750000.txt;0.0689995
parcialmenteOrdenados;po750000.txt;0.0698924
parcialmenteOrdenados;po750000.txt;0.0695462
parcialmenteOrdenados;po750000.txt;0.0703222
parcialmenteOrdenados;po750000.txt;0.0707502
parcialmenteOrdenados;po750000.txt;0.0705869
parcialmenteOrdenados;po750000.txt;0.0690781
parcialmenteOrdenados;po750000.txt;0.0706531
parcialmenteOrdenados;po750000.txt;0.0698191
parcialmenteOrdenados;po750000.txt;0.0703839
parcialmenteOrdenados;po750000.txt;0.0692514
parcialmenteOrdenados;po750000.txt;0.0701951
parcialmenteOrdenados;po750000.txt;0.0694744
parcialmenteOrdenados;po750000.txt;0.0689709
parcialmenteOrdenados;po1000000.txt;0.0926312
parcialmenteOrdenados;po1000000.txt;0.0927916
parcialmenteOrdenados;po1000000.txt;0.0929326
parcialmenteOrdenados;po1000000.txt;0.0922887
parcialmenteOrdenados;po1000000.txt;0.0939958
parcialmenteOrdenados;po1000000.txt;0.0919
parcialmenteOrdenados;po1000000.txt;0.0944943
parcialmenteOrdenados;po1000000.txt;0.0936583
parcialmenteOrdenados;po1000000.txt;0.0928934
parcialmenteOrdenados;po1000000.txt;0.0940453
parcialmenteOrdenados;po1000000.txt;0.093528
parcialmenteOrdenados;po1000000.txt;0.0928492
parcialmenteOrdenados;po1000000.txt;0.0931906
parcialmenteOrdenados;po1000000.txt;0.0955646
parcialmenteOrdenados;po1000000.txt;0.0931571
parcialmenteOrdenados;po1000000.txt;0.0956045
parcialmenteOrdenados;po1000000.txt;0.0948433
parcialmenteOrdenados;po1000000.txt;0.0940732
parcialmenteOrdenados;po1000000.txt;0.0936455
parcialmenteOrdenados;po1000000.txt;0.0935998
parcialmenteOrdenados;po1000000.txt;0.0927617
parcialmenteOrdenados;po1000000.txt;0.0925922
parcialmenteOrdenados;po1000000.txt;0.0949921
parcialmenteOrdenados;po1000000.txt;0.0935484
parcialmenteOrdenados;po1000000.txt;0.091204
parcialmenteOrdenados;po1000000.txt;0.0934858
parcialmenteOrdenados;po1000000.txt;0.0920963
parcialmenteOrdenados;po1000000.txt;0.0935624
parcialmenteOrdenados;po1000000.txt;0.0923019
parcialmenteOrdenados;po1000000.txt;0.0942019
parcialmenteOrdenados;po1250000.txt;0.12084
parcialmenteOrdenados;po1250000.txt;0.120548
parcialmenteOrdenados;po1250000.txt;0.122798
parcialmenteOrdenados;po1250000.txt;0.121069
parcialmenteOrdenados;po1250000.txt;0.120459
parcialmenteOrdenados;po1250000.txt;0.122819
parcialmenteOrdenados;po1250000.txt;0.120981
parcialmenteOrdenados;po1250000.txt;0.120514
parcialmenteOrdenados;po1250000.txt;0.12129
parcialmenteOrdenados;po1250000.txt;0.122966
parcialmenteOrdenados;po1250000.txt;0.120508
parcialmenteOrdenados;po1250000.txt;0.120383
parcialmenteOrdenados;po1250000.txt;0.120651
parcialmenteOrdenados;po1250000.txt;0.120494
parcialmenteOrdenados;po1250000.txt;0.120329
parcialmenteOrdenados;po1250000.txt;0.119536
parcialmenteOrdenados;po1250000.txt;0.121001
parcialmenteOrdenados;po1250000.txt;0.121973
parcialmenteOrdenados;po1250000.txt;0.118641
parcialmenteOrdenados;po1250000.txt;0.121312
parcialmenteOrdenados;po1250000.txt;0.120889
parcialmenteOrdenados;po1250000.txt;0.120255
parcialmenteOrdenados;po1250000.txt;0.120861
parcialmenteOrdenados;po1250000.txt;0.12144
parcialmenteOrdenados;po1250000.txt;0.117972
parcialmenteOrdenados;po1250000.txt;0.122102
parcialmenteOrdenados;po1250000.txt;0.121734
parcialmenteOrdenados;po1250000.txt;0.121219
parcialmenteOrdenados;po1250000.txt;0.122014
parcialmenteOrdenados;po1250000.txt;0.119329
parcialmenteOrdenados;po1500000.txt;0.155086
parcialmenteOrdenados;po1500000.txt;0.15147
parcialmenteOrdenados;po1500000.txt;0.152247
parcialmenteOrdenados;po1500000.txt;0.149954
parcialmenteOrdenados;po1500000.txt;0.15222
parcialmenteOrdenados;po1500000.txt;0.152172
parcialmenteOrdenados;po1500000.txt;0.151813
parcialmenteOrdenados;po1500000.txt;0.150976
parcialmenteOrdenados;po1500000.txt;0.153188
parcialmenteOrdenados;po1500000.txt;0.151028
parcialmenteOrdenados;po1500000.txt;0.150856
parcialmenteOrdenados;po1500000.txt;0.150251
parcialmenteOrdenados;po1500000.txt;0.152616
parcialmenteOrdenados;po1500000.txt;0.152247
parcialmenteOrdenados;po1500000.txt;0.15162
parcialmenteOrdenados;po1500000.txt;0.154917
parcialmenteOrdenados;po1500000.txt;0.151473
parcialmenteOrdenados;po1500000.txt;0.15526
parcialmenteOrdenados;po1500000.txt;0.151905
parcialmenteOrdenados;po1500000.txt;0.151039
parcialmenteOrdenados;po1500000.txt;0.152422
parcialmenteOrdenados;po1500000.txt;0.154917
parcialmenteOrdenados;po1500000.txt;0.151137
parcialmenteOrdenados;po1500000.txt;0.151008
parcialmenteOrdenados;po1500000.txt;0.152565
parcialmenteOrdenados;po1500000.txt;0.150849
parcialmenteOrdenados;po1500000.txt;0.153762
parcialmenteOrdenados;po1500000.txt;0.15242
parcialmenteOrdenados;po1500000.txt;0.15125
parcialmenteOrdenados;po1500000.txt;0.153876
parcialmenteOrdenados;po2000000.txt;0.20298
parcialmenteOrdenados;po2000000.txt;0.203867
parcialmenteOrdenados;po2000000.txt;0.203215
parcialmenteOrdenados;po2000000.txt;0.201835
parcialmenteOrdenados;po2000000.txt;0.20244
parcialmenteOrdenados;po2000000.txt;0.201278
parcialmenteOrdenados;po2000000.txt;0.205247
parcialmenteOrdenados;po2000000.txt;0.200408
parcialmenteOrdenados;po2000000.txt;0.203012
parcialmenteOrdenados;po2000000.txt;0.20149
parcialmenteOrdenados;po2000000.txt;0.201068
parcialmenteOrdenados;po2000000.txt;0.202706
parcialmenteOrdenados;po2000000.txt;0.201086
parcialmenteOrdenados;po2000000.txt;0.20184
parcialmenteOrdenados;po2000000.txt;0.201897
parcialmenteOrdenados;po2000000.txt;0.206428
parcialmenteOrdenados;po2000000.txt;0.201472
parcialmenteOrdenados;po2000000.txt;0.202934
parcialmenteOrdenados;po2000000.txt;0.200167
parcialmenteOrdenados;po2000000.txt;0.199584
parcialmenteOrdenados;po2000000.txt;0.203119
parcialmenteOrdenados;po2000000.txt;0.203661
parcialmenteOrdenados;po2000000.txt;0.206501
parcialmenteOrdenados;po2000000.txt;0.199221
parcialmenteOrdenados;po2000000.txt;0.202669
parcialmenteOrdenados;po2000000.txt;0.205728
parcialmenteOrdenados;po2000000.txt;0.203102
parcialmenteOrdenados;po2000000.txt;0.202356
parcialmenteOrdenados;po2000000.txt;0.200701
parcialmenteOrdenados;po2000000.txt;0.201365
