parcialmenteOrdenados;po100.txt;0.000023
parcialmenteOrdenados;po100.txt;0.000023
parcialmenteOrdenados;po100.txt;0.000024
parcialmenteOrdenados;po100.txt;0.000025
parcialmenteOrdenados;po100.txt;0.000022
parcialmenteOrdenados;po100.txt;0.000024
parcialmenteOrdenados;po100.txt;0.000023
parcialmenteOrdenados;po100.txt;0.000022
parcialmenteOrdenados;po100.txt;0.000022
parcialmenteOrdenados;po100.txt;0.000024
parcialmenteOrdenados;po100.txt;0.000022
parcialmenteOrdenados;po100.txt;0.000022
parcialmenteOrdenados;po100.txt;0.000022
parcialmenteOrdenados;po100.txt;0.000024
parcialmenteOrdenados;po100.txt;0.000024
parcialmenteOrdenados;po100.txt;0.000024
parcialmenteOrdenados;po100.txt;0.000023
parcialmenteOrdenados;po100.txt;0.000024
parcialmenteOrdenados;po100.txt;0.000021
parcialmenteOrdenados;po100.txt;0.000022
parcialmenteOrdenados;po100.txt;0.000021
parcialmenteOrdenados;po100.txt;0.000022
parcialmenteOrdenados;po100.txt;0.000022
parcialmenteOrdenados;po100.txt;0.000022
parcialmenteOrdenados;po100.txt;0.000024
parcialmenteOrdenados;po100.txt;0.000024
parcialmenteOrdenados;po100.txt;0.000025
parcialmenteOrdenados;po100.txt;0.000026
parcialmenteOrdenados;po100.txt;0.000024
parcialmenteOrdenados;po100.txt;0.000022
parcialmenteOrdenados;po200.txt;0.000032
parcialmenteOrdenados;po200.txt;0.000033
parcialmenteOrdenados;po200.txt;0.000035
parcialmenteOrdenados;po200.txt;0.000033
parcialmenteOrdenados;po200.txt;0.000033
parcialmenteOrdenados;po200.txt;0.000035
parcialmenteOrdenados;po200.txt;0.000040
parcialmenteOrdenados;po200.txt;0.000035
parcialmenteOrdenados;po200.txt;0.000031
parcialmenteOrdenados;po200.txt;0.000033
parcialmenteOrdenados;po200.txt;0.000032
parcialmenteOrdenados;po200.txt;0.000035
parcialmenteOrdenados;po200.txt;0.000032
parcialmenteOrdenados;po200.txt;0.000032
parcialmenteOrdenados;po200.txt;0.000034
parcialmenteOrdenados;po200.txt;0.000032
parcialmenteOrdenados;po200.txt;0.000034
parcialmenteOrdenados;po200.txt;0.000033
parcialmenteOrdenados;po200.txt;0.000035
parcialmenteOrdenados;po200.txt;0.000033
parcialmenteOrdenados;po200.txt;0.000033
parcialmenteOrdenados;po200.txt;0.000037
parcialmenteOrdenados;po200.txt;0.000032
parcialmenteOrdenados;po200.txt;0.000038
parcialmenteOrdenados;po200.txt;0.000033
parcialmenteOrdenados;po200.txt;0.000032
parcialmenteOrdenados;po200.txt;0.000032
parcialmenteOrdenados;po200.txt;0.000036
parcialmenteOrdenados;po200.txt;0.000036
parcialmenteOrdenados;po200.txt;0.000033
parcialmenteOrdenados;po500.txt;0.000054
parcialmenteOrdenados;po500.txt;0.000053
parcialmenteOrdenados;po500.txt;0.000053
parcialmenteOrdenados;po500.txt;0.000057
parcialmenteOrdenados;po500.txt;0.000057
parcialmenteOrdenados;po500.txt;0.000055
parcialmenteOrdenados;po500.txt;0.000058
parcialmenteOrdenados;po500.txt;0.000056
parcialmenteOrdenados;po500.txt;0.000056
parcialmenteOrdenados;po500.txt;0.000056
parcialmenteOrdenados;po500.txt;0.000055
parcialmenteOrdenados;po500.txt;0.000053
parcialmenteOrdenados;po500.txt;0.000062
parcialmenteOrdenados;po500.txt;0.000052
parcialmenteOrdenados;po500.txt;0.000061
parcialmenteOrdenados;po500.txt;0.000055
parcialmenteOrdenados;po500.txt;0.000052
parcialmenteOrdenados;po500.txt;0.000054
parcialmenteOrdenados;po500.txt;0.000054
parcialmenteOrdenados;po500.txt;0.000054
parcialmenteOrdenados;po500.txt;0.000055
parcialmenteOrdenados;po500.txt;0.000054
parcialmenteOrdenados;po500.txt;0.000052
parcialmenteOrdenados;po500.txt;0.000056
parcialmenteOrdenados;po500.txt;0.000056
parcialmenteOrdenados;po500.txt;0.000054
parcialmenteOrdenados;po500.txt;0.000054
parcialmenteOrdenados;po500.txt;0.000056
parcialmenteOrdenados;po500.txt;0.000062
parcialmenteOrdenados;po500.txt;0.000056
parcialmenteOrdenados;po1000.txt;0.000079
parcialmenteOrdenados;po1000.txt;0.000079
parcialmenteOrdenados;po1000.txt;0.000076
parcialmenteOrdenados;po1000.txt;0.000079
parcialmenteOrdenados;po1000.txt;0.000077
parcialmenteOrdenados;po1000.txt;0.000081
parcialmenteOrdenados;po1000.txt;0.000076
parcialmenteOrdenados;po1000.txt;0.000082
parcialmenteOrdenados;po1000.txt;0.000082
parcialmenteOrdenados;po1000.txt;0.000075
parcialmenteOrdenados;po1000.txt;0.000077
parcialmenteOrdenados;po1000.txt;0.000080
parcialmenteOrdenados;po1000.txt;0.000076
parcialmenteOrdenados;po1000.txt;0.000078
parcialmenteOrdenados;po1000.txt;0.000081
parcialmenteOrdenados;po1000.txt;0.000077
parcialmenteOrdenados;po1000.txt;0.000074
parcialmenteOrdenados;po1000.txt;0.000078
parcialmenteOrdenados;po1000.txt;0.000080
parcialmenteOrdenados;po1000.txt;0.000077
parcialmenteOrdenados;po1000.txt;0.000077
parcialmenteOrdenados;po1000.txt;0.000080
parcialmenteOrdenados;po1000.txt;0.000082
parcialmenteOrdenados;po1000.txt;0.000079
parcialmenteOrdenados;po1000.txt;0.000077
parcialmenteOrdenados;po1000.txt;0.000084
parcialmenteOrdenados;po1000.txt;0.000079
parcialmenteOrdenados;po1000.txt;0.000080
parcialmenteOrdenados;po1000.txt;0.000075
parcialmenteOrdenados;po1000.txt;0.000078
parcialmenteOrdenados;po2000.txt;0.000136
parcialmenteOrdenados;po2000.txt;0.000119
parcialmenteOrdenados;po2000.txt;0.000734
parcialmenteOrdenados;po2000.txt;0.000625
parcialmenteOrdenados;po2000.txt;0.000122
parcialmenteOrdenados;po2000.txt;0.000124
parcialmenteOrdenados;po2000.txt;0.000580
parcialmenteOrdenados;po2000.txt;0.000652
parcialmenteOrdenados;po2000.txt;0.000131
parcialmenteOrdenados;po2000.txt;0.000709
parcialmenteOrdenados;po2000.txt;0.000118
parcialmenteOrdenados;po2000.txt;0.000122
parcialmenteOrdenados;po2000.txt;0.000117
parcialmenteOrdenados;po2000.txt;0.000123
parcialmenteOrdenados;po2000.txt;0.000117
parcialmenteOrdenados;po2000.txt;0.000118
parcialmenteOrdenados;po2000.txt;0.000122
parcialmenteOrdenados;po2000.txt;0.000650
parcialmenteOrdenados;po2000.txt;0.000635
parcialmenteOrdenados;po2000.txt;0.000119
parcialmenteOrdenados;po2000.txt;0.000126
parcialmenteOrdenados;po2000.txt;0.000125
parcialmenteOrdenados;po2000.txt;0.000123
parcialmenteOrdenados;po2000.txt;0.000687
parcialmenteOrdenados;po2000.txt;0.000702
parcialmenteOrdenados;po2000.txt;0.000129
parcialmenteOrdenados;po2000.txt;0.000123
parcialmenteOrdenados;po2000.txt;0.000598
parcialmenteOrdenados;po2000.txt;0.000121
parcialmenteOrdenados;po2000.txt;0.000586
parcialmenteOrdenados;po5000.txt;0.000155
parcialmenteOrdenados;po5000.txt;0.000148
parcialmenteOrdenados;po5000.txt;0.000152
parcialmenteOrdenados;po5000.txt;0.000168
parcialmenteOrdenados;po5000.txt;0.000149
parcialmenteOrdenados;po5000.txt;0.000143
parcialmenteOrdenados;po5000.txt;0.000150
parcialmenteOrdenados;po5000.txt;0.000142
parcialmenteOrdenados;po5000.txt;0.000159
parcialmenteOrdenados;po5000.txt;0.000162
parcialmenteOrdenados;po5000.txt;0.000144
parcialmenteOrdenados;po5000.txt;0.000148
parcialmenteOrdenados;po5000.txt;0.000156
parcialmenteOrdenados;po5000.txt;0.000143
parcialmenteOrdenados;po5000.txt;0.000148
parcialmenteOrdenados;po5000.txt;0.000153
parcialmenteOrdenados;po5000.txt;0.000151
parcialmenteOrdenados;po5000.txt;0.000143
parcialmenteOrdenados;po5000.txt;0.000154
parcialmenteOrdenados;po5000.txt;0.000155
parcialmenteOrdenados;po5000.txt;0.000150
parcialmenteOrdenados;po5000.txt;0.000149
parcialmenteOrdenados;po5000.txt;0.000144
parcialmenteOrdenados;po5000.txt;0.000144
parcialmenteOrdenados;po5000.txt;0.000149
parcialmenteOrdenados;po5000.txt;0.000149
parcialmenteOrdenados;po5000.txt;0.000143
parcialmenteOrdenados;po5000.txt;0.000145
parcialmenteOrdenados;po5000.txt;0.000148
parcialmenteOrdenados;po5000.txt;0.000143
parcialmenteOrdenados;po7500.txt;0.000196
parcialmenteOrdenados;po7500.txt;0.000209
parcialmenteOrdenados;po7500.txt;0.000207
parcialmenteOrdenados;po7500.txt;0.000209
parcialmenteOrdenados;po7500.txt;0.000195
parcialmenteOrdenados;po7500.txt;0.000206
parcialmenteOrdenados;po7500.txt;0.000206
parcialmenteOrdenados;po7500.txt;0.000204
parcialmenteOrdenados;po7500.txt;0.000196
parcialmenteOrdenados;po7500.txt;0.000202
parcialmenteOrdenados;po7500.txt;0.000200
parcialmenteOrdenados;po7500.txt;0.000210
parcialmenteOrdenados;po7500.txt;0.000206
parcialmenteOrdenados;po7500.txt;0.000198
parcialmenteOrdenados;po7500.txt;0.000208
parcialmenteOrdenados;po7500.txt;0.000211
parcialmenteOrdenados;po7500.txt;0.000201
parcialmenteOrdenados;po7500.txt;0.000210
parcialmenteOrdenados;po7500.txt;0.000197
parcialmenteOrdenados;po7500.txt;0.000202
parcialmenteOrdenados;po7500.txt;0.000206
parcialmenteOrdenados;po7500.txt;0.000199
parcialmenteOrdenados;po7500.txt;0.000224
parcialmenteOrdenados;po7500.txt;0.000204
parcialmenteOrdenados;po7500.txt;0.000200
parcialmenteOrdenados;po7500.txt;0.000206
parcialmenteOrdenados;po7500.txt;0.000208
parcialmenteOrdenados;po7500.txt;0.000203
parcialmenteOrdenados;po7500.txt;0.000206
parcialmenteOrdenados;po7500.txt;0.000211
parcialmenteOrdenados;po10000.txt;0.000309
parcialmenteOrdenados;po10000.txt;0.000290
parcialmenteOrdenados;po10000.txt;0.000281
parcialmenteOrdenados;po10000.txt;0.000278
parcialmenteOrdenados;po10000.txt;0.000276
parcialmenteOrdenados;po10000.txt;0.000291
parcialmenteOrdenados;po10000.txt;0.000292
parcialmenteOrdenados;po10000.txt;0.000286
parcialmenteOrdenados;po10000.txt;0.000282
parcialmenteOrdenados;po10000.txt;0.000292
parcialmenteOrdenados;po10000.txt;0.000282
parcialmenteOrdenados;po10000.txt;0.000287
parcialmenteOrdenados;po10000.txt;0.000301
parcialmenteOrdenados;po10000.txt;0.000292
parcialmenteOrdenados;po10000.txt;0.000280
parcialmenteOrdenados;po10000.txt;0.000304
parcialmenteOrdenados;po10000.txt;0.000286
parcialmenteOrdenados;po10000.txt;0.000302
parcialmenteOrdenados;po10000.txt;0.000297
parcialmenteOrdenados;po10000.txt;0.000288
parcialmenteOrdenados;po10000.txt;0.000283
parcialmenteOrdenados;po10000.txt;0.000293
parcialmenteOrdenados;po10000.txt;0.000287
parcialmenteOrdenados;po10000.txt;0.000298
parcialmenteOrdenados;po10000.txt;0.000289
parcialmenteOrdenados;po10000.txt;0.000283
parcialmenteOrdenados;po10000.txt;0.000290
parcialmenteOrdenados;po10000.txt;0.000278
parcialmenteOrdenados;po10000.txt;0.000293
parcialmenteOrdenados;po10000.txt;0.000291
parcialmenteOrdenados;po15000.txt;0.000452
parcialmenteOrdenados;po15000.txt;0.000457
parcialmenteOrdenados;po15000.txt;0.000426
parcialmenteOrdenados;po15000.txt;0.000436
parcialmenteOrdenados;po15000.txt;0.000404
parcialmenteOrdenados;po15000.txt;0.000423
parcialmenteOrdenados;po15000.txt;0.000439
parcialmenteOrdenados;po15000.txt;0.000412
parcialmenteOrdenados;po15000.txt;0.000422
parcialmenteOrdenados;po15000.txt;0.000443
parcialmenteOrdenados;po15000.txt;0.000430
parcialmenteOrdenados;po15000.txt;0.000440
parcialmenteOrdenados;po15000.txt;0.000408
parcialmenteOrdenados;po15000.txt;0.000414
parcialmenteOrdenados;po15000.txt;0.000441
parcialmenteOrdenados;po15000.txt;0.000413
parcialmenteOrdenados;po15000.txt;0.000417
parcialmenteOrdenados;po15000.txt;0.000426
parcialmenteOrdenados;po15000.txt;0.000480
parcialmenteOrdenados;po15000.txt;0.000435
parcialmenteOrdenados;po15000.txt;0.000437
parcialmenteOrdenados;po15000.txt;0.000409
parcialmenteOrdenados;po15000.txt;0.000420
parcialmenteOrdenados;po15000.txt;0.000446
parcialmenteOrdenados;po15000.txt;0.000406
parcialmenteOrdenados;po15000.txt;0.000424
parcialmenteOrdenados;po15000.txt;0.000452
parcialmenteOrdenados;po15000.txt;0.000404
parcialmenteOrdenados;po15000.txt;0.000410
parcialmenteOrdenados;po15000.txt;0.000439
parcialmenteOrdenados;po30000.txt;0.000778
parcialmenteOrdenados;po30000.txt;0.000781
parcialmenteOrdenados;po30000.txt;0.000776
parcialmenteOrdenados;po30000.txt;0.000772
parcialmenteOrdenados;po30000.txt;0.000779
parcialmenteOrdenados;po30000.txt;0.000767
parcialmenteOrdenados;po30000.txt;0.000766
parcialmenteOrdenados;po30000.txt;0.000782
parcialmenteOrdenados;po30000.txt;0.000754
parcialmenteOrdenados;po30000.txt;0.000771
parcialmenteOrdenados;po30000.txt;0.000770
parcialmenteOrdenados;po30000.txt;0.000773
parcialmenteOrdenados;po30000.txt;0.000766
parcialmenteOrdenados;po30000.txt;0.000770
parcialmenteOrdenados;po30000.txt;0.000757
parcialmenteOrdenados;po30000.txt;0.000764
parcialmenteOrdenados;po30000.txt;0.000798
parcialmenteOrdenados;po30000.txt;0.000757
parcialmenteOrdenados;po30000.txt;0.000756
parcialmenteOrdenados;po30000.txt;0.000991
parcialmenteOrdenados;po30000.txt;0.000749
parcialmenteOrdenados;po30000.txt;0.000761
parcialmenteOrdenados;po30000.txt;0.000905
parcialmenteOrdenados;po30000.txt;0.000795
parcialmenteOrdenados;po30000.txt;0.000770
parcialmenteOrdenados;po30000.txt;0.000871
parcialmenteOrdenados;po30000.txt;0.000764
parcialmenteOrdenados;po30000.txt;0.000777
parcialmenteOrdenados;po30000.txt;0.000772
parcialmenteOrdenados;po30000.txt;0.000767
parcialmenteOrdenados;po50000.txt;0.002442
parcialmenteOrdenados;po50000.txt;0.003029
parcialmenteOrdenados;po50000.txt;0.002704
parcialmenteOrdenados;po50000.txt;0.002589
parcialmenteOrdenados;po50000.txt;0.002907
parcialmenteOrdenados;po50000.txt;0.002589
parcialmenteOrdenados;po50000.txt;0.002536
parcialmenteOrdenados;po50000.txt;0.002791
parcialmenteOrdenados;po50000.txt;0.001150
parcialmenteOrdenados;po50000.txt;0.002772
parcialmenteOrdenados;po50000.txt;0.002571
parcialmenteOrdenados;po50000.txt;0.001214
parcialmenteOrdenados;po50000.txt;0.002841
parcialmenteOrdenados;po50000.txt;0.002584
parcialmenteOrdenados;po50000.txt;0.002620
parcialmenteOrdenados;po50000.txt;0.001139
parcialmenteOrdenados;po50000.txt;0.002757
parcialmenteOrdenados;po50000.txt;0.001147
parcialmenteOrdenados;po50000.txt;0.002909
parcialmenteOrdenados;po50000.txt;0.002850
parcialmenteOrdenados;po50000.txt;0.002779
parcialmenteOrdenados;po50000.txt;0.002626
parcialmenteOrdenados;po50000.txt;0.002651
parcialmenteOrdenados;po50000.txt;0.002676
parcialmenteOrdenados;po50000.txt;0.003022
parcialmenteOrdenados;po50000.txt;0.002797
parcialmenteOrdenados;po50000.txt;0.002733
parcialmenteOrdenados;po50000.txt;0.002433
parcialmenteOrdenados;po50000.txt;0.002702
parcialmenteOrdenados;po50000.txt;0.002540
parcialmenteOrdenados;po75000.txt;0.001530
parcialmenteOrdenados;po75000.txt;0.001537
parcialmenteOrdenados;po75000.txt;0.001542
parcialmenteOrdenados;po75000.txt;0.001409
parcialmenteOrdenados;po75000.txt;0.001395
parcialmenteOrdenados;po75000.txt;0.001491
parcialmenteOrdenados;po75000.txt;0.001439
parcialmenteOrdenados;po75000.txt;0.001467
parcialmenteOrdenados;po75000.txt;0.001467
parcialmenteOrdenados;po75000.txt;0.001497
parcialmenteOrdenados;po75000.txt;0.001397
parcialmenteOrdenados;po75000.txt;0.001398
parcialmenteOrdenados;po75000.txt;0.001580
parcialmenteOrdenados;po75000.txt;0.001492
parcialmenteOrdenados;po75000.txt;0.001466
parcialmenteOrdenados;po75000.txt;0.001512
parcialmenteOrdenados;po75000.txt;0.001496
parcialmenteOrdenados;po75000.txt;0.001477
parcialmenteOrdenados;po75000.txt;0.001434
parcialmenteOrdenados;po75000.txt;0.001443
parcialmenteOrdenados;po75000.txt;0.001438
parcialmenteOrdenados;po75000.txt;0.001424
parcialmenteOrdenados;po75000.txt;0.001433
parcialmenteOrdenados;po75000.txt;0.001382
parcialmenteOrdenados;po75000.txt;0.001510
parcialmenteOrdenados;po75000.txt;0.001465
parcialmenteOrdenados;po75000.txt;0.001432
parcialmenteOrdenados;po75000.txt;0.001518
parcialmenteOrdenados;po75000.txt;0.001428
parcialmenteOrdenados;po75000.txt;0.001426
parcialmenteOrdenados;po100000.txt;0.001934
parcialmenteOrdenados;po100000.txt;0.001868
parcialmenteOrdenados;po100000.txt;0.001895
parcialmenteOrdenados;po100000.txt;0.002075
parcialmenteOrdenados;po100000.txt;0.001842
parcialmenteOrdenados;po100000.txt;0.001959
parcialmenteOrdenados;po100000.txt;0.001957
parcialmenteOrdenados;po100000.txt;0.001904
parcialmenteOrdenados;po100000.txt;0.001827
parcialmenteOrdenados;po100000.txt;0.002121
parcialmenteOrdenados;po100000.txt;0.001841
parcialmenteOrdenados;po100000.txt;0.001819
parcialmenteOrdenados;po100000.txt;0.001861
parcialmenteOrdenados;po100000.txt;0.001899
parcialmenteOrdenados;po100000.txt;0.002911
parcialmenteOrdenados;po100000.txt;0.001872
parcialmenteOrdenados;po100000.txt;0.001882
parcialmenteOrdenados;po100000.txt;0.001924
parcialmenteOrdenados;po100000.txt;0.001920
parcialmenteOrdenados;po100000.txt;0.002070
parcialmenteOrdenados;po100000.txt;0.001772
parcialmenteOrdenados;po100000.txt;0.001853
parcialmenteOrdenados;po100000.txt;0.001903
parcialmenteOrdenados;po100000.txt;0.001934
parcialmenteOrdenados;po100000.txt;0.001919
parcialmenteOrdenados;po100000.txt;0.001834
parcialmenteOrdenados;po100000.txt;0.001883
parcialmenteOrdenados;po100000.txt;0.001770
parcialmenteOrdenados;po100000.txt;0.001845
parcialmenteOrdenados;po100000.txt;0.001897
parcialmenteOrdenados;po200000.txt;0.003170
parcialmenteOrdenados;po200000.txt;0.003050
parcialmenteOrdenados;po200000.txt;0.003088
parcialmenteOrdenados;po200000.txt;0.003151
parcialmenteOrdenados;po200000.txt;0.003117
parcialmenteOrdenados;po200000.txt;0.002968
parcialmenteOrdenados;po200000.txt;0.003047
parcialmenteOrdenados;po200000.txt;0.003055
parcialmenteOrdenados;po200000.txt;0.003011
parcialmenteOrdenados;po200000.txt;0.003133
parcialmenteOrdenados;po200000.txt;0.002968
parcialmenteOrdenados;po200000.txt;0.002939
parcialmenteOrdenados;po200000.txt;0.003894
parcialmenteOrdenados;po200000.txt;0.003125
parcialmenteOrdenados;po200000.txt;0.002939
parcialmenteOrdenados;po200000.txt;0.003026
parcialmenteOrdenados;po200000.txt;0.003034
parcialmenteOrdenados;po200000.txt;0.003105
parcialmenteOrdenados;po200000.txt;0.003018
parcialmenteOrdenados;po200000.txt;0.003083
parcialmenteOrdenados;po200000.txt;0.003108
parcialmenteOrdenados;po200000.txt;0.003044
parcialmenteOrdenados;po200000.txt;0.003029
parcialmenteOrdenados;po200000.txt;0.002966
parcialmenteOrdenados;po200000.txt;0.003274
parcialmenteOrdenados;po200000.txt;0.003136
parcialmenteOrdenados;po200000.txt;0.003100
parcialmenteOrdenados;po200000.txt;0.003086
parcialmenteOrdenados;po200000.txt;0.003129
parcialmenteOrdenados;po200000.txt;0.003087
parcialmenteOrdenados;po500000.txt;0.006716
parcialmenteOrdenados;po500000.txt;0.006912
parcialmenteOrdenados;po500000.txt;0.006590
parcialmenteOrdenados;po500000.txt;0.006325
parcialmenteOrdenados;po500000.txt;0.006438
parcialmenteOrdenados;po500000.txt;0.006998
parcialmenteOrdenados;po500000.txt;0.006270
parcialmenteOrdenados;po500000.txt;0.007055
parcialmenteOrdenados;po500000.txt;0.007021
parcialmenteOrdenados;po500000.txt;0.006960
parcialmenteOrdenados;po500000.txt;0.006857
parcialmenteOrdenados;po500000.txt;0.006706
parcialmenteOrdenados;po500000.txt;0.006608
parcialmenteOrdenados;po500000.txt;0.006981
parcialmenteOrdenados;po500000.txt;0.007424
parcialmenteOrdenados;po500000.txt;0.006567
parcialmenteOrdenados;po500000.txt;0.006753
parcialmenteOrdenados;po500000.txt;0.006351
parcialmenteOrdenados;po500000.txt;0.007083
parcialmenteOrdenados;po500000.txt;0.006672
parcialmenteOrdenados;po500000.txt;0.007022
parcialmenteOrdenados;po500000.txt;0.006669
parcialmenteOrdenados;po500000.txt;0.006987
parcialmenteOrdenados;po500000.txt;0.006866
parcialmenteOrdenados;po500000.txt;0.007768
parcialmenteOrdenados;po500000.txt;0.006981
parcialmenteOrdenados;po500000.txt;0.006292
parcialmenteOrdenados;po500000.txt;0.007062
parcialmenteOrdenados;po500000.txt;0.007025
parcialmenteOrdenados;po500000.txt;0.006835
parcialmenteOrdenados;po750000.txt;0.009172
parcialmenteOrdenados;po750000.txt;0.009350
parcialmenteOrdenados;po750000.txt;0.010043
parcialmenteOrdenados;po750000.txt;0.010197
parcialmenteOrdenados;po750000.txt;0.009488
parcialmenteOrdenados;po750000.txt;0.009588
parcialmenteOrdenados;po750000.txt;0.009940
parcialmenteOrdenados;po750000.txt;0.009446
parcialmenteOrdenados;po750000.txt;0.010228
parcialmenteOrdenados;po750000.txt;0.009292
parcialmenteOrdenados;po750000.txt;0.010042
parcialmenteOrdenados;po750000.txt;0.010037
parcialmenteOrdenados;po750000.txt;0.009539
parcialmenteOrdenados;po750000.txt;0.010150
parcialmenteOrdenados;po750000.txt;0.009372
parcialmenteOrdenados;po750000.txt;0.009925
parcialmenteOrdenados;po750000.txt;0.009573
parcialmenteOrdenados;po750000.txt;0.008910
parcialmenteOrdenados;po750000.txt;0.009674
parcialmenteOrdenados;po750000.txt;0.009614
parcialmenteOrdenados;po750000.txt;0.010024
parcialmenteOrdenados;po750000.txt;0.009731
parcialmenteOrdenados;po750000.txt;0.009837
parcialmenteOrdenados;po750000.txt;0.009867
parcialmenteOrdenados;po750000.txt;0.010153
parcialmenteOrdenados;po750000.txt;0.009762
parcialmenteOrdenados;po750000.txt;0.009533
parcialmenteOrdenados;po750000.txt;0.009651
parcialmenteOrdenados;po750000.txt;0.009856
parcialmenteOrdenados;po750000.txt;0.010075
parcialmenteOrdenados;po1000000.txt;0.012746
parcialmenteOrdenados;po1000000.txt;0.012460
parcialmenteOrdenados;po1000000.txt;0.012668
parcialmenteOrdenados;po1000000.txt;0.012428
parcialmenteOrdenados;po1000000.txt;0.012526
parcialmenteOrdenados;po1000000.txt;0.012803
parcialmenteOrdenados;po1000000.txt;0.012968
parcialmenteOrdenados;po1000000.txt;0.013305
parcialmenteOrdenados;po1000000.txt;0.012807
parcialmenteOrdenados;po1000000.txt;0.013257
parcialmenteOrdenados;po1000000.txt;0.012742
parcialmenteOrdenados;po1000000.txt;0.013238
parcialmenteOrdenados;po1000000.txt;0.012461
parcialmenteOrdenados;po1000000.txt;0.012953
parcialmenteOrdenados;po1000000.txt;0.012575
parcialmenteOrdenados;po1000000.txt;0.013544
parcialmenteOrdenados;po1000000.txt;0.012978
parcialmenteOrdenados;po1000000.txt;0.012583
parcialmenteOrdenados;po1000000.txt;0.012927
parcialmenteOrdenados;po1000000.txt;0.012669
parcialmenteOrdenados;po1000000.txt;0.013101
parcialmenteOrdenados;po1000000.txt;0.012643
parcialmenteOrdenados;po1000000.txt;0.013317
parcialmenteOrdenados;po1000000.txt;0.013424
parcialmenteOrdenados;po1000000.txt;0.013408
parcialmenteOrdenados;po1000000.txt;0.012976
parcialmenteOrdenados;po1000000.txt;0.013029
parcialmenteOrdenados;po1000000.txt;0.012795
parcialmenteOrdenados;po1000000.txt;0.012812
parcialmenteOrdenados;po1000000.txt;0.012579
parcialmenteOrdenados;po1250000.txt;0.015447
parcialmenteOrdenados;po1250000.txt;0.016289
parcialmenteOrdenados;po1250000.txt;0.016137
parcialmenteOrdenados;po1250000.txt;0.015622
parcialmenteOrdenados;po1250000.txt;0.016172
parcialmenteOrdenados;po1250000.txt;0.016246
parcialmenteOrdenados;po1250000.txt;0.016064
parcialmenteOrdenados;po1250000.txt;0.015975
parcialmenteOrdenados;po1250000.txt;0.015563
parcialmenteOrdenados;po1250000.txt;0.015864
parcialmenteOrdenados;po1250000.txt;0.016225
parcialmenteOrdenados;po1250000.txt;0.015747
parcialmenteOrdenados;po1250000.txt;0.015609
parcialmenteOrdenados;po1250000.txt;0.016094
parcialmenteOrdenados;po1250000.txt;0.015633
parcialmenteOrdenados;po1250000.txt;0.016356
parcialmenteOrdenados;po1250000.txt;0.015730
parcialmenteOrdenados;po1250000.txt;0.016267
parcialmenteOrdenados;po1250000.txt;0.016186
parcialmenteOrdenados;po1250000.txt;0.016083
parcialmenteOrdenados;po1250000.txt;0.015449
parcialmenteOrdenados;po1250000.txt;0.015582
parcialmenteOrdenados;po1250000.txt;0.015424
parcialmenteOrdenados;po1250000.txt;0.015553
parcialmenteOrdenados;po1250000.txt;0.015651
parcialmenteOrdenados;po1250000.txt;0.016187
parcialmenteOrdenados;po1250000.txt;0.016165
parcialmenteOrdenados;po1250000.txt;0.014864
parcialmenteOrdenados;po1250000.txt;0.015264
parcialmenteOrdenados;po1250000.txt;0.016297
parcialmenteOrdenados;po1500000.txt;0.018659
parcialmenteOrdenados;po1500000.txt;0.018518
parcialmenteOrdenados;po1500000.txt;0.018593
parcialmenteOrdenados;po1500000.txt;0.018169
parcialmenteOrdenados;po1500000.txt;0.019125
parcialmenteOrdenados;po1500000.txt;0.018544
parcialmenteOrdenados;po1500000.txt;0.019108
parcialmenteOrdenados;po1500000.txt;0.018746
parcialmenteOrdenados;po1500000.txt;0.019194
parcialmenteOrdenados;po1500000.txt;0.018322
parcialmenteOrdenados;po1500000.txt;0.018202
parcialmenteOrdenados;po1500000.txt;0.019687
parcialmenteOrdenados;po1500000.txt;0.019251
parcialmenteOrdenados;po1500000.txt;0.018714
parcialmenteOrdenados;po1500000.txt;0.018408
parcialmenteOrdenados;po1500000.txt;0.019859
parcialmenteOrdenados;po1500000.txt;0.018193
parcialmenteOrdenados;po1500000.txt;0.019163
parcialmenteOrdenados;po1500000.txt;0.018780
parcialmenteOrdenados;po1500000.txt;0.017741
parcialmenteOrdenados;po1500000.txt;0.019024
parcialmenteOrdenados;po1500000.txt;0.018384
parcialmenteOrdenados;po1500000.txt;0.018614
parcialmenteOrdenados;po1500000.txt;0.018505
parcialmenteOrdenados;po1500000.txt;0.018582
parcialmenteOrdenados;po1500000.txt;0.017967
parcialmenteOrdenados;po1500000.txt;0.018988
parcialmenteOrdenados;po1500000.txt;0.019367
parcialmenteOrdenados;po1500000.txt;0.019687
parcialmenteOrdenados;po1500000.txt;0.019587
parcialmenteOrdenados;po2000000.txt;0.024292
parcialmenteOrdenados;po2000000.txt;0.024534
parcialmenteOrdenados;po2000000.txt;0.025064
parcialmenteOrdenados;po2000000.txt;0.025122
parcialmenteOrdenados;po2000000.txt;0.024513
parcialmenteOrdenados;po2000000.txt;0.025076
parcialmenteOrdenados;po2000000.txt;0.024721
parcialmenteOrdenados;po2000000.txt;0.024743
parcialmenteOrdenados;po2000000.txt;0.024588
parcialmenteOrdenados;po2000000.txt;0.024704
parcialmenteOrdenados;po2000000.txt;0.023922
parcialmenteOrdenados;po2000000.txt;0.024076
parcialmenteOrdenados;po2000000.txt;0.024458
parcialmenteOrdenados;po2000000.txt;0.023688
parcialmenteOrdenados;po2000000.txt;0.024360
parcialmenteOrdenados;po2000000.txt;0.024107
parcialmenteOrdenados;po2000000.txt;0.025639
parcialmenteOrdenados;po2000000.txt;0.025606
parcialmenteOrdenados;po2000000.txt;0.025673
parcialmenteOrdenados;po2000000.txt;0.024254
parcialmenteOrdenados;po2000000.txt;0.025663
parcialmenteOrdenados;po2000000.txt;0.024109
parcialmenteOrdenados;po2000000.txt;0.025610
parcialmenteOrdenados;po2000000.txt;0.026039
parcialmenteOrdenados;po2000000.txt;0.024784
parcialmenteOrdenados;po2000000.txt;0.024729
parcialmenteOrdenados;po2000000.txt;0.025649
parcialmenteOrdenados;po2000000.txt;0.025573
parcialmenteOrdenados;po2000000.txt;0.024251
parcialmenteOrdenados;po2000000.txt;0.023208
