Pasta;Arquivo;Tempo_Segundos
parcialmenteOrdenados;po100.txt;0.000004
parcialmenteOrdenados;po100.txt;0.000005
parcialmenteOrdenados;po100.txt;0.000007
parcialmenteOrdenados;po100.txt;0.000007
parcialmenteOrdenados;po100.txt;0.000008
parcialmenteOrdenados;po100.txt;0.000008
parcialmenteOrdenados;po100.txt;0.000007
parcialmenteOrdenados;po100.txt;0.000006
parcialmenteOrdenados;po100.txt;0.000008
parcialmenteOrdenados;po100.txt;0.000008
parcialmenteOrdenados;po100.txt;0.000008
parcialmenteOrdenados;po100.txt;0.000008
parcialmenteOrdenados;po100.txt;0.000008
parcialmenteOrdenados;po100.txt;0.000007
parcialmenteOrdenados;po100.txt;0.000008
parcialmenteOrdenados;po100.txt;0.000006
parcialmenteOrdenados;po100.txt;0.000007
parcialmenteOrdenados;po100.txt;0.000008
parcialmenteOrdenados;po100.txt;0.000007
parcialmenteOrdenados;po100.txt;0.000007
parcialmenteOrdenados;po100.txt;0.000006
parcialmenteOrdenados;po100.txt;0.000008
parcialmenteOrdenados;po100.txt;0.000007
parcialmenteOrdenados;po100.txt;0.000008
parcialmenteOrdenados;po100.txt;0.000007
parcialmenteOrdenados;po100.txt;0.000008
parcialmenteOrdenados;po100.txt;0.000007
parcialmenteOrdenados;po100.txt;0.000006
parcialmenteOrdenados;po100.txt;0.000007
parcialmenteOrdenados;po100.txt;0.000006
parcialmenteOrdenados;po200.txt;0.000009
parcialmenteOrdenados;po200.txt;0.000010
parcialmenteOrdenados;po200.txt;0.000010
parcialmenteOrdenados;po200.txt;0.000009
parcialmenteOrdenados;po200.txt;0.000009
parcialmenteOrdenados;po200.txt;0.000010
parcialmenteOrdenados;po200.txt;0.000009
parcialmenteOrdenados;po200.txt;0.000010
parcialmenteOrdenados;po200.txt;0.000010
parcialmenteOrdenados;po200.txt;0.000009
parcialmenteOrdenados;po200.txt;0.000009
parcialmenteOrdenados;po200.txt;0.000010
parcialmenteOrdenados;po200.txt;0.000008
parcialmenteOrdenados;po200.txt;0.000009
parcialmenteOrdenados;po200.txt;0.000009
parcialmenteOrdenados;po200.txt;0.000010
parcialmenteOrdenados;po200.txt;0.000007
parcialmenteOrdenados;po200.txt;0.000010
parcialmenteOrdenados;po200.txt;0.000009
parcialmenteOrdenados;po200.txt;0.000010
parcialmenteOrdenados;po200.txt;0.000010
parcialmenteOrdenados;po200.txt;0.000009
parcialmenteOrdenados;po200.txt;0.000008
parcialmenteOrdenados;po200.txt;0.000010
parcialmenteOrdenados;po200.txt;0.000009
parcialmenteOrdenados;po200.txt;0.000008
parcialmenteOrdenados;po200.txt;0.000009
parcialmenteOrdenados;po200.txt;0.000010
parcialmenteOrdenados;po200.txt;0.000009
parcialmenteOrdenados;po200.txt;0.000009
parcialmenteOrdenados;po500.txt;0.000020
parcialmenteOrdenados;po500.txt;0.000020
parcialmenteOrdenados;po500.txt;0.000020
parcialmenteOrdenados;po500.txt;0.000020
parcialmenteOrdenados;po500.txt;0.000019
parcialmenteOrdenados;po500.txt;0.000020
parcialmenteOrdenados;po500.txt;0.000019
parcialmenteOrdenados;po500.txt;0.000021
parcialmenteOrdenados;po500.txt;0.000021
parcialmenteOrdenados;po500.txt;0.000021
parcialmenteOrdenados;po500.txt;0.000020
parcialmenteOrdenados;po500.txt;0.000020
parcialmenteOrdenados;po500.txt;0.000020
parcialmenteOrdenados;po500.txt;0.000020
parcialmenteOrdenados;po500.txt;0.000020
parcialmenteOrdenados;po500.txt;0.000020
parcialmenteOrdenados;po500.txt;0.000020
parcialmenteOrdenados;po500.txt;0.000020
parcialmenteOrdenados;po500.txt;0.000020
parcialmenteOrdenados;po500.txt;0.000021
parcialmenteOrdenados;po500.txt;0.000020
parcialmenteOrdenados;po500.txt;0.000020
parcialmenteOrdenados;po500.txt;0.000019
parcialmenteOrdenados;po500.txt;0.000020
parcialmenteOrdenados;po500.txt;0.000020
parcialmenteOrdenados;po500.txt;0.000007
parcialmenteOrdenados;po500.txt;0.000007
parcialmenteOrdenados;po500.txt;0.000007
parcialmenteOrdenados;po500.txt;0.000007
parcialmenteOrdenados;po500.txt;0.000020
parcialmenteOrdenados;po1000.txt;0.000039
parcialmenteOrdenados;po1000.txt;0.000040
parcialmenteOrdenados;po1000.txt;0.000041
parcialmenteOrdenados;po1000.txt;0.000040
parcialmenteOrdenados;po1000.txt;0.000037
parcialmenteOrdenados;po1000.txt;0.000039
parcialmenteOrdenados;po1000.txt;0.000038
parcialmenteOrdenados;po1000.txt;0.000040
parcialmenteOrdenados;po1000.txt;0.000050
parcialmenteOrdenados;po1000.txt;0.000039
parcialmenteOrdenados;po1000.txt;0.000040
parcialmenteOrdenados;po1000.txt;0.000051
parcialmenteOrdenados;po1000.txt;0.000037
parcialmenteOrdenados;po1000.txt;0.000037
parcialmenteOrdenados;po1000.txt;0.000040
parcialmenteOrdenados;po1000.txt;0.000040
parcialmenteOrdenados;po1000.txt;0.000039
parcialmenteOrdenados;po1000.txt;0.000038
parcialmenteOrdenados;po1000.txt;0.000045
parcialmenteOrdenados;po1000.txt;0.000038
parcialmenteOrdenados;po1000.txt;0.000037
parcialmenteOrdenados;po1000.txt;0.000039
parcialmenteOrdenados;po1000.txt;0.000037
parcialmenteOrdenados;po1000.txt;0.000040
parcialmenteOrdenados;po1000.txt;0.000040
parcialmenteOrdenados;po1000.txt;0.000039
parcialmenteOrdenados;po1000.txt;0.000039
parcialmenteOrdenados;po1000.txt;0.000036
parcialmenteOrdenados;po1000.txt;0.000038
parcialmenteOrdenados;po1000.txt;0.000039
parcialmenteOrdenados;po2000.txt;0.000036
parcialmenteOrdenados;po2000.txt;0.000034
parcialmenteOrdenados;po2000.txt;0.000035
parcialmenteOrdenados;po2000.txt;0.000037
parcialmenteOrdenados;po2000.txt;0.000038
parcialmenteOrdenados;po2000.txt;0.000034
parcialmenteOrdenados;po2000.txt;0.000035
parcialmenteOrdenados;po2000.txt;0.000037
parcialmenteOrdenados;po2000.txt;0.000036
parcialmenteOrdenados;po2000.txt;0.000035
parcialmenteOrdenados;po2000.txt;0.000038
parcialmenteOrdenados;po2000.txt;0.000036
parcialmenteOrdenados;po2000.txt;0.000038
parcialmenteOrdenados;po2000.txt;0.000038
parcialmenteOrdenados;po2000.txt;0.000037
parcialmenteOrdenados;po2000.txt;0.000037
parcialmenteOrdenados;po2000.txt;0.000037
parcialmenteOrdenados;po2000.txt;0.000036
parcialmenteOrdenados;po2000.txt;0.000034
parcialmenteOrdenados;po2000.txt;0.000034
parcialmenteOrdenados;po2000.txt;0.000033
parcialmenteOrdenados;po2000.txt;0.000038
parcialmenteOrdenados;po2000.txt;0.000036
parcialmenteOrdenados;po2000.txt;0.000038
parcialmenteOrdenados;po2000.txt;0.000038
parcialmenteOrdenados;po2000.txt;0.000036
parcialmenteOrdenados;po2000.txt;0.000035
parcialmenteOrdenados;po2000.txt;0.000044
parcialmenteOrdenados;po2000.txt;0.000038
parcialmenteOrdenados;po2000.txt;0.000037
parcialmenteOrdenados;po5000.txt;0.000190
parcialmenteOrdenados;po5000.txt;0.000173
parcialmenteOrdenados;po5000.txt;0.000188
parcialmenteOrdenados;po5000.txt;0.000175
parcialmenteOrdenados;po5000.txt;0.000195
parcialmenteOrdenados;po5000.txt;0.000189
parcialmenteOrdenados;po5000.txt;0.000184
parcialmenteOrdenados;po5000.txt;0.000174
parcialmenteOrdenados;po5000.txt;0.000190
parcialmenteOrdenados;po5000.txt;0.000181
parcialmenteOrdenados;po5000.txt;0.000197
parcialmenteOrdenados;po5000.txt;0.000191
parcialmenteOrdenados;po5000.txt;0.000202
parcialmenteOrdenados;po5000.txt;0.000170
parcialmenteOrdenados;po5000.txt;0.000199
parcialmenteOrdenados;po5000.txt;0.000191
parcialmenteOrdenados;po5000.txt;0.000188
parcialmenteOrdenados;po5000.txt;0.000173
parcialmenteOrdenados;po5000.txt;0.000188
parcialmenteOrdenados;po5000.txt;0.000181
parcialmenteOrdenados;po5000.txt;0.000172
parcialmenteOrdenados;po5000.txt;0.000201
parcialmenteOrdenados;po5000.txt;0.000172
parcialmenteOrdenados;po5000.txt;0.000190
parcialmenteOrdenados;po5000.txt;0.000172
parcialmenteOrdenados;po5000.txt;0.000183
parcialmenteOrdenados;po5000.txt;0.000186
parcialmenteOrdenados;po5000.txt;0.000195
parcialmenteOrdenados;po5000.txt;0.000176
parcialmenteOrdenados;po5000.txt;0.000180
parcialmenteOrdenados;po7500.txt;0.000158
parcialmenteOrdenados;po7500.txt;0.000166
parcialmenteOrdenados;po7500.txt;0.000163
parcialmenteOrdenados;po7500.txt;0.000159
parcialmenteOrdenados;po7500.txt;0.000158
parcialmenteOrdenados;po7500.txt;0.000162
parcialmenteOrdenados;po7500.txt;0.000159
parcialmenteOrdenados;po7500.txt;0.000126
parcialmenteOrdenados;po7500.txt;0.000162
parcialmenteOrdenados;po7500.txt;0.000140
parcialmenteOrdenados;po7500.txt;0.000164
parcialmenteOrdenados;po7500.txt;0.000158
parcialmenteOrdenados;po7500.txt;0.000172
parcialmenteOrdenados;po7500.txt;0.000160
parcialmenteOrdenados;po7500.txt;0.000158
parcialmenteOrdenados;po7500.txt;0.000164
parcialmenteOrdenados;po7500.txt;0.000159
parcialmenteOrdenados;po7500.txt;0.000158
parcialmenteOrdenados;po7500.txt;0.000159
parcialmenteOrdenados;po7500.txt;0.000171
parcialmenteOrdenados;po7500.txt;0.000158
parcialmenteOrdenados;po7500.txt;0.000158
parcialmenteOrdenados;po7500.txt;0.000162
parcialmenteOrdenados;po7500.txt;0.000158
parcialmenteOrdenados;po7500.txt;0.000160
parcialmenteOrdenados;po7500.txt;0.000154
parcialmenteOrdenados;po7500.txt;0.000163
parcialmenteOrdenados;po7500.txt;0.000167
parcialmenteOrdenados;po7500.txt;0.000164
parcialmenteOrdenados;po7500.txt;0.000164
parcialmenteOrdenados;po10000.txt;0.000129
parcialmenteOrdenados;po10000.txt;0.000141
parcialmenteOrdenados;po10000.txt;0.000140
parcialmenteOrdenados;po10000.txt;0.000116
parcialmenteOrdenados;po10000.txt;0.000115
parcialmenteOrdenados;po10000.txt;0.000140
parcialmenteOrdenados;po10000.txt;0.000145
parcialmenteOrdenados;po10000.txt;0.000115
parcialmenteOrdenados;po10000.txt;0.000115
parcialmenteOrdenados;po10000.txt;0.000149
parcialmenteOrdenados;po10000.txt;0.000118
parcialmenteOrdenados;po10000.txt;0.000116
parcialmenteOrdenados;po10000.txt;0.000140
parcialmenteOrdenados;po10000.txt;0.000114
parcialmenteOrdenados;po10000.txt;0.000116
parcialmenteOrdenados;po10000.txt;0.000114
parcialmenteOrdenados;po10000.txt;0.000139
parcialmenteOrdenados;po10000.txt;0.000140
parcialmenteOrdenados;po10000.txt;0.000050
parcialmenteOrdenados;po10000.txt;0.000116
parcialmenteOrdenados;po10000.txt;0.000140
parcialmenteOrdenados;po10000.txt;0.000115
parcialmenteOrdenados;po10000.txt;0.000142
parcialmenteOrdenados;po10000.txt;0.000117
parcialmenteOrdenados;po10000.txt;0.000140
parcialmenteOrdenados;po10000.txt;0.000116
parcialmenteOrdenados;po10000.txt;0.000148
parcialmenteOrdenados;po10000.txt;0.000117
parcialmenteOrdenados;po10000.txt;0.000140
parcialmenteOrdenados;po10000.txt;0.000115
parcialmenteOrdenados;po15000.txt;0.000271
parcialmenteOrdenados;po15000.txt;0.000262
parcialmenteOrdenados;po15000.txt;0.000260
parcialmenteOrdenados;po15000.txt;0.000257
parcialmenteOrdenados;po15000.txt;0.000278
parcialmenteOrdenados;po15000.txt;0.000265
parcialmenteOrdenados;po15000.txt;0.000268
parcialmenteOrdenados;po15000.txt;0.000270
parcialmenteOrdenados;po15000.txt;0.000254
parcialmenteOrdenados;po15000.txt;0.000274
parcialmenteOrdenados;po15000.txt;0.000271
parcialmenteOrdenados;po15000.txt;0.000270
parcialmenteOrdenados;po15000.txt;0.000278
parcialmenteOrdenados;po15000.txt;0.000263
parcialmenteOrdenados;po15000.txt;0.000255
parcialmenteOrdenados;po15000.txt;0.000261
parcialmenteOrdenados;po15000.txt;0.000270
parcialmenteOrdenados;po15000.txt;0.000245
parcialmenteOrdenados;po15000.txt;0.000269
parcialmenteOrdenados;po15000.txt;0.000259
parcialmenteOrdenados;po15000.txt;0.000255
parcialmenteOrdenados;po15000.txt;0.000260
parcialmenteOrdenados;po15000.txt;0.000253
parcialmenteOrdenados;po15000.txt;0.000261
parcialmenteOrdenados;po15000.txt;0.000266
parcialmenteOrdenados;po15000.txt;0.000262
parcialmenteOrdenados;po15000.txt;0.000255
parcialmenteOrdenados;po15000.txt;0.000257
parcialmenteOrdenados;po15000.txt;0.000278
parcialmenteOrdenados;po15000.txt;0.000266
parcialmenteOrdenados;po30000.txt;0.000392
parcialmenteOrdenados;po30000.txt;0.000381
parcialmenteOrdenados;po30000.txt;0.000376
parcialmenteOrdenados;po30000.txt;0.000378
parcialmenteOrdenados;po30000.txt;0.000404
parcialmenteOrdenados;po30000.txt;0.000376
parcialmenteOrdenados;po30000.txt;0.000376
parcialmenteOrdenados;po30000.txt;0.000376
parcialmenteOrdenados;po30000.txt;0.000376
parcialmenteOrdenados;po30000.txt;0.000376
parcialmenteOrdenados;po30000.txt;0.000379
parcialmenteOrdenados;po30000.txt;0.000408
parcialmenteOrdenados;po30000.txt;0.000390
parcialmenteOrdenados;po30000.txt;0.000387
parcialmenteOrdenados;po30000.txt;0.000438
parcialmenteOrdenados;po30000.txt;0.000407
parcialmenteOrdenados;po30000.txt;0.000378
parcialmenteOrdenados;po30000.txt;0.000384
parcialmenteOrdenados;po30000.txt;0.000400
parcialmenteOrdenados;po30000.txt;0.000374
parcialmenteOrdenados;po30000.txt;0.000375
parcialmenteOrdenados;po30000.txt;0.000395
parcialmenteOrdenados;po30000.txt;0.000400
parcialmenteOrdenados;po30000.txt;0.000377
parcialmenteOrdenados;po30000.txt;0.000380
parcialmenteOrdenados;po30000.txt;0.000375
parcialmenteOrdenados;po30000.txt;0.000376
parcialmenteOrdenados;po30000.txt;0.000399
parcialmenteOrdenados;po30000.txt;0.000378
parcialmenteOrdenados;po30000.txt;0.000378
parcialmenteOrdenados;po50000.txt;0.000749
parcialmenteOrdenados;po50000.txt;0.000748
parcialmenteOrdenados;po50000.txt;0.000760
parcialmenteOrdenados;po50000.txt;0.000757
parcialmenteOrdenados;po50000.txt;0.000762
parcialmenteOrdenados;po50000.txt;0.000757
parcialmenteOrdenados;po50000.txt;0.000762
parcialmenteOrdenados;po50000.txt;0.000762
parcialmenteOrdenados;po50000.txt;0.000747
parcialmenteOrdenados;po50000.txt;0.000753
parcialmenteOrdenados;po50000.txt;0.000747
parcialmenteOrdenados;po50000.txt;0.000754
parcialmenteOrdenados;po50000.txt;0.000756
parcialmenteOrdenados;po50000.txt;0.000759
parcialmenteOrdenados;po50000.txt;0.000748
parcialmenteOrdenados;po50000.txt;0.000757
parcialmenteOrdenados;po50000.txt;0.000762
parcialmenteOrdenados;po50000.txt;0.000751
parcialmenteOrdenados;po50000.txt;0.000933
parcialmenteOrdenados;po50000.txt;0.000708
parcialmenteOrdenados;po50000.txt;0.000749
parcialmenteOrdenados;po50000.txt;0.000755
parcialmenteOrdenados;po50000.txt;0.000753
parcialmenteOrdenados;po50000.txt;0.000612
parcialmenteOrdenados;po50000.txt;0.000923
parcialmenteOrdenados;po50000.txt;0.000789
parcialmenteOrdenados;po50000.txt;0.000763
parcialmenteOrdenados;po50000.txt;0.000751
parcialmenteOrdenados;po50000.txt;0.000747
parcialmenteOrdenados;po50000.txt;0.000782
parcialmenteOrdenados;po75000.txt;0.000759
parcialmenteOrdenados;po75000.txt;0.000760
parcialmenteOrdenados;po75000.txt;0.000756
parcialmenteOrdenados;po75000.txt;0.000761
parcialmenteOrdenados;po75000.txt;0.000754
parcialmenteOrdenados;po75000.txt;0.000754
parcialmenteOrdenados;po75000.txt;0.000759
parcialmenteOrdenados;po75000.txt;0.000359
parcialmenteOrdenados;po75000.txt;0.000763
parcialmenteOrdenados;po75000.txt;0.000768
parcialmenteOrdenados;po75000.txt;0.000767
parcialmenteOrdenados;po75000.txt;0.000760
parcialmenteOrdenados;po75000.txt;0.000759
parcialmenteOrdenados;po75000.txt;0.000646
parcialmenteOrdenados;po75000.txt;0.000764
parcialmenteOrdenados;po75000.txt;0.000763
parcialmenteOrdenados;po75000.txt;0.000761
parcialmenteOrdenados;po75000.txt;0.000766
parcialmenteOrdenados;po75000.txt;0.000769
parcialmenteOrdenados;po75000.txt;0.000312
parcialmenteOrdenados;po75000.txt;0.000761
parcialmenteOrdenados;po75000.txt;0.000763
parcialmenteOrdenados;po75000.txt;0.000343
parcialmenteOrdenados;po75000.txt;0.000989
parcialmenteOrdenados;po75000.txt;0.000770
parcialmenteOrdenados;po75000.txt;0.000385
parcialmenteOrdenados;po75000.txt;0.000761
parcialmenteOrdenados;po75000.txt;0.001086
parcialmenteOrdenados;po75000.txt;0.000353
parcialmenteOrdenados;po75000.txt;0.000762
parcialmenteOrdenados;po100000.txt;0.001220
parcialmenteOrdenados;po100000.txt;0.001257
parcialmenteOrdenados;po100000.txt;0.000566
parcialmenteOrdenados;po100000.txt;0.000427
parcialmenteOrdenados;po100000.txt;0.000934
parcialmenteOrdenados;po100000.txt;0.000935
parcialmenteOrdenados;po100000.txt;0.001187
parcialmenteOrdenados;po100000.txt;0.001145
parcialmenteOrdenados;po100000.txt;0.000912
parcialmenteOrdenados;po100000.txt;0.000929
parcialmenteOrdenados;po100000.txt;0.000432
parcialmenteOrdenados;po100000.txt;0.000936
parcialmenteOrdenados;po100000.txt;0.000940
parcialmenteOrdenados;po100000.txt;0.000331
parcialmenteOrdenados;po100000.txt;0.001271
parcialmenteOrdenados;po100000.txt;0.001113
parcialmenteOrdenados;po100000.txt;0.001095
parcialmenteOrdenados;po100000.txt;0.000917
parcialmenteOrdenados;po100000.txt;0.000930
parcialmenteOrdenados;po100000.txt;0.000925
parcialmenteOrdenados;po100000.txt;0.000909
parcialmenteOrdenados;po100000.txt;0.000974
parcialmenteOrdenados;po100000.txt;0.001229
parcialmenteOrdenados;po100000.txt;0.000913
parcialmenteOrdenados;po100000.txt;0.001252
parcialmenteOrdenados;po100000.txt;0.000937
parcialmenteOrdenados;po100000.txt;0.001178
parcialmenteOrdenados;po100000.txt;0.000933
parcialmenteOrdenados;po100000.txt;0.000918
parcialmenteOrdenados;po100000.txt;0.001221
parcialmenteOrdenados;po200000.txt;0.001871
parcialmenteOrdenados;po200000.txt;0.001889
parcialmenteOrdenados;po200000.txt;0.001884
parcialmenteOrdenados;po200000.txt;0.002211
parcialmenteOrdenados;po200000.txt;0.001870
parcialmenteOrdenados;po200000.txt;0.002521
parcialmenteOrdenados;po200000.txt;0.001509
parcialmenteOrdenados;po200000.txt;0.001887
parcialmenteOrdenados;po200000.txt;0.001875
parcialmenteOrdenados;po200000.txt;0.002047
parcialmenteOrdenados;po200000.txt;0.002654
parcialmenteOrdenados;po200000.txt;0.001875
parcialmenteOrdenados;po200000.txt;0.001882
parcialmenteOrdenados;po200000.txt;0.001233
parcialmenteOrdenados;po200000.txt;0.001986
parcialmenteOrdenados;po200000.txt;0.001883
parcialmenteOrdenados;po200000.txt;0.001868
parcialmenteOrdenados;po200000.txt;0.001854
parcialmenteOrdenados;po200000.txt;0.001354
parcialmenteOrdenados;po200000.txt;0.002642
parcialmenteOrdenados;po200000.txt;0.001874
parcialmenteOrdenados;po200000.txt;0.001900
parcialmenteOrdenados;po200000.txt;0.002228
parcialmenteOrdenados;po200000.txt;0.001003
parcialmenteOrdenados;po200000.txt;0.002178
parcialmenteOrdenados;po200000.txt;0.002260
parcialmenteOrdenados;po200000.txt;0.002286
parcialmenteOrdenados;po200000.txt;0.001879
parcialmenteOrdenados;po200000.txt;0.000723
parcialmenteOrdenados;po200000.txt;0.002526
parcialmenteOrdenados;po500000.txt;0.003753
parcialmenteOrdenados;po500000.txt;0.001573
parcialmenteOrdenados;po500000.txt;0.002137
parcialmenteOrdenados;po500000.txt;0.003369
parcialmenteOrdenados;po500000.txt;0.003771
parcialmenteOrdenados;po500000.txt;0.002629
parcialmenteOrdenados;po500000.txt;0.002346
parcialmenteOrdenados;po500000.txt;0.004226
parcialmenteOrdenados;po500000.txt;0.003775
parcialmenteOrdenados;po500000.txt;0.003743
parcialmenteOrdenados;po500000.txt;0.004846
parcialmenteOrdenados;po500000.txt;0.003871
parcialmenteOrdenados;po500000.txt;0.003820
parcialmenteOrdenados;po500000.txt;0.003856
parcialmenteOrdenados;po500000.txt;0.001470
parcialmenteOrdenados;po500000.txt;0.001990
parcialmenteOrdenados;po500000.txt;0.003781
parcialmenteOrdenados;po500000.txt;0.003761
parcialmenteOrdenados;po500000.txt;0.003694
parcialmenteOrdenados;po500000.txt;0.002932
parcialmenteOrdenados;po500000.txt;0.002532
parcialmenteOrdenados;po500000.txt;0.001451
parcialmenteOrdenados;po500000.txt;0.001411
parcialmenteOrdenados;po500000.txt;0.002638
parcialmenteOrdenados;po500000.txt;0.002312
parcialmenteOrdenados;po500000.txt;0.003863
parcialmenteOrdenados;po500000.txt;0.001819
parcialmenteOrdenados;po500000.txt;0.003007
parcialmenteOrdenados;po500000.txt;0.003753
parcialmenteOrdenados;po500000.txt;0.003831
parcialmenteOrdenados;po750000.txt;0.003905
parcialmenteOrdenados;po750000.txt;0.003559
parcialmenteOrdenados;po750000.txt;0.005719
parcialmenteOrdenados;po750000.txt;0.005420
parcialmenteOrdenados;po750000.txt;0.002436
parcialmenteOrdenados;po750000.txt;0.002128
parcialmenteOrdenados;po750000.txt;0.002258
parcialmenteOrdenados;po750000.txt;0.002352
parcialmenteOrdenados;po750000.txt;0.005732
parcialmenteOrdenados;po750000.txt;0.004538
parcialmenteOrdenados;po750000.txt;0.004976
parcialmenteOrdenados;po750000.txt;0.003673
parcialmenteOrdenados;po750000.txt;0.002133
parcialmenteOrdenados;po750000.txt;0.003393
parcialmenteOrdenados;po750000.txt;0.002115
parcialmenteOrdenados;po750000.txt;0.002873
parcialmenteOrdenados;po750000.txt;0.002358
parcialmenteOrdenados;po750000.txt;0.005439
parcialmenteOrdenados;po750000.txt;0.002457
parcialmenteOrdenados;po750000.txt;0.005071
parcialmenteOrdenados;po750000.txt;0.002483
parcialmenteOrdenados;po750000.txt;0.004893
parcialmenteOrdenados;po750000.txt;0.002456
parcialmenteOrdenados;po750000.txt;0.002879
parcialmenteOrdenados;po750000.txt;0.004919
parcialmenteOrdenados;po750000.txt;0.002779
parcialmenteOrdenados;po750000.txt;0.004161
parcialmenteOrdenados;po750000.txt;0.005243
parcialmenteOrdenados;po750000.txt;0.002173
parcialmenteOrdenados;po750000.txt;0.002143
parcialmenteOrdenados;po1000000.txt;0.004394
parcialmenteOrdenados;po1000000.txt;0.008960
parcialmenteOrdenados;po1000000.txt;0.008036
parcialmenteOrdenados;po1000000.txt;0.003048
parcialmenteOrdenados;po1000000.txt;0.003114
parcialmenteOrdenados;po1000000.txt;0.007156
parcialmenteOrdenados;po1000000.txt;0.005331
parcialmenteOrdenados;po1000000.txt;0.006055
parcialmenteOrdenados;po1000000.txt;0.003837
parcialmenteOrdenados;po1000000.txt;0.005790
parcialmenteOrdenados;po1000000.txt;0.003501
parcialmenteOrdenados;po1000000.txt;0.005305
parcialmenteOrdenados;po1000000.txt;0.007251
parcialmenteOrdenados;po1000000.txt;0.004789
parcialmenteOrdenados;po1000000.txt;0.002974
parcialmenteOrdenados;po1000000.txt;0.004029
parcialmenteOrdenados;po1000000.txt;0.002712
parcialmenteOrdenados;po1000000.txt;0.002823
parcialmenteOrdenados;po1000000.txt;0.006666
parcialmenteOrdenados;po1000000.txt;0.004542
parcialmenteOrdenados;po1000000.txt;0.004063
parcialmenteOrdenados;po1000000.txt;0.003109
parcialmenteOrdenados;po1000000.txt;0.002835
parcialmenteOrdenados;po1000000.txt;0.002899
parcialmenteOrdenados;po1000000.txt;0.003555
parcialmenteOrdenados;po1000000.txt;0.007086
parcialmenteOrdenados;po1000000.txt;0.003932
parcialmenteOrdenados;po1000000.txt;0.006669
parcialmenteOrdenados;po1000000.txt;0.004737
parcialmenteOrdenados;po1000000.txt;0.003922
parcialmenteOrdenados;po1250000.txt;0.003706
parcialmenteOrdenados;po1250000.txt;0.003588
parcialmenteOrdenados;po1250000.txt;0.004542
parcialmenteOrdenados;po1250000.txt;0.004308
parcialmenteOrdenados;po1250000.txt;0.003553
parcialmenteOrdenados;po1250000.txt;0.004436
parcialmenteOrdenados;po1250000.txt;0.005394
parcialmenteOrdenados;po1250000.txt;0.003519
parcialmenteOrdenados;po1250000.txt;0.007623
parcialmenteOrdenados;po1250000.txt;0.003861
parcialmenteOrdenados;po1250000.txt;0.006911
parcialmenteOrdenados;po1250000.txt;0.004254
parcialmenteOrdenados;po1250000.txt;0.004995
parcialmenteOrdenados;po1250000.txt;0.008631
parcialmenteOrdenados;po1250000.txt;0.003627
parcialmenteOrdenados;po1250000.txt;0.005574
parcialmenteOrdenados;po1250000.txt;0.004029
parcialmenteOrdenados;po1250000.txt;0.004307
parcialmenteOrdenados;po1250000.txt;0.003663
parcialmenteOrdenados;po1250000.txt;0.005943
parcialmenteOrdenados;po1250000.txt;0.003526
parcialmenteOrdenados;po1250000.txt;0.003571
parcialmenteOrdenados;po1250000.txt;0.008392
parcialmenteOrdenados;po1250000.txt;0.004740
parcialmenteOrdenados;po1250000.txt;0.006722
parcialmenteOrdenados;po1250000.txt;0.003633
parcialmenteOrdenados;po1250000.txt;0.003501
parcialmenteOrdenados;po1250000.txt;0.005686
parcialmenteOrdenados;po1250000.txt;0.005992
parcialmenteOrdenados;po1250000.txt;0.008652
parcialmenteOrdenados;po1500000.txt;0.004716
parcialmenteOrdenados;po1500000.txt;0.003924
parcialmenteOrdenados;po1500000.txt;0.005152
parcialmenteOrdenados;po1500000.txt;0.004004
parcialmenteOrdenados;po1500000.txt;0.007488
parcialmenteOrdenados;po1500000.txt;0.006329
parcialmenteOrdenados;po1500000.txt;0.003970
parcialmenteOrdenados;po1500000.txt;0.009221
parcialmenteOrdenados;po1500000.txt;0.005441
parcialmenteOrdenados;po1500000.txt;0.003960
parcialmenteOrdenados;po1500000.txt;0.005398
parcialmenteOrdenados;po1500000.txt;0.004050
parcialmenteOrdenados;po1500000.txt;0.004874
parcialmenteOrdenados;po1500000.txt;0.003990
parcialmenteOrdenados;po1500000.txt;0.007219
parcialmenteOrdenados;po1500000.txt;0.004346
parcialmenteOrdenados;po1500000.txt;0.006822
parcialmenteOrdenados;po1500000.txt;0.003975
parcialmenteOrdenados;po1500000.txt;0.004956
parcialmenteOrdenados;po1500000.txt;0.007726
parcialmenteOrdenados;po1500000.txt;0.004415
parcialmenteOrdenados;po1500000.txt;0.005142
parcialmenteOrdenados;po1500000.txt;0.003958
parcialmenteOrdenados;po1500000.txt;0.007009
parcialmenteOrdenados;po1500000.txt;0.004011
parcialmenteOrdenados;po1500000.txt;0.006190
parcialmenteOrdenados;po1500000.txt;0.004485
parcialmenteOrdenados;po1500000.txt;0.007714
parcialmenteOrdenados;po1500000.txt;0.004903
parcialmenteOrdenados;po1500000.txt;0.003903
parcialmenteOrdenados;po2000000.txt;0.005310
parcialmenteOrdenados;po2000000.txt;0.005348
parcialmenteOrdenados;po2000000.txt;0.006912
parcialmenteOrdenados;po2000000.txt;0.005383
parcialmenteOrdenados;po2000000.txt;0.005296
parcialmenteOrdenados;po2000000.txt;0.005251
parcialmenteOrdenados;po2000000.txt;0.005460
parcialmenteOrdenados;po2000000.txt;0.006175
parcialmenteOrdenados;po2000000.txt;0.005269
parcialmenteOrdenados;po2000000.txt;0.005615
parcialmenteOrdenados;po2000000.txt;0.006162
parcialmenteOrdenados;po2000000.txt;0.005643
parcialmenteOrdenados;po2000000.txt;0.005103
parcialmenteOrdenados;po2000000.txt;0.005401
parcialmenteOrdenados;po2000000.txt;0.006007
parcialmenteOrdenados;po2000000.txt;0.005319
parcialmenteOrdenados;po2000000.txt;0.005290
parcialmenteOrdenados;po2000000.txt;0.005151
parcialmenteOrdenados;po2000000.txt;0.006050
parcialmenteOrdenados;po2000000.txt;0.007763
parcialmenteOrdenados;po2000000.txt;0.005283
parcialmenteOrdenados;po2000000.txt;0.006287
parcialmenteOrdenados;po2000000.txt;0.005397
parcialmenteOrdenados;po2000000.txt;0.007537
parcialmenteOrdenados;po2000000.txt;0.010958
parcialmenteOrdenados;po2000000.txt;0.005623
parcialmenteOrdenados;po2000000.txt;0.005268
parcialmenteOrdenados;po2000000.txt;0.005233
parcialmenteOrdenados;po2000000.txt;0.005451
parcialmenteOrdenados;po2000000.txt;0.005194
