Pasta;Arquivo;Tempo_Segundos
parcialmenteOrdenados;po100.txt;0.000007
parcialmenteOrdenados;po100.txt;0.000006
parcialmenteOrdenados;po100.txt;0.000009
parcialmenteOrdenados;po100.txt;0.000009
parcialmenteOrdenados;po100.txt;0.000007
parcialmenteOrdenados;po100.txt;0.000007
parcialmenteOrdenados;po100.txt;0.000010
parcialmenteOrdenados;po100.txt;0.000007
parcialmenteOrdenados;po100.txt;0.000006
parcialmenteOrdenados;po100.txt;0.000007
parcialmenteOrdenados;po100.txt;0.000006
parcialmenteOrdenados;po100.txt;0.000006
parcialmenteOrdenados;po100.txt;0.000006
parcialmenteOrdenados;po100.txt;0.000007
parcialmenteOrdenados;po100.txt;0.000024
parcialmenteOrdenados;po100.txt;0.000006
parcialmenteOrdenados;po100.txt;0.000006
parcialmenteOrdenados;po100.txt;0.000006
parcialmenteOrdenados;po100.txt;0.000006
parcialmenteOrdenados;po100.txt;0.000006
parcialmenteOrdenados;po100.txt;0.000006
parcialmenteOrdenados;po100.txt;0.000006
parcialmenteOrdenados;po100.txt;0.000008
parcialmenteOrdenados;po100.txt;0.000007
parcialmenteOrdenados;po100.txt;0.000021
parcialmenteOrdenados;po100.txt;0.000012
parcialmenteOrdenados;po100.txt;0.000007
parcialmenteOrdenados;po100.txt;0.000007
parcialmenteOrdenados;po100.txt;0.000007
parcialmenteOrdenados;po100.txt;0.000007
parcialmenteOrdenados;po200.txt;0.000014
parcialmenteOrdenados;po200.txt;0.000030
parcialmenteOrdenados;po200.txt;0.000014
parcialmenteOrdenados;po200.txt;0.000013
parcialmenteOrdenados;po200.txt;0.000013
parcialmenteOrdenados;po200.txt;0.000015
parcialmenteOrdenados;po200.txt;0.000013
parcialmenteOrdenados;po200.txt;0.000020
parcialmenteOrdenados;po200.txt;0.000011
parcialmenteOrdenados;po200.txt;0.000011
parcialmenteOrdenados;po200.txt;0.000014
parcialmenteOrdenados;po200.txt;0.000015
parcialmenteOrdenados;po200.txt;0.000013
parcialmenteOrdenados;po200.txt;0.000020
parcialmenteOrdenados;po200.txt;0.000033
parcialmenteOrdenados;po200.txt;0.000013
parcialmenteOrdenados;po200.txt;0.000011
parcialmenteOrdenados;po200.txt;0.000011
parcialmenteOrdenados;po200.txt;0.000013
parcialmenteOrdenados;po200.txt;0.000011
parcialmenteOrdenados;po200.txt;0.000015
parcialmenteOrdenados;po200.txt;0.000013
parcialmenteOrdenados;po200.txt;0.000012
parcialmenteOrdenados;po200.txt;0.000023
parcialmenteOrdenados;po200.txt;0.000013
parcialmenteOrdenados;po200.txt;0.000014
parcialmenteOrdenados;po200.txt;0.000022
parcialmenteOrdenados;po200.txt;0.000025
parcialmenteOrdenados;po200.txt;0.000011
parcialmenteOrdenados;po200.txt;0.000012
parcialmenteOrdenados;po500.txt;0.000062
parcialmenteOrdenados;po500.txt;0.000021
parcialmenteOrdenados;po500.txt;0.000027
parcialmenteOrdenados;po500.txt;0.000022
parcialmenteOrdenados;po500.txt;0.000018
parcialmenteOrdenados;po500.txt;0.000020
parcialmenteOrdenados;po500.txt;0.000021
parcialmenteOrdenados;po500.txt;0.000021
parcialmenteOrdenados;po500.txt;0.000021
parcialmenteOrdenados;po500.txt;0.000021
parcialmenteOrdenados;po500.txt;0.000021
parcialmenteOrdenados;po500.txt;0.000027
parcialmenteOrdenados;po500.txt;0.000040
parcialmenteOrdenados;po500.txt;0.000019
parcialmenteOrdenados;po500.txt;0.000072
parcialmenteOrdenados;po500.txt;0.000021
parcialmenteOrdenados;po500.txt;0.000020
parcialmenteOrdenados;po500.txt;0.000028
parcialmenteOrdenados;po500.txt;0.000029
parcialmenteOrdenados;po500.txt;0.000018
parcialmenteOrdenados;po500.txt;0.000030
parcialmenteOrdenados;po500.txt;0.000024
parcialmenteOrdenados;po500.txt;0.000022
parcialmenteOrdenados;po500.txt;0.000020
parcialmenteOrdenados;po500.txt;0.000021
parcialmenteOrdenados;po500.txt;0.000053
parcialmenteOrdenados;po500.txt;0.000024
parcialmenteOrdenados;po500.txt;0.000021
parcialmenteOrdenados;po500.txt;0.000022
parcialmenteOrdenados;po500.txt;0.000021
parcialmenteOrdenados;po1000.txt;0.000034
parcialmenteOrdenados;po1000.txt;0.000029
parcialmenteOrdenados;po1000.txt;0.000029
parcialmenteOrdenados;po1000.txt;0.000024
parcialmenteOrdenados;po1000.txt;0.000028
parcialmenteOrdenados;po1000.txt;0.000028
parcialmenteOrdenados;po1000.txt;0.000028
parcialmenteOrdenados;po1000.txt;0.000040
parcialmenteOrdenados;po1000.txt;0.000049
parcialmenteOrdenados;po1000.txt;0.000036
parcialmenteOrdenados;po1000.txt;0.000041
parcialmenteOrdenados;po1000.txt;0.000025
parcialmenteOrdenados;po1000.txt;0.000033
parcialmenteOrdenados;po1000.txt;0.000028
parcialmenteOrdenados;po1000.txt;0.000029
parcialmenteOrdenados;po1000.txt;0.000048
parcialmenteOrdenados;po1000.txt;0.000024
parcialmenteOrdenados;po1000.txt;0.000026
parcialmenteOrdenados;po1000.txt;0.000039
parcialmenteOrdenados;po1000.txt;0.000029
parcialmenteOrdenados;po1000.txt;0.000029
parcialmenteOrdenados;po1000.txt;0.000047
parcialmenteOrdenados;po1000.txt;0.000023
parcialmenteOrdenados;po1000.txt;0.000026
parcialmenteOrdenados;po1000.txt;0.000053
parcialmenteOrdenados;po1000.txt;0.000028
parcialmenteOrdenados;po1000.txt;0.000026
parcialmenteOrdenados;po1000.txt;0.000031
parcialmenteOrdenados;po1000.txt;0.000024
parcialmenteOrdenados;po1000.txt;0.000029
parcialmenteOrdenados;po2000.txt;0.000045
parcialmenteOrdenados;po2000.txt;0.000039
parcialmenteOrdenados;po2000.txt;0.000040
parcialmenteOrdenados;po2000.txt;0.000032
parcialmenteOrdenados;po2000.txt;0.000040
parcialmenteOrdenados;po2000.txt;0.000043
parcialmenteOrdenados;po2000.txt;0.000034
parcialmenteOrdenados;po2000.txt;0.000038
parcialmenteOrdenados;po2000.txt;0.000038
parcialmenteOrdenados;po2000.txt;0.000041
parcialmenteOrdenados;po2000.txt;0.000038
parcialmenteOrdenados;po2000.txt;0.000038
parcialmenteOrdenados;po2000.txt;0.000064
parcialmenteOrdenados;po2000.txt;0.000038
parcialmenteOrdenados;po2000.txt;0.000057
parcialmenteOrdenados;po2000.txt;0.000055
parcialmenteOrdenados;po2000.txt;0.000039
parcialmenteOrdenados;po2000.txt;0.000043
parcialmenteOrdenados;po2000.txt;0.000085
parcialmenteOrdenados;po2000.txt;0.000055
parcialmenteOrdenados;po2000.txt;0.000093
parcialmenteOrdenados;po2000.txt;0.000033
parcialmenteOrdenados;po2000.txt;0.000034
parcialmenteOrdenados;po2000.txt;0.000040
parcialmenteOrdenados;po2000.txt;0.000093
parcialmenteOrdenados;po2000.txt;0.000032
parcialmenteOrdenados;po2000.txt;0.000034
parcialmenteOrdenados;po2000.txt;0.000072
parcialmenteOrdenados;po2000.txt;0.000055
parcialmenteOrdenados;po2000.txt;0.000037
parcialmenteOrdenados;po5000.txt;0.000035
parcialmenteOrdenados;po5000.txt;0.000048
parcialmenteOrdenados;po5000.txt;0.000040
parcialmenteOrdenados;po5000.txt;0.000040
parcialmenteOrdenados;po5000.txt;0.000061
parcialmenteOrdenados;po5000.txt;0.000042
parcialmenteOrdenados;po5000.txt;0.000033
parcialmenteOrdenados;po5000.txt;0.000033
parcialmenteOrdenados;po5000.txt;0.000032
parcialmenteOrdenados;po5000.txt;0.000034
parcialmenteOrdenados;po5000.txt;0.000033
parcialmenteOrdenados;po5000.txt;0.000033
parcialmenteOrdenados;po5000.txt;0.000033
parcialmenteOrdenados;po5000.txt;0.000038
parcialmenteOrdenados;po5000.txt;0.000053
parcialmenteOrdenados;po5000.txt;0.000055
parcialmenteOrdenados;po5000.txt;0.000059
parcialmenteOrdenados;po5000.txt;0.000061
parcialmenteOrdenados;po5000.txt;0.000054
parcialmenteOrdenados;po5000.txt;0.000060
parcialmenteOrdenados;po5000.txt;0.000040
parcialmenteOrdenados;po5000.txt;0.000045
parcialmenteOrdenados;po5000.txt;0.000055
parcialmenteOrdenados;po5000.txt;0.000042
parcialmenteOrdenados;po5000.txt;0.000033
parcialmenteOrdenados;po5000.txt;0.000057
parcialmenteOrdenados;po5000.txt;0.000037
parcialmenteOrdenados;po5000.txt;0.000034
parcialmenteOrdenados;po5000.txt;0.000056
parcialmenteOrdenados;po5000.txt;0.000038
parcialmenteOrdenados;po7500.txt;0.000044
parcialmenteOrdenados;po7500.txt;0.000055
parcialmenteOrdenados;po7500.txt;0.000055
parcialmenteOrdenados;po7500.txt;0.000045
parcialmenteOrdenados;po7500.txt;0.000057
parcialmenteOrdenados;po7500.txt;0.000044
parcialmenteOrdenados;po7500.txt;0.000064
parcialmenteOrdenados;po7500.txt;0.000045
parcialmenteOrdenados;po7500.txt;0.000088
parcialmenteOrdenados;po7500.txt;0.000045
parcialmenteOrdenados;po7500.txt;0.000044
parcialmenteOrdenados;po7500.txt;0.000054
parcialmenteOrdenados;po7500.txt;0.000046
parcialmenteOrdenados;po7500.txt;0.000056
parcialmenteOrdenados;po7500.txt;0.000047
parcialmenteOrdenados;po7500.txt;0.000044
parcialmenteOrdenados;po7500.txt;0.000045
parcialmenteOrdenados;po7500.txt;0.000054
parcialmenteOrdenados;po7500.txt;0.000058
parcialmenteOrdenados;po7500.txt;0.000048
parcialmenteOrdenados;po7500.txt;0.000043
parcialmenteOrdenados;po7500.txt;0.000063
parcialmenteOrdenados;po7500.txt;0.000079
parcialmenteOrdenados;po7500.txt;0.000053
parcialmenteOrdenados;po7500.txt;0.000052
parcialmenteOrdenados;po7500.txt;0.000045
parcialmenteOrdenados;po7500.txt;0.000102
parcialmenteOrdenados;po7500.txt;0.000089
parcialmenteOrdenados;po7500.txt;0.000048
parcialmenteOrdenados;po7500.txt;0.000056
parcialmenteOrdenados;po10000.txt;0.000076
parcialmenteOrdenados;po10000.txt;0.000060
parcialmenteOrdenados;po10000.txt;0.000063
parcialmenteOrdenados;po10000.txt;0.000050
parcialmenteOrdenados;po10000.txt;0.000064
parcialmenteOrdenados;po10000.txt;0.000062
parcialmenteOrdenados;po10000.txt;0.000062
parcialmenteOrdenados;po10000.txt;0.000064
parcialmenteOrdenados;po10000.txt;0.000083
parcialmenteOrdenados;po10000.txt;0.000081
parcialmenteOrdenados;po10000.txt;0.000050
parcialmenteOrdenados;po10000.txt;0.000065
parcialmenteOrdenados;po10000.txt;0.000069
parcialmenteOrdenados;po10000.txt;0.000056
parcialmenteOrdenados;po10000.txt;0.000051
parcialmenteOrdenados;po10000.txt;0.000052
parcialmenteOrdenados;po10000.txt;0.000077
parcialmenteOrdenados;po10000.txt;0.000078
parcialmenteOrdenados;po10000.txt;0.000059
parcialmenteOrdenados;po10000.txt;0.000123
parcialmenteOrdenados;po10000.txt;0.000051
parcialmenteOrdenados;po10000.txt;0.000049
parcialmenteOrdenados;po10000.txt;0.000083
parcialmenteOrdenados;po10000.txt;0.000051
parcialmenteOrdenados;po10000.txt;0.000063
parcialmenteOrdenados;po10000.txt;0.000051
parcialmenteOrdenados;po10000.txt;0.000050
parcialmenteOrdenados;po10000.txt;0.000049
parcialmenteOrdenados;po10000.txt;0.000124
parcialmenteOrdenados;po10000.txt;0.000061
parcialmenteOrdenados;po15000.txt;0.000071
parcialmenteOrdenados;po15000.txt;0.000079
parcialmenteOrdenados;po15000.txt;0.000068
parcialmenteOrdenados;po15000.txt;0.000117
parcialmenteOrdenados;po15000.txt;0.000085
parcialmenteOrdenados;po15000.txt;0.000083
parcialmenteOrdenados;po15000.txt;0.000089
parcialmenteOrdenados;po15000.txt;0.000109
parcialmenteOrdenados;po15000.txt;0.000070
parcialmenteOrdenados;po15000.txt;0.000072
parcialmenteOrdenados;po15000.txt;0.000085
parcialmenteOrdenados;po15000.txt;0.000082
parcialmenteOrdenados;po15000.txt;0.000084
parcialmenteOrdenados;po15000.txt;0.000141
parcialmenteOrdenados;po15000.txt;0.000095
parcialmenteOrdenados;po15000.txt;0.000207
parcialmenteOrdenados;po15000.txt;0.000083
parcialmenteOrdenados;po15000.txt;0.000082
parcialmenteOrdenados;po15000.txt;0.000085
parcialmenteOrdenados;po15000.txt;0.000136
parcialmenteOrdenados;po15000.txt;0.000084
parcialmenteOrdenados;po15000.txt;0.000087
parcialmenteOrdenados;po15000.txt;0.000136
parcialmenteOrdenados;po15000.txt;0.000098
parcialmenteOrdenados;po15000.txt;0.000085
parcialmenteOrdenados;po15000.txt;0.000089
parcialmenteOrdenados;po15000.txt;0.000098
parcialmenteOrdenados;po15000.txt;0.000084
parcialmenteOrdenados;po15000.txt;0.000084
parcialmenteOrdenados;po15000.txt;0.000109
parcialmenteOrdenados;po30000.txt;0.000107
parcialmenteOrdenados;po30000.txt;0.000110
parcialmenteOrdenados;po30000.txt;0.000108
parcialmenteOrdenados;po30000.txt;0.000112
parcialmenteOrdenados;po30000.txt;0.000119
parcialmenteOrdenados;po30000.txt;0.000112
parcialmenteOrdenados;po30000.txt;0.000104
parcialmenteOrdenados;po30000.txt;0.000131
parcialmenteOrdenados;po30000.txt;0.000091
parcialmenteOrdenados;po30000.txt;0.000103
parcialmenteOrdenados;po30000.txt;0.000137
parcialmenteOrdenados;po30000.txt;0.000104
parcialmenteOrdenados;po30000.txt;0.000099
parcialmenteOrdenados;po30000.txt;0.000099
parcialmenteOrdenados;po30000.txt;0.000167
parcialmenteOrdenados;po30000.txt;0.000204
parcialmenteOrdenados;po30000.txt;0.000098
parcialmenteOrdenados;po30000.txt;0.000090
parcialmenteOrdenados;po30000.txt;0.000095
parcialmenteOrdenados;po30000.txt;0.000143
parcialmenteOrdenados;po30000.txt;0.000157
parcialmenteOrdenados;po30000.txt;0.000092
parcialmenteOrdenados;po30000.txt;0.000090
parcialmenteOrdenados;po30000.txt;0.000126
parcialmenteOrdenados;po30000.txt;0.000176
parcialmenteOrdenados;po30000.txt;0.000103
parcialmenteOrdenados;po30000.txt;0.000102
parcialmenteOrdenados;po30000.txt;0.000116
parcialmenteOrdenados;po30000.txt;0.000098
parcialmenteOrdenados;po30000.txt;0.000107
parcialmenteOrdenados;po50000.txt;0.000204
parcialmenteOrdenados;po50000.txt;0.000233
parcialmenteOrdenados;po50000.txt;0.000215
parcialmenteOrdenados;po50000.txt;0.000214
parcialmenteOrdenados;po50000.txt;0.000190
parcialmenteOrdenados;po50000.txt;0.000175
parcialmenteOrdenados;po50000.txt;0.000185
parcialmenteOrdenados;po50000.txt;0.000201
parcialmenteOrdenados;po50000.txt;0.000185
parcialmenteOrdenados;po50000.txt;0.000181
parcialmenteOrdenados;po50000.txt;0.000190
parcialmenteOrdenados;po50000.txt;0.000236
parcialmenteOrdenados;po50000.txt;0.000226
parcialmenteOrdenados;po50000.txt;0.000180
parcialmenteOrdenados;po50000.txt;0.000176
parcialmenteOrdenados;po50000.txt;0.000193
parcialmenteOrdenados;po50000.txt;0.000208
parcialmenteOrdenados;po50000.txt;0.000212
parcialmenteOrdenados;po50000.txt;0.000228
parcialmenteOrdenados;po50000.txt;0.000201
parcialmenteOrdenados;po50000.txt;0.000197
parcialmenteOrdenados;po50000.txt;0.000200
parcialmenteOrdenados;po50000.txt;0.000196
parcialmenteOrdenados;po50000.txt;0.000196
parcialmenteOrdenados;po50000.txt;0.000223
parcialmenteOrdenados;po50000.txt;0.000204
parcialmenteOrdenados;po50000.txt;0.000162
parcialmenteOrdenados;po50000.txt;0.000166
parcialmenteOrdenados;po50000.txt;0.000225
parcialmenteOrdenados;po50000.txt;0.000213
parcialmenteOrdenados;po75000.txt;0.000244
parcialmenteOrdenados;po75000.txt;0.000231
parcialmenteOrdenados;po75000.txt;0.000237
parcialmenteOrdenados;po75000.txt;0.000258
parcialmenteOrdenados;po75000.txt;0.000270
parcialmenteOrdenados;po75000.txt;0.000253
parcialmenteOrdenados;po75000.txt;0.000205
parcialmenteOrdenados;po75000.txt;0.000221
parcialmenteOrdenados;po75000.txt;0.000228
parcialmenteOrdenados;po75000.txt;0.000210
parcialmenteOrdenados;po75000.txt;0.000212
parcialmenteOrdenados;po75000.txt;0.000245
parcialmenteOrdenados;po75000.txt;0.000249
parcialmenteOrdenados;po75000.txt;0.000237
parcialmenteOrdenados;po75000.txt;0.000224
parcialmenteOrdenados;po75000.txt;0.000215
parcialmenteOrdenados;po75000.txt;0.000257
parcialmenteOrdenados;po75000.txt;0.000230
parcialmenteOrdenados;po75000.txt;0.000259
parcialmenteOrdenados;po75000.txt;0.000321
parcialmenteOrdenados;po75000.txt;0.000249
parcialmenteOrdenados;po75000.txt;0.000213
parcialmenteOrdenados;po75000.txt;0.000219
parcialmenteOrdenados;po75000.txt;0.000207
parcialmenteOrdenados;po75000.txt;0.000222
parcialmenteOrdenados;po75000.txt;0.000232
parcialmenteOrdenados;po75000.txt;0.000222
parcialmenteOrdenados;po75000.txt;0.000216
parcialmenteOrdenados;po75000.txt;0.000217
parcialmenteOrdenados;po75000.txt;0.000242
parcialmenteOrdenados;po100000.txt;0.000330
parcialmenteOrdenados;po100000.txt;0.000301
parcialmenteOrdenados;po100000.txt;0.000284
parcialmenteOrdenados;po100000.txt;0.000317
parcialmenteOrdenados;po100000.txt;0.000397
parcialmenteOrdenados;po100000.txt;0.000401
parcialmenteOrdenados;po100000.txt;0.000333
parcialmenteOrdenados;po100000.txt;0.000391
parcialmenteOrdenados;po100000.txt;0.000354
parcialmenteOrdenados;po100000.txt;0.000356
parcialmenteOrdenados;po100000.txt;0.000491
parcialmenteOrdenados;po100000.txt;0.000339
parcialmenteOrdenados;po100000.txt;0.000410
parcialmenteOrdenados;po100000.txt;0.000360
parcialmenteOrdenados;po100000.txt;0.000355
parcialmenteOrdenados;po100000.txt;0.000353
parcialmenteOrdenados;po100000.txt;0.000361
parcialmenteOrdenados;po100000.txt;0.000594
parcialmenteOrdenados;po100000.txt;0.000370
parcialmenteOrdenados;po100000.txt;0.000328
parcialmenteOrdenados;po100000.txt;0.000335
parcialmenteOrdenados;po100000.txt;0.000333
parcialmenteOrdenados;po100000.txt;0.000328
parcialmenteOrdenados;po100000.txt;0.000317
parcialmenteOrdenados;po100000.txt;0.000380
parcialmenteOrdenados;po100000.txt;0.000341
parcialmenteOrdenados;po100000.txt;0.000307
parcialmenteOrdenados;po100000.txt;0.000391
parcialmenteOrdenados;po100000.txt;0.000343
parcialmenteOrdenados;po100000.txt;0.000306
parcialmenteOrdenados;po200000.txt;0.000597
parcialmenteOrdenados;po200000.txt;0.000696
parcialmenteOrdenados;po200000.txt;0.000793
parcialmenteOrdenados;po200000.txt;0.000723
parcialmenteOrdenados;po200000.txt;0.000653
parcialmenteOrdenados;po200000.txt;0.000644
parcialmenteOrdenados;po200000.txt;0.000710
parcialmenteOrdenados;po200000.txt;0.000637
parcialmenteOrdenados;po200000.txt;0.000783
parcialmenteOrdenados;po200000.txt;0.000719
parcialmenteOrdenados;po200000.txt;0.000743
parcialmenteOrdenados;po200000.txt;0.000777
parcialmenteOrdenados;po200000.txt;0.000668
parcialmenteOrdenados;po200000.txt;0.000696
parcialmenteOrdenados;po200000.txt;0.000733
parcialmenteOrdenados;po200000.txt;0.000740
parcialmenteOrdenados;po200000.txt;0.000675
parcialmenteOrdenados;po200000.txt;0.000746
parcialmenteOrdenados;po200000.txt;0.000587
parcialmenteOrdenados;po200000.txt;0.000742
parcialmenteOrdenados;po200000.txt;0.000763
parcialmenteOrdenados;po200000.txt;0.000708
parcialmenteOrdenados;po200000.txt;0.000648
parcialmenteOrdenados;po200000.txt;0.000735
parcialmenteOrdenados;po200000.txt;0.000720
parcialmenteOrdenados;po200000.txt;0.000619
parcialmenteOrdenados;po200000.txt;0.000752
parcialmenteOrdenados;po200000.txt;0.000624
parcialmenteOrdenados;po200000.txt;0.000587
parcialmenteOrdenados;po200000.txt;0.000699
parcialmenteOrdenados;po500000.txt;0.001917
parcialmenteOrdenados;po500000.txt;0.001831
parcialmenteOrdenados;po500000.txt;0.001782
parcialmenteOrdenados;po500000.txt;0.001729
parcialmenteOrdenados;po500000.txt;0.001795
parcialmenteOrdenados;po500000.txt;0.001822
parcialmenteOrdenados;po500000.txt;0.001774
parcialmenteOrdenados;po500000.txt;0.001843
parcialmenteOrdenados;po500000.txt;0.001756
parcialmenteOrdenados;po500000.txt;0.001716
parcialmenteOrdenados;po500000.txt;0.002064
parcialmenteOrdenados;po500000.txt;0.001953
parcialmenteOrdenados;po500000.txt;0.001814
parcialmenteOrdenados;po500000.txt;0.001767
parcialmenteOrdenados;po500000.txt;0.001799
parcialmenteOrdenados;po500000.txt;0.001802
parcialmenteOrdenados;po500000.txt;0.001937
parcialmenteOrdenados;po500000.txt;0.001896
parcialmenteOrdenados;po500000.txt;0.002023
parcialmenteOrdenados;po500000.txt;0.001919
parcialmenteOrdenados;po500000.txt;0.001772
parcialmenteOrdenados;po500000.txt;0.001734
parcialmenteOrdenados;po500000.txt;0.001845
parcialmenteOrdenados;po500000.txt;0.001842
parcialmenteOrdenados;po500000.txt;0.001969
parcialmenteOrdenados;po500000.txt;0.001932
parcialmenteOrdenados;po500000.txt;0.001937
parcialmenteOrdenados;po500000.txt;0.001992
parcialmenteOrdenados;po500000.txt;0.002048
parcialmenteOrdenados;po500000.txt;0.001878
parcialmenteOrdenados;po750000.txt;0.003069
parcialmenteOrdenados;po750000.txt;0.002867
parcialmenteOrdenados;po750000.txt;0.002888
parcialmenteOrdenados;po750000.txt;0.002826
parcialmenteOrdenados;po750000.txt;0.002824
parcialmenteOrdenados;po750000.txt;0.003135
parcialmenteOrdenados;po750000.txt;0.002979
parcialmenteOrdenados;po750000.txt;0.003058
parcialmenteOrdenados;po750000.txt;0.003136
parcialmenteOrdenados;po750000.txt;0.002979
parcialmenteOrdenados;po750000.txt;0.003041
parcialmenteOrdenados;po750000.txt;0.002922
parcialmenteOrdenados;po750000.txt;0.003038
parcialmenteOrdenados;po750000.txt;0.002843
parcialmenteOrdenados;po750000.txt;0.002859
parcialmenteOrdenados;po750000.txt;0.002912
parcialmenteOrdenados;po750000.txt;0.003157
parcialmenteOrdenados;po750000.txt;0.003088
parcialmenteOrdenados;po750000.txt;0.002985
parcialmenteOrdenados;po750000.txt;0.002956
parcialmenteOrdenados;po750000.txt;0.003108
parcialmenteOrdenados;po750000.txt;0.003072
parcialmenteOrdenados;po750000.txt;0.003045
parcialmenteOrdenados;po750000.txt;0.003011
parcialmenteOrdenados;po750000.txt;0.003092
parcialmenteOrdenados;po750000.txt;0.003161
parcialmenteOrdenados;po750000.txt;0.003379
parcialmenteOrdenados;po750000.txt;0.003034
parcialmenteOrdenados;po750000.txt;0.003126
parcialmenteOrdenados;po750000.txt;0.003150
parcialmenteOrdenados;po1000000.txt;0.003953
parcialmenteOrdenados;po1000000.txt;0.003951
parcialmenteOrdenados;po1000000.txt;0.004196
parcialmenteOrdenados;po1000000.txt;0.004117
parcialmenteOrdenados;po1000000.txt;0.004083
parcialmenteOrdenados;po1000000.txt;0.003939
parcialmenteOrdenados;po1000000.txt;0.003970
parcialmenteOrdenados;po1000000.txt;0.003946
parcialmenteOrdenados;po1000000.txt;0.003960
parcialmenteOrdenados;po1000000.txt;0.003963
parcialmenteOrdenados;po1000000.txt;0.003944
parcialmenteOrdenados;po1000000.txt;0.003937
parcialmenteOrdenados;po1000000.txt;0.003955
parcialmenteOrdenados;po1000000.txt;0.003921
parcialmenteOrdenados;po1000000.txt;0.003865
parcialmenteOrdenados;po1000000.txt;0.003873
parcialmenteOrdenados;po1000000.txt;0.003921
parcialmenteOrdenados;po1000000.txt;0.004190
parcialmenteOrdenados;po1000000.txt;0.004053
parcialmenteOrdenados;po1000000.txt;0.004083
parcialmenteOrdenados;po1000000.txt;0.004022
parcialmenteOrdenados;po1000000.txt;0.004149
parcialmenteOrdenados;po1000000.txt;0.003980
parcialmenteOrdenados;po1000000.txt;0.003899
parcialmenteOrdenados;po1000000.txt;0.003913
parcialmenteOrdenados;po1000000.txt;0.003928
parcialmenteOrdenados;po1000000.txt;0.003889
parcialmenteOrdenados;po1000000.txt;0.004202
parcialmenteOrdenados;po1000000.txt;0.004138
parcialmenteOrdenados;po1000000.txt;0.003897
parcialmenteOrdenados;po1250000.txt;0.005229
parcialmenteOrdenados;po1250000.txt;0.005035
parcialmenteOrdenados;po1250000.txt;0.005079
parcialmenteOrdenados;po1250000.txt;0.005231
parcialmenteOrdenados;po1250000.txt;0.005211
parcialmenteOrdenados;po1250000.txt;0.005056
parcialmenteOrdenados;po1250000.txt;0.005093
parcialmenteOrdenados;po1250000.txt;0.005203
parcialmenteOrdenados;po1250000.txt;0.004969
parcialmenteOrdenados;po1250000.txt;0.005232
parcialmenteOrdenados;po1250000.txt;0.005200
parcialmenteOrdenados;po1250000.txt;0.005227
parcialmenteOrdenados;po1250000.txt;0.005187
parcialmenteOrdenados;po1250000.txt;0.005212
parcialmenteOrdenados;po1250000.txt;0.005130
parcialmenteOrdenados;po1250000.txt;0.005172
parcialmenteOrdenados;po1250000.txt;0.005276
parcialmenteOrdenados;po1250000.txt;0.005131
parcialmenteOrdenados;po1250000.txt;0.005147
parcialmenteOrdenados;po1250000.txt;0.005009
parcialmenteOrdenados;po1250000.txt;0.005269
parcialmenteOrdenados;po1250000.txt;0.005091
parcialmenteOrdenados;po1250000.txt;0.005061
parcialmenteOrdenados;po1250000.txt;0.005121
parcialmenteOrdenados;po1250000.txt;0.005137
parcialmenteOrdenados;po1250000.txt;0.005062
parcialmenteOrdenados;po1250000.txt;0.005046
parcialmenteOrdenados;po1250000.txt;0.005133
parcialmenteOrdenados;po1250000.txt;0.005023
parcialmenteOrdenados;po1250000.txt;0.005155
parcialmenteOrdenados;po1500000.txt;0.006277
parcialmenteOrdenados;po1500000.txt;0.006314
parcialmenteOrdenados;po1500000.txt;0.006557
parcialmenteOrdenados;po1500000.txt;0.006235
parcialmenteOrdenados;po1500000.txt;0.006585
parcialmenteOrdenados;po1500000.txt;0.006145
parcialmenteOrdenados;po1500000.txt;0.006218
parcialmenteOrdenados;po1500000.txt;0.006280
parcialmenteOrdenados;po1500000.txt;0.006310
parcialmenteOrdenados;po1500000.txt;0.006283
parcialmenteOrdenados;po1500000.txt;0.006134
parcialmenteOrdenados;po1500000.txt;0.006252
parcialmenteOrdenados;po1500000.txt;0.006303
parcialmenteOrdenados;po1500000.txt;0.006309
parcialmenteOrdenados;po1500000.txt;0.006225
parcialmenteOrdenados;po1500000.txt;0.006215
parcialmenteOrdenados;po1500000.txt;0.006196
parcialmenteOrdenados;po1500000.txt;0.006210
parcialmenteOrdenados;po1500000.txt;0.006243
parcialmenteOrdenados;po1500000.txt;0.006339
parcialmenteOrdenados;po1500000.txt;0.006172
parcialmenteOrdenados;po1500000.txt;0.006196
parcialmenteOrdenados;po1500000.txt;0.006202
parcialmenteOrdenados;po1500000.txt;0.006280
parcialmenteOrdenados;po1500000.txt;0.006197
parcialmenteOrdenados;po1500000.txt;0.006204
parcialmenteOrdenados;po1500000.txt;0.006272
parcialmenteOrdenados;po1500000.txt;0.006178
parcialmenteOrdenados;po1500000.txt;0.006237
parcialmenteOrdenados;po1500000.txt;0.006194
parcialmenteOrdenados;po2000000.txt;0.008082
parcialmenteOrdenados;po2000000.txt;0.008268
parcialmenteOrdenados;po2000000.txt;0.008095
parcialmenteOrdenados;po2000000.txt;0.007956
parcialmenteOrdenados;po2000000.txt;0.008176
parcialmenteOrdenados;po2000000.txt;0.008007
parcialmenteOrdenados;po2000000.txt;0.008174
parcialmenteOrdenados;po2000000.txt;0.008224
parcialmenteOrdenados;po2000000.txt;0.008220
parcialmenteOrdenados;po2000000.txt;0.008173
parcialmenteOrdenados;po2000000.txt;0.008029
parcialmenteOrdenados;po2000000.txt;0.008176
parcialmenteOrdenados;po2000000.txt;0.008146
parcialmenteOrdenados;po2000000.txt;0.008086
parcialmenteOrdenados;po2000000.txt;0.008268
parcialmenteOrdenados;po2000000.txt;0.008190
parcialmenteOrdenados;po2000000.txt;0.008230
parcialmenteOrdenados;po2000000.txt;0.008075
parcialmenteOrdenados;po2000000.txt;0.008405
parcialmenteOrdenados;po2000000.txt;0.008237
parcialmenteOrdenados;po2000000.txt;0.008330
parcialmenteOrdenados;po2000000.txt;0.008224
parcialmenteOrdenados;po2000000.txt;0.008226
parcialmenteOrdenados;po2000000.txt;0.008142
parcialmenteOrdenados;po2000000.txt;0.008147
parcialmenteOrdenados;po2000000.txt;0.008204
parcialmenteOrdenados;po2000000.txt;0.008364
parcialmenteOrdenados;po2000000.txt;0.008149
parcialmenteOrdenados;po2000000.txt;0.008233
parcialmenteOrdenados;po2000000.txt;0.008222
