Pasta;Arquivo;Tempo_Segundos
parcialmenteOrdenados;po100.txt;0,001036
parcialmenteOrdenados;po100.txt;0,001073
parcialmenteOrdenados;po100.txt;0,001014
parcialmenteOrdenados;po100.txt;0,001067
parcialmenteOrdenados;po100.txt;0,001011
parcialmenteOrdenados;po100.txt;0,001013
parcialmenteOrdenados;po100.txt;0,001085
parcialmenteOrdenados;po100.txt;0,001013
parcialmenteOrdenados;po100.txt;0,001044
parcialmenteOrdenados;po100.txt;0,001022
parcialmenteOrdenados;po100.txt;0,001091
parcialmenteOrdenados;po100.txt;0,001066
parcialmenteOrdenados;po100.txt;0,001035
parcialmenteOrdenados;po100.txt;0,001010
parcialmenteOrdenados;po100.txt;0,001012
parcialmenteOrdenados;po100.txt;0,001006
parcialmenteOrdenados;po100.txt;0,001039
parcialmenteOrdenados;po100.txt;0,001017
parcialmenteOrdenados;po100.txt;0,001205
parcialmenteOrdenados;po100.txt;0,001004
parcialmenteOrdenados;po100.txt;0,001017
parcialmenteOrdenados;po100.txt;0,001016
parcialmenteOrdenados;po100.txt;0,001086
parcialmenteOrdenados;po100.txt;0,000996
parcialmenteOrdenados;po100.txt;0,001085
parcialmenteOrdenados;po100.txt;0,001009
parcialmenteOrdenados;po100.txt;0,001033
parcialmenteOrdenados;po100.txt;0,001023
parcialmenteOrdenados;po100.txt;0,001091
parcialmenteOrdenados;po100.txt;0,001022
parcialmenteOrdenados;po200.txt;0,001038
parcialmenteOrdenados;po200.txt;0,001041
parcialmenteOrdenados;po200.txt;0,001010
parcialmenteOrdenados;po200.txt;0,001073
parcialmenteOrdenados;po200.txt;0,001087
parcialmenteOrdenados;po200.txt;0,001082
parcialmenteOrdenados;po200.txt;0,001061
parcialmenteOrdenados;po200.txt;0,001081
parcialmenteOrdenados;po200.txt;0,001064
parcialmenteOrdenados;po200.txt;0,001035
parcialmenteOrdenados;po200.txt;0,001019
parcialmenteOrdenados;po200.txt;0,001002
parcialmenteOrdenados;po200.txt;0,001024
parcialmenteOrdenados;po200.txt;0,001009
parcialmenteOrdenados;po200.txt;0,001027
parcialmenteOrdenados;po200.txt;0,001028
parcialmenteOrdenados;po200.txt;0,001001
parcialmenteOrdenados;po200.txt;0,001011
parcialmenteOrdenados;po200.txt;0,001065
parcialmenteOrdenados;po200.txt;0,001010
parcialmenteOrdenados;po200.txt;0,000993
parcialmenteOrdenados;po200.txt;0,001006
parcialmenteOrdenados;po200.txt;0,001047
parcialmenteOrdenados;po200.txt;0,001063
parcialmenteOrdenados;po200.txt;0,001021
parcialmenteOrdenados;po200.txt;0,001030
parcialmenteOrdenados;po200.txt;0,000998
parcialmenteOrdenados;po200.txt;0,001150
parcialmenteOrdenados;po200.txt;0,001026
parcialmenteOrdenados;po200.txt;0,001056
parcialmenteOrdenados;po500.txt;0,001102
parcialmenteOrdenados;po500.txt;0,001032
parcialmenteOrdenados;po500.txt;0,001038
parcialmenteOrdenados;po500.txt;0,001072
parcialmenteOrdenados;po500.txt;0,001164
parcialmenteOrdenados;po500.txt;0,001058
parcialmenteOrdenados;po500.txt;0,001032
parcialmenteOrdenados;po500.txt;0,001025
parcialmenteOrdenados;po500.txt;0,001058
parcialmenteOrdenados;po500.txt;0,001101
parcialmenteOrdenados;po500.txt;0,001078
parcialmenteOrdenados;po500.txt;0,001098
parcialmenteOrdenados;po500.txt;0,001039
parcialmenteOrdenados;po500.txt;0,001920
parcialmenteOrdenados;po500.txt;0,001050
parcialmenteOrdenados;po500.txt;0,001046
parcialmenteOrdenados;po500.txt;0,001129
parcialmenteOrdenados;po500.txt;0,001098
parcialmenteOrdenados;po500.txt;0,001033
parcialmenteOrdenados;po500.txt;0,001039
parcialmenteOrdenados;po500.txt;0,002505
parcialmenteOrdenados;po500.txt;0,001078
parcialmenteOrdenados;po500.txt;0,001034
parcialmenteOrdenados;po500.txt;0,001218
parcialmenteOrdenados;po500.txt;0,001043
parcialmenteOrdenados;po500.txt;0,001082
parcialmenteOrdenados;po500.txt;0,001086
parcialmenteOrdenados;po500.txt;0,001061
parcialmenteOrdenados;po500.txt;0,001022
parcialmenteOrdenados;po500.txt;0,001041
parcialmenteOrdenados;po1000.txt;0,001072
parcialmenteOrdenados;po1000.txt;0,001072
parcialmenteOrdenados;po1000.txt;0,001071
parcialmenteOrdenados;po1000.txt;0,001074
parcialmenteOrdenados;po1000.txt;0,001103
parcialmenteOrdenados;po1000.txt;0,001098
parcialmenteOrdenados;po1000.txt;0,001516
parcialmenteOrdenados;po1000.txt;0,001083
parcialmenteOrdenados;po1000.txt;0,001091
parcialmenteOrdenados;po1000.txt;0,001132
parcialmenteOrdenados;po1000.txt;0,001075
parcialmenteOrdenados;po1000.txt;0,001075
parcialmenteOrdenados;po1000.txt;0,001047
parcialmenteOrdenados;po1000.txt;0,001077
parcialmenteOrdenados;po1000.txt;0,001096
parcialmenteOrdenados;po1000.txt;0,001131
parcialmenteOrdenados;po1000.txt;0,001115
parcialmenteOrdenados;po1000.txt;0,001105
parcialmenteOrdenados;po1000.txt;0,001196
parcialmenteOrdenados;po1000.txt;0,001114
parcialmenteOrdenados;po1000.txt;0,001488
parcialmenteOrdenados;po1000.txt;0,001086
parcialmenteOrdenados;po1000.txt;0,001114
parcialmenteOrdenados;po1000.txt;0,001093
parcialmenteOrdenados;po1000.txt;0,001289
parcialmenteOrdenados;po1000.txt;0,001086
parcialmenteOrdenados;po1000.txt;0,001230
parcialmenteOrdenados;po1000.txt;0,001101
parcialmenteOrdenados;po1000.txt;0,001155
parcialmenteOrdenados;po1000.txt;0,001106
parcialmenteOrdenados;po2000.txt;0,001260
parcialmenteOrdenados;po2000.txt;0,002513
parcialmenteOrdenados;po2000.txt;0,001254
parcialmenteOrdenados;po2000.txt;0,001237
parcialmenteOrdenados;po2000.txt;0,001199
parcialmenteOrdenados;po2000.txt;0,001171
parcialmenteOrdenados;po2000.txt;0,001216
parcialmenteOrdenados;po2000.txt;0,001173
parcialmenteOrdenados;po2000.txt;0,001191
parcialmenteOrdenados;po2000.txt;0,001242
parcialmenteOrdenados;po2000.txt;0,001179
parcialmenteOrdenados;po2000.txt;0,001172
parcialmenteOrdenados;po2000.txt;0,001216
parcialmenteOrdenados;po2000.txt;0,001175
parcialmenteOrdenados;po2000.txt;0,001180
parcialmenteOrdenados;po2000.txt;0,001182
parcialmenteOrdenados;po2000.txt;0,001183
parcialmenteOrdenados;po2000.txt;0,001164
parcialmenteOrdenados;po2000.txt;0,001543
parcialmenteOrdenados;po2000.txt;0,001182
parcialmenteOrdenados;po2000.txt;0,001178
parcialmenteOrdenados;po2000.txt;0,001260
parcialmenteOrdenados;po2000.txt;0,001220
parcialmenteOrdenados;po2000.txt;0,001378
parcialmenteOrdenados;po2000.txt;0,001194
parcialmenteOrdenados;po2000.txt;0,001303
parcialmenteOrdenados;po2000.txt;0,001197
parcialmenteOrdenados;po2000.txt;0,001235
parcialmenteOrdenados;po2000.txt;0,001175
parcialmenteOrdenados;po2000.txt;0,001203
parcialmenteOrdenados;po5000.txt;0,001616
parcialmenteOrdenados;po5000.txt;0,001635
parcialmenteOrdenados;po5000.txt;0,001673
parcialmenteOrdenados;po5000.txt;0,001619
parcialmenteOrdenados;po5000.txt;0,001699
parcialmenteOrdenados;po5000.txt;0,001635
parcialmenteOrdenados;po5000.txt;0,001626
parcialmenteOrdenados;po5000.txt;0,001644
parcialmenteOrdenados;po5000.txt;0,002097
parcialmenteOrdenados;po5000.txt;0,001625
parcialmenteOrdenados;po5000.txt;0,001579
parcialmenteOrdenados;po5000.txt;0,001644
parcialmenteOrdenados;po5000.txt;0,001584
parcialmenteOrdenados;po5000.txt;0,001607
parcialmenteOrdenados;po5000.txt;0,001626
parcialmenteOrdenados;po5000.txt;0,001599
parcialmenteOrdenados;po5000.txt;0,001632
parcialmenteOrdenados;po5000.txt;0,001619
parcialmenteOrdenados;po5000.txt;0,001646
parcialmenteOrdenados;po5000.txt;0,001589
parcialmenteOrdenados;po5000.txt;0,001616
parcialmenteOrdenados;po5000.txt;0,001595
parcialmenteOrdenados;po5000.txt;0,001586
parcialmenteOrdenados;po5000.txt;0,001587
parcialmenteOrdenados;po5000.txt;0,001587
parcialmenteOrdenados;po5000.txt;0,001642
parcialmenteOrdenados;po5000.txt;0,001598
parcialmenteOrdenados;po5000.txt;0,001657
parcialmenteOrdenados;po5000.txt;0,001584
parcialmenteOrdenados;po5000.txt;0,001585
parcialmenteOrdenados;po7500.txt;0,002654
parcialmenteOrdenados;po7500.txt;0,002670
parcialmenteOrdenados;po7500.txt;0,002608
parcialmenteOrdenados;po7500.txt;0,002712
parcialmenteOrdenados;po7500.txt;0,002706
parcialmenteOrdenados;po7500.txt;0,002696
parcialmenteOrdenados;po7500.txt;0,002693
parcialmenteOrdenados;po7500.txt;0,002708
parcialmenteOrdenados;po7500.txt;0,002754
parcialmenteOrdenados;po7500.txt;0,002726
parcialmenteOrdenados;po7500.txt;0,002675
parcialmenteOrdenados;po7500.txt;0,002954
parcialmenteOrdenados;po7500.txt;0,002679
parcialmenteOrdenados;po7500.txt;0,002779
parcialmenteOrdenados;po7500.txt;0,002773
parcialmenteOrdenados;po7500.txt;0,002678
parcialmenteOrdenados;po7500.txt;0,002683
parcialmenteOrdenados;po7500.txt;0,002667
parcialmenteOrdenados;po7500.txt;0,002934
parcialmenteOrdenados;po7500.txt;0,002712
parcialmenteOrdenados;po7500.txt;0,002670
parcialmenteOrdenados;po7500.txt;0,002681
parcialmenteOrdenados;po7500.txt;0,002640
parcialmenteOrdenados;po7500.txt;0,002731
parcialmenteOrdenados;po7500.txt;0,002652
parcialmenteOrdenados;po7500.txt;0,002654
parcialmenteOrdenados;po7500.txt;0,002928
parcialmenteOrdenados;po7500.txt;0,002684
parcialmenteOrdenados;po7500.txt;0,002704
parcialmenteOrdenados;po7500.txt;0,002658
parcialmenteOrdenados;po10000.txt;0,003554
parcialmenteOrdenados;po10000.txt;0,002820
parcialmenteOrdenados;po10000.txt;0,002812
parcialmenteOrdenados;po10000.txt;0,002955
parcialmenteOrdenados;po10000.txt;0,002781
parcialmenteOrdenados;po10000.txt;0,002839
parcialmenteOrdenados;po10000.txt;0,002810
parcialmenteOrdenados;po10000.txt;0,002860
parcialmenteOrdenados;po10000.txt;0,002841
parcialmenteOrdenados;po10000.txt;0,002802
parcialmenteOrdenados;po10000.txt;0,002843
parcialmenteOrdenados;po10000.txt;0,003527
parcialmenteOrdenados;po10000.txt;0,002834
parcialmenteOrdenados;po10000.txt;0,002816
parcialmenteOrdenados;po10000.txt;0,002832
parcialmenteOrdenados;po10000.txt;0,002901
parcialmenteOrdenados;po10000.txt;0,002834
parcialmenteOrdenados;po10000.txt;0,002835
parcialmenteOrdenados;po10000.txt;0,002841
parcialmenteOrdenados;po10000.txt;0,002891
parcialmenteOrdenados;po10000.txt;0,002884
parcialmenteOrdenados;po10000.txt;0,002808
parcialmenteOrdenados;po10000.txt;0,002861
parcialmenteOrdenados;po10000.txt;0,002876
parcialmenteOrdenados;po10000.txt;0,002859
parcialmenteOrdenados;po10000.txt;0,002841
parcialmenteOrdenados;po10000.txt;0,002869
parcialmenteOrdenados;po10000.txt;0,002791
parcialmenteOrdenados;po10000.txt;0,002836
parcialmenteOrdenados;po10000.txt;0,002824
parcialmenteOrdenados;po15000.txt;0,003310
parcialmenteOrdenados;po15000.txt;0,003279
parcialmenteOrdenados;po15000.txt;0,003316
parcialmenteOrdenados;po15000.txt;0,003361
parcialmenteOrdenados;po15000.txt;0,003238
parcialmenteOrdenados;po15000.txt;0,003244
parcialmenteOrdenados;po15000.txt;0,003215
parcialmenteOrdenados;po15000.txt;0,003554
parcialmenteOrdenados;po15000.txt;0,003259
parcialmenteOrdenados;po15000.txt;0,003226
parcialmenteOrdenados;po15000.txt;0,003174
parcialmenteOrdenados;po15000.txt;0,003247
parcialmenteOrdenados;po15000.txt;0,003280
parcialmenteOrdenados;po15000.txt;0,003265
parcialmenteOrdenados;po15000.txt;0,003299
parcialmenteOrdenados;po15000.txt;0,003193
parcialmenteOrdenados;po15000.txt;0,003279
parcialmenteOrdenados;po15000.txt;0,003300
parcialmenteOrdenados;po15000.txt;0,003204
parcialmenteOrdenados;po15000.txt;0,003243
parcialmenteOrdenados;po15000.txt;0,003268
parcialmenteOrdenados;po15000.txt;0,003292
parcialmenteOrdenados;po15000.txt;0,003270
parcialmenteOrdenados;po15000.txt;0,003283
parcialmenteOrdenados;po15000.txt;0,003282
parcialmenteOrdenados;po15000.txt;0,003234
parcialmenteOrdenados;po15000.txt;0,003273
parcialmenteOrdenados;po15000.txt;0,003336
parcialmenteOrdenados;po15000.txt;0,003319
parcialmenteOrdenados;po15000.txt;0,003308
parcialmenteOrdenados;po30000.txt;0,004707
parcialmenteOrdenados;po30000.txt;0,004654
parcialmenteOrdenados;po30000.txt;0,004686
parcialmenteOrdenados;po30000.txt;0,004619
parcialmenteOrdenados;po30000.txt;0,004763
parcialmenteOrdenados;po30000.txt;0,004739
parcialmenteOrdenados;po30000.txt;0,004644
parcialmenteOrdenados;po30000.txt;0,005617
parcialmenteOrdenados;po30000.txt;0,004796
parcialmenteOrdenados;po30000.txt;0,004705
parcialmenteOrdenados;po30000.txt;0,005465
parcialmenteOrdenados;po30000.txt;0,004854
parcialmenteOrdenados;po30000.txt;0,004741
parcialmenteOrdenados;po30000.txt;0,004687
parcialmenteOrdenados;po30000.txt;0,004731
parcialmenteOrdenados;po30000.txt;0,004971
parcialmenteOrdenados;po30000.txt;0,004956
parcialmenteOrdenados;po30000.txt;0,004761
parcialmenteOrdenados;po30000.txt;0,004635
parcialmenteOrdenados;po30000.txt;0,004547
parcialmenteOrdenados;po30000.txt;0,004676
parcialmenteOrdenados;po30000.txt;0,004617
parcialmenteOrdenados;po30000.txt;0,004553
parcialmenteOrdenados;po30000.txt;0,004729
parcialmenteOrdenados;po30000.txt;0,004766
parcialmenteOrdenados;po30000.txt;0,004647
parcialmenteOrdenados;po30000.txt;0,004745
parcialmenteOrdenados;po30000.txt;0,004704
parcialmenteOrdenados;po30000.txt;0,004632
parcialmenteOrdenados;po30000.txt;0,004681
parcialmenteOrdenados;po50000.txt;0,006300
parcialmenteOrdenados;po50000.txt;0,006140
parcialmenteOrdenados;po50000.txt;0,006270
parcialmenteOrdenados;po50000.txt;0,006237
parcialmenteOrdenados;po50000.txt;0,006263
parcialmenteOrdenados;po50000.txt;0,006238
parcialmenteOrdenados;po50000.txt;0,006242
parcialmenteOrdenados;po50000.txt;0,006148
parcialmenteOrdenados;po50000.txt;0,006320
parcialmenteOrdenados;po50000.txt;0,006179
parcialmenteOrdenados;po50000.txt;0,006218
parcialmenteOrdenados;po50000.txt;0,006156
parcialmenteOrdenados;po50000.txt;0,006402
parcialmenteOrdenados;po50000.txt;0,006402
parcialmenteOrdenados;po50000.txt;0,006298
parcialmenteOrdenados;po50000.txt;0,006391
parcialmenteOrdenados;po50000.txt;0,006218
parcialmenteOrdenados;po50000.txt;0,006207
parcialmenteOrdenados;po50000.txt;0,006144
parcialmenteOrdenados;po50000.txt;0,006070
parcialmenteOrdenados;po50000.txt;0,006036
parcialmenteOrdenados;po50000.txt;0,005983
parcialmenteOrdenados;po50000.txt;0,006243
parcialmenteOrdenados;po50000.txt;0,006304
parcialmenteOrdenados;po50000.txt;0,006298
parcialmenteOrdenados;po50000.txt;0,006230
parcialmenteOrdenados;po50000.txt;0,006221
parcialmenteOrdenados;po50000.txt;0,006379
parcialmenteOrdenados;po50000.txt;0,006195
parcialmenteOrdenados;po50000.txt;0,006344
parcialmenteOrdenados;po75000.txt;0,007933
parcialmenteOrdenados;po75000.txt;0,007879
parcialmenteOrdenados;po75000.txt;0,007747
parcialmenteOrdenados;po75000.txt;0,007915
parcialmenteOrdenados;po75000.txt;0,008114
parcialmenteOrdenados;po75000.txt;0,007799
parcialmenteOrdenados;po75000.txt;0,008063
parcialmenteOrdenados;po75000.txt;0,008041
parcialmenteOrdenados;po75000.txt;0,007650
parcialmenteOrdenados;po75000.txt;0,008042
parcialmenteOrdenados;po75000.txt;0,008148
parcialmenteOrdenados;po75000.txt;0,007639
parcialmenteOrdenados;po75000.txt;0,007805
parcialmenteOrdenados;po75000.txt;0,007974
parcialmenteOrdenados;po75000.txt;0,008134
parcialmenteOrdenados;po75000.txt;0,007994
parcialmenteOrdenados;po75000.txt;0,007829
parcialmenteOrdenados;po75000.txt;0,008139
parcialmenteOrdenados;po75000.txt;0,008049
parcialmenteOrdenados;po75000.txt;0,007912
parcialmenteOrdenados;po75000.txt;0,007690
parcialmenteOrdenados;po75000.txt;0,008031
parcialmenteOrdenados;po75000.txt;0,008033
parcialmenteOrdenados;po75000.txt;0,007790
parcialmenteOrdenados;po75000.txt;0,008118
parcialmenteOrdenados;po75000.txt;0,007766
parcialmenteOrdenados;po75000.txt;0,007960
parcialmenteOrdenados;po75000.txt;0,008134
parcialmenteOrdenados;po75000.txt;0,007863
parcialmenteOrdenados;po75000.txt;0,008144
parcialmenteOrdenados;po100000.txt;0,009635
parcialmenteOrdenados;po100000.txt;0,009564
parcialmenteOrdenados;po100000.txt;0,009586
parcialmenteOrdenados;po100000.txt;0,009476
parcialmenteOrdenados;po100000.txt;0,009938
parcialmenteOrdenados;po100000.txt;0,009968
parcialmenteOrdenados;po100000.txt;0,009884
parcialmenteOrdenados;po100000.txt;0,009940
parcialmenteOrdenados;po100000.txt;0,009952
parcialmenteOrdenados;po100000.txt;0,009950
parcialmenteOrdenados;po100000.txt;0,009665
parcialmenteOrdenados;po100000.txt;0,009934
parcialmenteOrdenados;po100000.txt;0,009888
parcialmenteOrdenados;po100000.txt;0,009530
parcialmenteOrdenados;po100000.txt;0,009418
parcialmenteOrdenados;po100000.txt;0,009958
parcialmenteOrdenados;po100000.txt;0,009630
parcialmenteOrdenados;po100000.txt;0,009407
parcialmenteOrdenados;po100000.txt;0,009856
parcialmenteOrdenados;po100000.txt;0,009906
parcialmenteOrdenados;po100000.txt;0,009923
parcialmenteOrdenados;po100000.txt;0,009942
parcialmenteOrdenados;po100000.txt;0,009817
parcialmenteOrdenados;po100000.txt;0,009505
parcialmenteOrdenados;po100000.txt;0,009500
parcialmenteOrdenados;po100000.txt;0,009447
parcialmenteOrdenados;po100000.txt;0,009725
parcialmenteOrdenados;po100000.txt;0,010032
parcialmenteOrdenados;po100000.txt;0,009465
parcialmenteOrdenados;po100000.txt;0,009807
parcialmenteOrdenados;po200000.txt;0,016616
parcialmenteOrdenados;po200000.txt;0,016374
parcialmenteOrdenados;po200000.txt;0,017194
parcialmenteOrdenados;po200000.txt;0,017123
parcialmenteOrdenados;po200000.txt;0,016362
parcialmenteOrdenados;po200000.txt;0,016912
parcialmenteOrdenados;po200000.txt;0,016684
parcialmenteOrdenados;po200000.txt;0,017172
parcialmenteOrdenados;po200000.txt;0,017458
parcialmenteOrdenados;po200000.txt;0,017171
parcialmenteOrdenados;po200000.txt;0,017198
parcialmenteOrdenados;po200000.txt;0,017108
parcialmenteOrdenados;po200000.txt;0,016450
parcialmenteOrdenados;po200000.txt;0,017159
parcialmenteOrdenados;po200000.txt;0,017342
parcialmenteOrdenados;po200000.txt;0,016414
parcialmenteOrdenados;po200000.txt;0,017083
parcialmenteOrdenados;po200000.txt;0,017154
parcialmenteOrdenados;po200000.txt;0,016428
parcialmenteOrdenados;po200000.txt;0,016491
parcialmenteOrdenados;po200000.txt;0,016445
parcialmenteOrdenados;po200000.txt;0,016571
parcialmenteOrdenados;po200000.txt;0,016451
parcialmenteOrdenados;po200000.txt;0,016560
parcialmenteOrdenados;po200000.txt;0,016457
parcialmenteOrdenados;po200000.txt;0,017213
parcialmenteOrdenados;po200000.txt;0,017202
parcialmenteOrdenados;po200000.txt;0,016532
parcialmenteOrdenados;po200000.txt;0,017125
parcialmenteOrdenados;po200000.txt;0,017129
parcialmenteOrdenados;po500000.txt;0,038079
parcialmenteOrdenados;po500000.txt;0,037819
parcialmenteOrdenados;po500000.txt;0,037837
parcialmenteOrdenados;po500000.txt;0,037773
parcialmenteOrdenados;po500000.txt;0,038467
parcialmenteOrdenados;po500000.txt;0,035884
parcialmenteOrdenados;po500000.txt;0,038491
parcialmenteOrdenados;po500000.txt;0,036254
parcialmenteOrdenados;po500000.txt;0,037898
parcialmenteOrdenados;po500000.txt;0,037820
parcialmenteOrdenados;po500000.txt;0,036051
parcialmenteOrdenados;po500000.txt;0,037596
parcialmenteOrdenados;po500000.txt;0,036109
parcialmenteOrdenados;po500000.txt;0,036421
parcialmenteOrdenados;po500000.txt;0,037996
parcialmenteOrdenados;po500000.txt;0,037970
parcialmenteOrdenados;po500000.txt;0,039551
parcialmenteOrdenados;po500000.txt;0,036643
parcialmenteOrdenados;po500000.txt;0,037582
parcialmenteOrdenados;po500000.txt;0,036279
parcialmenteOrdenados;po500000.txt;0,036427
parcialmenteOrdenados;po500000.txt;0,037703
parcialmenteOrdenados;po500000.txt;0,037859
parcialmenteOrdenados;po500000.txt;0,037566
parcialmenteOrdenados;po500000.txt;0,037626
parcialmenteOrdenados;po500000.txt;0,035873
parcialmenteOrdenados;po500000.txt;0,038334
parcialmenteOrdenados;po500000.txt;0,035859
parcialmenteOrdenados;po500000.txt;0,035927
parcialmenteOrdenados;po500000.txt;0,037880
parcialmenteOrdenados;po750000.txt;0,052518
parcialmenteOrdenados;po750000.txt;0,055137
parcialmenteOrdenados;po750000.txt;0,052801
parcialmenteOrdenados;po750000.txt;0,055586
parcialmenteOrdenados;po750000.txt;0,052740
parcialmenteOrdenados;po750000.txt;0,055118
parcialmenteOrdenados;po750000.txt;0,052932
parcialmenteOrdenados;po750000.txt;0,055355
parcialmenteOrdenados;po750000.txt;0,052703
parcialmenteOrdenados;po750000.txt;0,052395
parcialmenteOrdenados;po750000.txt;0,052680
parcialmenteOrdenados;po750000.txt;0,052752
parcialmenteOrdenados;po750000.txt;0,052795
parcialmenteOrdenados;po750000.txt;0,055168
parcialmenteOrdenados;po750000.txt;0,055253
parcialmenteOrdenados;po750000.txt;0,052848
parcialmenteOrdenados;po750000.txt;0,052597
parcialmenteOrdenados;po750000.txt;0,052759
parcialmenteOrdenados;po750000.txt;0,052908
parcialmenteOrdenados;po750000.txt;0,052555
parcialmenteOrdenados;po750000.txt;0,052573
parcialmenteOrdenados;po750000.txt;0,055363
parcialmenteOrdenados;po750000.txt;0,052471
parcialmenteOrdenados;po750000.txt;0,052686
parcialmenteOrdenados;po750000.txt;0,052665
parcialmenteOrdenados;po750000.txt;0,052569
parcialmenteOrdenados;po750000.txt;0,055056
parcialmenteOrdenados;po750000.txt;0,052642
parcialmenteOrdenados;po750000.txt;0,052574
parcialmenteOrdenados;po750000.txt;0,055245
parcialmenteOrdenados;po1000000.txt;0,068154
parcialmenteOrdenados;po1000000.txt;0,068322
parcialmenteOrdenados;po1000000.txt;0,071354
parcialmenteOrdenados;po1000000.txt;0,071676
parcialmenteOrdenados;po1000000.txt;0,071217
parcialmenteOrdenados;po1000000.txt;0,068102
parcialmenteOrdenados;po1000000.txt;0,067964
parcialmenteOrdenados;po1000000.txt;0,071275
parcialmenteOrdenados;po1000000.txt;0,067913
parcialmenteOrdenados;po1000000.txt;0,067928
parcialmenteOrdenados;po1000000.txt;0,073118
parcialmenteOrdenados;po1000000.txt;0,067971
parcialmenteOrdenados;po1000000.txt;0,071281
parcialmenteOrdenados;po1000000.txt;0,068008
parcialmenteOrdenados;po1000000.txt;0,068051
parcialmenteOrdenados;po1000000.txt;0,068034
parcialmenteOrdenados;po1000000.txt;0,071276
parcialmenteOrdenados;po1000000.txt;0,068011
parcialmenteOrdenados;po1000000.txt;0,071811
parcialmenteOrdenados;po1000000.txt;0,067981
parcialmenteOrdenados;po1000000.txt;0,071422
parcialmenteOrdenados;po1000000.txt;0,068164
parcialmenteOrdenados;po1000000.txt;0,068394
parcialmenteOrdenados;po1000000.txt;0,068588
parcialmenteOrdenados;po1000000.txt;0,068438
parcialmenteOrdenados;po1000000.txt;0,067998
parcialmenteOrdenados;po1000000.txt;0,067996
parcialmenteOrdenados;po1000000.txt;0,067921
parcialmenteOrdenados;po1000000.txt;0,068464
parcialmenteOrdenados;po1000000.txt;0,071372
parcialmenteOrdenados;po1250000.txt;0,087324
parcialmenteOrdenados;po1250000.txt;0,087420
parcialmenteOrdenados;po1250000.txt;0,083258
parcialmenteOrdenados;po1250000.txt;0,082525
parcialmenteOrdenados;po1250000.txt;0,087379
parcialmenteOrdenados;po1250000.txt;0,083169
parcialmenteOrdenados;po1250000.txt;0,086652
parcialmenteOrdenados;po1250000.txt;0,082477
parcialmenteOrdenados;po1250000.txt;0,082664
parcialmenteOrdenados;po1250000.txt;0,087684
parcialmenteOrdenados;po1250000.txt;0,086721
parcialmenteOrdenados;po1250000.txt;0,082625
parcialmenteOrdenados;po1250000.txt;0,083268
parcialmenteOrdenados;po1250000.txt;0,086703
parcialmenteOrdenados;po1250000.txt;0,086668
parcialmenteOrdenados;po1250000.txt;0,082475
parcialmenteOrdenados;po1250000.txt;0,086886
parcialmenteOrdenados;po1250000.txt;0,087095
parcialmenteOrdenados;po1250000.txt;0,082462
parcialmenteOrdenados;po1250000.txt;0,082522
parcialmenteOrdenados;po1250000.txt;0,082543
parcialmenteOrdenados;po1250000.txt;0,082558
parcialmenteOrdenados;po1250000.txt;0,087342
parcialmenteOrdenados;po1250000.txt;0,087544
parcialmenteOrdenados;po1250000.txt;0,082593
parcialmenteOrdenados;po1250000.txt;0,083092
parcialmenteOrdenados;po1250000.txt;0,087174
parcialmenteOrdenados;po1250000.txt;0,087342
parcialmenteOrdenados;po1250000.txt;0,086775
parcialmenteOrdenados;po1250000.txt;0,082755
parcialmenteOrdenados;po1500000.txt;0,102873
parcialmenteOrdenados;po1500000.txt;0,102999
parcialmenteOrdenados;po1500000.txt;0,107371
parcialmenteOrdenados;po1500000.txt;0,107416
parcialmenteOrdenados;po1500000.txt;0,102319
parcialmenteOrdenados;po1500000.txt;0,107417
parcialmenteOrdenados;po1500000.txt;0,102485
parcialmenteOrdenados;po1500000.txt;0,102870
parcialmenteOrdenados;po1500000.txt;0,102228
parcialmenteOrdenados;po1500000.txt;0,107930
parcialmenteOrdenados;po1500000.txt;0,107559
parcialmenteOrdenados;po1500000.txt;0,102402
parcialmenteOrdenados;po1500000.txt;0,106994
parcialmenteOrdenados;po1500000.txt;0,107034
parcialmenteOrdenados;po1500000.txt;0,106981
parcialmenteOrdenados;po1500000.txt;0,107479
parcialmenteOrdenados;po1500000.txt;0,107478
parcialmenteOrdenados;po1500000.txt;0,107424
parcialmenteOrdenados;po1500000.txt;0,102336
parcialmenteOrdenados;po1500000.txt;0,107487
parcialmenteOrdenados;po1500000.txt;0,103056
parcialmenteOrdenados;po1500000.txt;0,107865
parcialmenteOrdenados;po1500000.txt;0,102594
parcialmenteOrdenados;po1500000.txt;0,107535
parcialmenteOrdenados;po1500000.txt;0,102170
parcialmenteOrdenados;po1500000.txt;0,107187
parcialmenteOrdenados;po1500000.txt;0,101969
parcialmenteOrdenados;po1500000.txt;0,107033
parcialmenteOrdenados;po1500000.txt;0,110887
parcialmenteOrdenados;po1500000.txt;0,102829
parcialmenteOrdenados;po2000000.txt;0,132568
parcialmenteOrdenados;po2000000.txt;0,133512
parcialmenteOrdenados;po2000000.txt;0,132778
parcialmenteOrdenados;po2000000.txt;0,137984
parcialmenteOrdenados;po2000000.txt;0,139958
parcialmenteOrdenados;po2000000.txt;0,134838
parcialmenteOrdenados;po2000000.txt;0,136997
parcialmenteOrdenados;po2000000.txt;0,133436
parcialmenteOrdenados;po2000000.txt;0,132894
parcialmenteOrdenados;po2000000.txt;0,136716
parcialmenteOrdenados;po2000000.txt;0,133043
parcialmenteOrdenados;po2000000.txt;0,132747
parcialmenteOrdenados;po2000000.txt;0,134147
parcialmenteOrdenados;po2000000.txt;0,132589
parcialmenteOrdenados;po2000000.txt;0,137077
parcialmenteOrdenados;po2000000.txt;0,132752
parcialmenteOrdenados;po2000000.txt;0,133558
parcialmenteOrdenados;po2000000.txt;0,132610
parcialmenteOrdenados;po2000000.txt;0,136574
parcialmenteOrdenados;po2000000.txt;0,132796
parcialmenteOrdenados;po2000000.txt;0,138194
parcialmenteOrdenados;po2000000.txt;0,137310
parcialmenteOrdenados;po2000000.txt;0,135236
parcialmenteOrdenados;po2000000.txt;0,132655
parcialmenteOrdenados;po2000000.txt;0,132589
parcialmenteOrdenados;po2000000.txt;0,135716
parcialmenteOrdenados;po2000000.txt;0,136366
parcialmenteOrdenados;po2000000.txt;0,132882
parcialmenteOrdenados;po2000000.txt;0,137202
parcialmenteOrdenados;po2000000.txt;0,133557
