ordenados;o5000.txt;0.000107
ordenados;o5000.txt;0.000102
ordenados;o5000.txt;0.000110
ordenados;o5000.txt;0.000108
ordenados;o5000.txt;0.000112
ordenados;o5000.txt;0.000111
ordenados;o5000.txt;0.000109
ordenados;o5000.txt;0.000114
ordenados;o5000.txt;0.000120
ordenados;o5000.txt;0.000110
ordenados;o5000.txt;0.000110
ordenados;o5000.txt;0.000117
ordenados;o5000.txt;0.000062
ordenados;o5000.txt;0.000062
ordenados;o5000.txt;0.000067
ordenados;o5000.txt;0.000062
ordenados;o5000.txt;0.000062
ordenados;o5000.txt;0.000062
ordenados;o5000.txt;0.000065
ordenados;o5000.txt;0.000062
ordenados;o5000.txt;0.000060
ordenados;o5000.txt;0.000065
ordenados;o5000.txt;0.000060
ordenados;o5000.txt;0.000062
ordenados;o5000.txt;0.000061
ordenados;o5000.txt;0.000066
ordenados;o5000.txt;0.000062
ordenados;o5000.txt;0.000061
ordenados;o5000.txt;0.000065
ordenados;o5000.txt;0.000067
ordenados;o10000.txt;0.000135
ordenados;o10000.txt;0.000141
ordenados;o10000.txt;0.000135
ordenados;o10000.txt;0.000130
ordenados;o10000.txt;0.000128
ordenados;o10000.txt;0.000131
ordenados;o10000.txt;0.000133
ordenados;o10000.txt;0.000131
ordenados;o10000.txt;0.000128
ordenados;o10000.txt;0.000132
ordenados;o10000.txt;0.000139
ordenados;o10000.txt;0.000128
ordenados;o10000.txt;0.000127
ordenados;o10000.txt;0.000131
ordenados;o10000.txt;0.000134
ordenados;o10000.txt;0.000128
ordenados;o10000.txt;0.000136
ordenados;o10000.txt;0.000133
ordenados;o10000.txt;0.000139
ordenados;o10000.txt;0.000131
ordenados;o10000.txt;0.000136
ordenados;o10000.txt;0.000127
ordenados;o10000.txt;0.000140
ordenados;o10000.txt;0.000137
ordenados;o10000.txt;0.000130
ordenados;o10000.txt;0.000133
ordenados;o10000.txt;0.000130
ordenados;o10000.txt;0.000130
ordenados;o10000.txt;0.000134
ordenados;o10000.txt;0.000134
ordenados;o15000.txt;0.000195
ordenados;o15000.txt;0.000205
ordenados;o15000.txt;0.000215
ordenados;o15000.txt;0.000199
ordenados;o15000.txt;0.000225
ordenados;o15000.txt;0.000189
ordenados;o15000.txt;0.000187
ordenados;o15000.txt;0.000189
ordenados;o15000.txt;0.000196
ordenados;o15000.txt;0.000195
ordenados;o15000.txt;0.000196
ordenados;o15000.txt;0.000205
ordenados;o15000.txt;0.000216
ordenados;o15000.txt;0.000196
ordenados;o15000.txt;0.000201
ordenados;o15000.txt;0.000198
ordenados;o15000.txt;0.000233
ordenados;o15000.txt;0.000202
ordenados;o15000.txt;0.000192
ordenados;o15000.txt;0.000226
ordenados;o15000.txt;0.000198
ordenados;o15000.txt;0.000194
ordenados;o15000.txt;0.000205
ordenados;o15000.txt;0.000198
ordenados;o15000.txt;0.000200
ordenados;o15000.txt;0.000189
ordenados;o15000.txt;0.000220
ordenados;o15000.txt;0.000197
ordenados;o15000.txt;0.000196
ordenados;o15000.txt;0.000194
ordenados;o30000.txt;0.000380
ordenados;o30000.txt;0.000390
ordenados;o30000.txt;0.000412
ordenados;o30000.txt;0.000426
ordenados;o30000.txt;0.000386
ordenados;o30000.txt;0.000398
ordenados;o30000.txt;0.000414
ordenados;o30000.txt;0.000398
ordenados;o30000.txt;0.000400
ordenados;o30000.txt;0.000388
ordenados;o30000.txt;0.000396
ordenados;o30000.txt;0.000402
ordenados;o30000.txt;0.000393
ordenados;o30000.txt;0.000402
ordenados;o30000.txt;0.000388
ordenados;o30000.txt;0.000400
ordenados;o30000.txt;0.000393
ordenados;o30000.txt;0.000375
ordenados;o30000.txt;0.000420
ordenados;o30000.txt;0.000386
ordenados;o30000.txt;0.000390
ordenados;o30000.txt;0.000388
ordenados;o30000.txt;0.000417
ordenados;o30000.txt;0.000388
ordenados;o30000.txt;0.000396
ordenados;o30000.txt;0.000397
ordenados;o30000.txt;0.000389
ordenados;o30000.txt;0.000388
ordenados;o30000.txt;0.000401
ordenados;o30000.txt;0.000401
ordenados;o50000.txt;0.000629
ordenados;o50000.txt;0.000639
ordenados;o50000.txt;0.000641
ordenados;o50000.txt;0.000669
ordenados;o50000.txt;0.000704
ordenados;o50000.txt;0.000682
ordenados;o50000.txt;0.000650
ordenados;o50000.txt;0.000647
ordenados;o50000.txt;0.000640
ordenados;o50000.txt;0.000639
ordenados;o50000.txt;0.000704
ordenados;o50000.txt;0.000679
ordenados;o50000.txt;0.000631
ordenados;o50000.txt;0.000629
ordenados;o50000.txt;0.000666
ordenados;o50000.txt;0.000634
ordenados;o50000.txt;0.000622
ordenados;o50000.txt;0.000672
ordenados;o50000.txt;0.000650
ordenados;o50000.txt;0.000667
ordenados;o50000.txt;0.000628
ordenados;o50000.txt;0.000679
ordenados;o50000.txt;0.000636
ordenados;o50000.txt;0.000652
ordenados;o50000.txt;0.000632
ordenados;o50000.txt;0.000648
ordenados;o50000.txt;0.000636
ordenados;o50000.txt;0.000665
ordenados;o50000.txt;0.000626
ordenados;o50000.txt;0.000646
ordenados;o100000.txt;0.001086
ordenados;o100000.txt;0.001107
ordenados;o100000.txt;0.001068
ordenados;o100000.txt;0.001107
ordenados;o100000.txt;0.001102
ordenados;o100000.txt;0.001123
ordenados;o100000.txt;0.001125
ordenados;o100000.txt;0.001085
ordenados;o100000.txt;0.001144
ordenados;o100000.txt;0.001073
ordenados;o100000.txt;0.001094
ordenados;o100000.txt;0.001092
ordenados;o100000.txt;0.001112
ordenados;o100000.txt;0.001054
ordenados;o100000.txt;0.001062
ordenados;o100000.txt;0.001112
ordenados;o100000.txt;0.001483
ordenados;o100000.txt;0.001134
ordenados;o100000.txt;0.001158
ordenados;o100000.txt;0.001115
ordenados;o100000.txt;0.001045
ordenados;o100000.txt;0.001080
ordenados;o100000.txt;0.001128
ordenados;o100000.txt;0.001162
ordenados;o100000.txt;0.001064
ordenados;o100000.txt;0.001106
ordenados;o100000.txt;0.001105
ordenados;o100000.txt;0.001082
ordenados;o100000.txt;0.001067
ordenados;o100000.txt;0.001075
ordenados;o200000.txt;0.002152
ordenados;o200000.txt;0.002145
ordenados;o200000.txt;0.002004
ordenados;o200000.txt;0.002142
ordenados;o200000.txt;0.001940
ordenados;o200000.txt;0.001997
ordenados;o200000.txt;0.002111
ordenados;o200000.txt;0.001917
ordenados;o200000.txt;0.002101
ordenados;o200000.txt;0.002059
ordenados;o200000.txt;0.002076
ordenados;o200000.txt;0.002044
ordenados;o200000.txt;0.002079
ordenados;o200000.txt;0.002114
ordenados;o200000.txt;0.002064
ordenados;o200000.txt;0.002028
ordenados;o200000.txt;0.002019
ordenados;o200000.txt;0.002134
ordenados;o200000.txt;0.001965
ordenados;o200000.txt;0.002156
ordenados;o200000.txt;0.002427
ordenados;o200000.txt;0.002058
ordenados;o200000.txt;0.002108
ordenados;o200000.txt;0.002060
ordenados;o200000.txt;0.002133
ordenados;o200000.txt;0.002077
ordenados;o200000.txt;0.002033
ordenados;o200000.txt;0.002100
ordenados;o200000.txt;0.002033
ordenados;o200000.txt;0.002181
ordenados;o500000.txt;0.004621
ordenados;o500000.txt;0.004860
ordenados;o500000.txt;0.004841
ordenados;o500000.txt;0.004721
ordenados;o500000.txt;0.004819
ordenados;o500000.txt;0.004683
ordenados;o500000.txt;0.004814
ordenados;o500000.txt;0.004958
ordenados;o500000.txt;0.004805
ordenados;o500000.txt;0.004747
ordenados;o500000.txt;0.004836
ordenados;o500000.txt;0.005002
ordenados;o500000.txt;0.004997
ordenados;o500000.txt;0.004760
ordenados;o500000.txt;0.004813
ordenados;o500000.txt;0.004495
ordenados;o500000.txt;0.004797
ordenados;o500000.txt;0.004751
ordenados;o500000.txt;0.004617
ordenados;o500000.txt;0.004389
ordenados;o500000.txt;0.004632
ordenados;o500000.txt;0.004747
ordenados;o500000.txt;0.004670
ordenados;o500000.txt;0.004404
ordenados;o500000.txt;0.004888
ordenados;o500000.txt;0.004835
ordenados;o500000.txt;0.004778
ordenados;o500000.txt;0.004516
ordenados;o500000.txt;0.004630
ordenados;o500000.txt;0.004512
ordenados;o1000000.txt;0.009897
ordenados;o1000000.txt;0.008483
ordenados;o1000000.txt;0.008436
ordenados;o1000000.txt;0.008647
ordenados;o1000000.txt;0.009172
ordenados;o1000000.txt;0.008872
ordenados;o1000000.txt;0.008189
ordenados;o1000000.txt;0.009036
ordenados;o1000000.txt;0.009063
ordenados;o1000000.txt;0.009017
ordenados;o1000000.txt;0.009176
ordenados;o1000000.txt;0.008730
ordenados;o1000000.txt;0.008881
ordenados;o1000000.txt;0.009799
ordenados;o1000000.txt;0.009296
ordenados;o1000000.txt;0.008260
ordenados;o1000000.txt;0.008440
ordenados;o1000000.txt;0.009330
ordenados;o1000000.txt;0.009043
ordenados;o1000000.txt;0.009395
ordenados;o1000000.txt;0.009150
ordenados;o1000000.txt;0.009304
ordenados;o1000000.txt;0.008478
ordenados;o1000000.txt;0.009349
ordenados;o1000000.txt;0.009258
ordenados;o1000000.txt;0.008238
ordenados;o1000000.txt;0.009231
ordenados;o1000000.txt;0.008424
ordenados;o1000000.txt;0.009404
ordenados;o1000000.txt;0.008164
ordenados;o1500000.txt;0.013055
ordenados;o1500000.txt;0.012708
ordenados;o1500000.txt;0.012717
ordenados;o1500000.txt;0.012968
ordenados;o1500000.txt;0.013623
ordenados;o1500000.txt;0.013148
ordenados;o1500000.txt;0.014117
ordenados;o1500000.txt;0.012775
ordenados;o1500000.txt;0.012329
ordenados;o1500000.txt;0.013970
ordenados;o1500000.txt;0.013329
ordenados;o1500000.txt;0.013252
ordenados;o1500000.txt;0.012464
ordenados;o1500000.txt;0.013673
ordenados;o1500000.txt;0.023247
ordenados;o1500000.txt;0.021870
ordenados;o1500000.txt;0.022972
ordenados;o1500000.txt;0.013294
ordenados;o1500000.txt;0.013024
ordenados;o1500000.txt;0.013111
ordenados;o1500000.txt;0.013589
ordenados;o1500000.txt;0.013492
ordenados;o1500000.txt;0.012983
ordenados;o1500000.txt;0.013370
ordenados;o1500000.txt;0.013211
ordenados;o1500000.txt;0.013339
ordenados;o1500000.txt;0.012547
ordenados;o1500000.txt;0.013004
ordenados;o1500000.txt;0.013068
ordenados;o1500000.txt;0.012560
ordenados;o2000000.txt;0.018064
ordenados;o2000000.txt;0.017822
ordenados;o2000000.txt;0.019195
ordenados;o2000000.txt;0.017913
ordenados;o2000000.txt;0.016338
ordenados;o2000000.txt;0.017646
ordenados;o2000000.txt;0.017116
ordenados;o2000000.txt;0.016414
ordenados;o2000000.txt;0.017587
ordenados;o2000000.txt;0.016838
ordenados;o2000000.txt;0.017166
ordenados;o2000000.txt;0.017066
ordenados;o2000000.txt;0.017865
ordenados;o2000000.txt;0.017965
ordenados;o2000000.txt;0.017611
ordenados;o2000000.txt;0.016738
ordenados;o2000000.txt;0.017736
ordenados;o2000000.txt;0.016612
ordenados;o2000000.txt;0.030185
ordenados;o2000000.txt;0.030230
ordenados;o2000000.txt;0.017706
ordenados;o2000000.txt;0.017121
ordenados;o2000000.txt;0.017691
ordenados;o2000000.txt;0.017277
ordenados;o2000000.txt;0.018277
ordenados;o2000000.txt;0.016832
ordenados;o2000000.txt;0.017474
ordenados;o2000000.txt;0.017772
ordenados;o2000000.txt;0.017547
ordenados;o2000000.txt;0.016945
