Pasta;Arquivo;Tempo_Segundos
ordenados;o5000.txt;0.000006
ordenados;o5000.txt;0.000006
ordenados;o5000.txt;0.000006
ordenados;o5000.txt;0.000006
ordenados;o5000.txt;0.000006
ordenados;o5000.txt;0.000006
ordenados;o5000.txt;0.000006
ordenados;o5000.txt;0.000006
ordenados;o5000.txt;0.000006
ordenados;o5000.txt;0.000006
ordenados;o5000.txt;0.000006
ordenados;o5000.txt;0.000005
ordenados;o5000.txt;0.000006
ordenados;o5000.txt;0.000006
ordenados;o5000.txt;0.000006
ordenados;o5000.txt;0.000005
ordenados;o5000.txt;0.000006
ordenados;o5000.txt;0.000005
ordenados;o5000.txt;0.000007
ordenados;o5000.txt;0.000006
ordenados;o5000.txt;0.000006
ordenados;o5000.txt;0.000006
ordenados;o5000.txt;0.000006
ordenados;o5000.txt;0.000006
ordenados;o5000.txt;0.000006
ordenados;o5000.txt;0.000008
ordenados;o5000.txt;0.000006
ordenados;o5000.txt;0.000006
ordenados;o5000.txt;0.000006
ordenados;o5000.txt;0.000005
ordenados;o10000.txt;0.000011
ordenados;o10000.txt;0.000011
ordenados;o10000.txt;0.000011
ordenados;o10000.txt;0.000011
ordenados;o10000.txt;0.000011
ordenados;o10000.txt;0.000011
ordenados;o10000.txt;0.000012
ordenados;o10000.txt;0.000011
ordenados;o10000.txt;0.000011
ordenados;o10000.txt;0.000010
ordenados;o10000.txt;0.000010
ordenados;o10000.txt;0.000011
ordenados;o10000.txt;0.000011
ordenados;o10000.txt;0.000011
ordenados;o10000.txt;0.000012
ordenados;o10000.txt;0.000011
ordenados;o10000.txt;0.000011
ordenados;o10000.txt;0.000011
ordenados;o10000.txt;0.000011
ordenados;o10000.txt;0.000011
ordenados;o10000.txt;0.000011
ordenados;o10000.txt;0.000011
ordenados;o10000.txt;0.000011
ordenados;o10000.txt;0.000011
ordenados;o10000.txt;0.000011
ordenados;o10000.txt;0.000011
ordenados;o10000.txt;0.000011
ordenados;o10000.txt;0.000011
ordenados;o10000.txt;0.000011
ordenados;o10000.txt;0.000011
ordenados;o15000.txt;0.000016
ordenados;o15000.txt;0.000016
ordenados;o15000.txt;0.000016
ordenados;o15000.txt;0.000019
ordenados;o15000.txt;0.000016
ordenados;o15000.txt;0.000016
ordenados;o15000.txt;0.000016
ordenados;o15000.txt;0.000016
ordenados;o15000.txt;0.000016
ordenados;o15000.txt;0.000016
ordenados;o15000.txt;0.000016
ordenados;o15000.txt;0.000016
ordenados;o15000.txt;0.000017
ordenados;o15000.txt;0.000016
ordenados;o15000.txt;0.000016
ordenados;o15000.txt;0.000016
ordenados;o15000.txt;0.000016
ordenados;o15000.txt;0.000016
ordenados;o15000.txt;0.000017
ordenados;o15000.txt;0.000017
ordenados;o15000.txt;0.000016
ordenados;o15000.txt;0.000016
ordenados;o15000.txt;0.000016
ordenados;o15000.txt;0.000016
ordenados;o15000.txt;0.000017
ordenados;o15000.txt;0.000016
ordenados;o15000.txt;0.000021
ordenados;o15000.txt;0.000020
ordenados;o15000.txt;0.000016
ordenados;o15000.txt;0.000016
ordenados;o30000.txt;0.000037
ordenados;o30000.txt;0.000035
ordenados;o30000.txt;0.000037
ordenados;o30000.txt;0.000033
ordenados;o30000.txt;0.000034
ordenados;o30000.txt;0.000034
ordenados;o30000.txt;0.000035
ordenados;o30000.txt;0.000033
ordenados;o30000.txt;0.000041
ordenados;o30000.txt;0.000036
ordenados;o30000.txt;0.000036
ordenados;o30000.txt;0.000031
ordenados;o30000.txt;0.000033
ordenados;o30000.txt;0.000042
ordenados;o30000.txt;0.000033
ordenados;o30000.txt;0.000033
ordenados;o30000.txt;0.000032
ordenados;o30000.txt;0.000035
ordenados;o30000.txt;0.000044
ordenados;o30000.txt;0.000032
ordenados;o30000.txt;0.000032
ordenados;o30000.txt;0.000032
ordenados;o30000.txt;0.000032
ordenados;o30000.txt;0.000034
ordenados;o30000.txt;0.000034
ordenados;o30000.txt;0.000039
ordenados;o30000.txt;0.000035
ordenados;o30000.txt;0.000038
ordenados;o30000.txt;0.000035
ordenados;o30000.txt;0.000031
ordenados;o50000.txt;0.000068
ordenados;o50000.txt;0.000072
ordenados;o50000.txt;0.000082
ordenados;o50000.txt;0.000078
ordenados;o50000.txt;0.000072
ordenados;o50000.txt;0.000081
ordenados;o50000.txt;0.000068
ordenados;o50000.txt;0.000091
ordenados;o50000.txt;0.000069
ordenados;o50000.txt;0.000067
ordenados;o50000.txt;0.000069
ordenados;o50000.txt;0.000077
ordenados;o50000.txt;0.000061
ordenados;o50000.txt;0.000082
ordenados;o50000.txt;0.000076
ordenados;o50000.txt;0.000077
ordenados;o50000.txt;0.000093
ordenados;o50000.txt;0.000065
ordenados;o50000.txt;0.000069
ordenados;o50000.txt;0.000085
ordenados;o50000.txt;0.000062
ordenados;o50000.txt;0.000078
ordenados;o50000.txt;0.000059
ordenados;o50000.txt;0.000082
ordenados;o50000.txt;0.000078
ordenados;o50000.txt;0.000081
ordenados;o50000.txt;0.000094
ordenados;o50000.txt;0.000106
ordenados;o50000.txt;0.000078
ordenados;o50000.txt;0.000101
ordenados;o100000.txt;0.000277
ordenados;o100000.txt;0.000269
ordenados;o100000.txt;0.000224
ordenados;o100000.txt;0.000213
ordenados;o100000.txt;0.000212
ordenados;o100000.txt;0.000225
ordenados;o100000.txt;0.000212
ordenados;o100000.txt;0.000152
ordenados;o100000.txt;0.000244
ordenados;o100000.txt;0.000202
ordenados;o100000.txt;0.000188
ordenados;o100000.txt;0.000193
ordenados;o100000.txt;0.000242
ordenados;o100000.txt;0.000251
ordenados;o100000.txt;0.000253
ordenados;o100000.txt;0.000233
ordenados;o100000.txt;0.000253
ordenados;o100000.txt;0.000181
ordenados;o100000.txt;0.000156
ordenados;o100000.txt;0.000171
ordenados;o100000.txt;0.000201
ordenados;o100000.txt;0.000199
ordenados;o100000.txt;0.000242
ordenados;o100000.txt;0.000258
ordenados;o100000.txt;0.000176
ordenados;o100000.txt;0.000205
ordenados;o100000.txt;0.000271
ordenados;o100000.txt;0.000191
ordenados;o100000.txt;0.000251
ordenados;o100000.txt;0.000198
ordenados;o200000.txt;0.000619
ordenados;o200000.txt;0.000477
ordenados;o200000.txt;0.000586
ordenados;o200000.txt;0.000519
ordenados;o200000.txt;0.000465
ordenados;o200000.txt;0.000697
ordenados;o200000.txt;0.000582
ordenados;o200000.txt;0.000513
ordenados;o200000.txt;0.000487
ordenados;o200000.txt;0.000546
ordenados;o200000.txt;0.000450
ordenados;o200000.txt;0.000545
ordenados;o200000.txt;0.000468
ordenados;o200000.txt;0.000553
ordenados;o200000.txt;0.000538
ordenados;o200000.txt;0.000488
ordenados;o200000.txt;0.000546
ordenados;o200000.txt;0.000537
ordenados;o200000.txt;0.000587
ordenados;o200000.txt;0.000531
ordenados;o200000.txt;0.000538
ordenados;o200000.txt;0.000480
ordenados;o200000.txt;0.000459
ordenados;o200000.txt;0.000535
ordenados;o200000.txt;0.000466
ordenados;o200000.txt;0.000522
ordenados;o200000.txt;0.000615
ordenados;o200000.txt;0.000622
ordenados;o200000.txt;0.000460
ordenados;o200000.txt;0.000617
ordenados;o500000.txt;0.001642
ordenados;o500000.txt;0.001646
ordenados;o500000.txt;0.001743
ordenados;o500000.txt;0.001712
ordenados;o500000.txt;0.001560
ordenados;o500000.txt;0.001746
ordenados;o500000.txt;0.001600
ordenados;o500000.txt;0.001719
ordenados;o500000.txt;0.001653
ordenados;o500000.txt;0.001639
ordenados;o500000.txt;0.001610
ordenados;o500000.txt;0.001578
ordenados;o500000.txt;0.001713
ordenados;o500000.txt;0.001629
ordenados;o500000.txt;0.001695
ordenados;o500000.txt;0.001632
ordenados;o500000.txt;0.001847
ordenados;o500000.txt;0.001915
ordenados;o500000.txt;0.001912
ordenados;o500000.txt;0.001782
ordenados;o500000.txt;0.001722
ordenados;o500000.txt;0.001482
ordenados;o500000.txt;0.001689
ordenados;o500000.txt;0.001515
ordenados;o500000.txt;0.001537
ordenados;o500000.txt;0.001608
ordenados;o500000.txt;0.001689
ordenados;o500000.txt;0.001621
ordenados;o500000.txt;0.001697
ordenados;o500000.txt;0.001621
ordenados;o1000000.txt;0.003614
ordenados;o1000000.txt;0.003677
ordenados;o1000000.txt;0.003780
ordenados;o1000000.txt;0.003531
ordenados;o1000000.txt;0.003623
ordenados;o1000000.txt;0.003554
ordenados;o1000000.txt;0.003361
ordenados;o1000000.txt;0.003231
ordenados;o1000000.txt;0.003237
ordenados;o1000000.txt;0.003552
ordenados;o1000000.txt;0.003547
ordenados;o1000000.txt;0.003689
ordenados;o1000000.txt;0.003613
ordenados;o1000000.txt;0.003360
ordenados;o1000000.txt;0.003584
ordenados;o1000000.txt;0.003628
ordenados;o1000000.txt;0.003598
ordenados;o1000000.txt;0.003624
ordenados;o1000000.txt;0.004257
ordenados;o1000000.txt;0.003851
ordenados;o1000000.txt;0.003447
ordenados;o1000000.txt;0.003357
ordenados;o1000000.txt;0.003425
ordenados;o1000000.txt;0.003573
ordenados;o1000000.txt;0.003401
ordenados;o1000000.txt;0.003429
ordenados;o1000000.txt;0.003414
ordenados;o1000000.txt;0.003648
ordenados;o1000000.txt;0.003306
ordenados;o1000000.txt;0.003533
ordenados;o1500000.txt;0.005279
ordenados;o1500000.txt;0.005386
ordenados;o1500000.txt;0.005357
ordenados;o1500000.txt;0.004983
ordenados;o1500000.txt;0.005344
ordenados;o1500000.txt;0.004958
ordenados;o1500000.txt;0.005038
ordenados;o1500000.txt;0.005389
ordenados;o1500000.txt;0.004960
ordenados;o1500000.txt;0.005333
ordenados;o1500000.txt;0.005443
ordenados;o1500000.txt;0.005052
ordenados;o1500000.txt;0.004940
ordenados;o1500000.txt;0.004929
ordenados;o1500000.txt;0.005368
ordenados;o1500000.txt;0.004968
ordenados;o1500000.txt;0.005377
ordenados;o1500000.txt;0.005396
ordenados;o1500000.txt;0.005417
ordenados;o1500000.txt;0.005004
ordenados;o1500000.txt;0.004927
ordenados;o1500000.txt;0.004977
ordenados;o1500000.txt;0.005286
ordenados;o1500000.txt;0.005416
ordenados;o1500000.txt;0.005026
ordenados;o1500000.txt;0.005362
ordenados;o1500000.txt;0.004994
ordenados;o1500000.txt;0.005025
ordenados;o1500000.txt;0.005605
ordenados;o1500000.txt;0.005073
ordenados;o2000000.txt;0.006875
ordenados;o2000000.txt;0.006876
ordenados;o2000000.txt;0.006797
ordenados;o2000000.txt;0.008624
ordenados;o2000000.txt;0.008571
ordenados;o2000000.txt;0.008339
ordenados;o2000000.txt;0.008599
ordenados;o2000000.txt;0.007166
ordenados;o2000000.txt;0.007144
ordenados;o2000000.txt;0.007810
ordenados;o2000000.txt;0.007177
ordenados;o2000000.txt;0.007135
ordenados;o2000000.txt;0.006848
ordenados;o2000000.txt;0.007154
ordenados;o2000000.txt;0.006855
ordenados;o2000000.txt;0.007109
ordenados;o2000000.txt;0.006814
ordenados;o2000000.txt;0.006766
ordenados;o2000000.txt;0.006746
ordenados;o2000000.txt;0.007209
ordenados;o2000000.txt;0.007128
ordenados;o2000000.txt;0.006838
ordenados;o2000000.txt;0.007129
ordenados;o2000000.txt;0.007384
ordenados;o2000000.txt;0.006813
ordenados;o2000000.txt;0.007107
ordenados;o2000000.txt;0.007171
ordenados;o2000000.txt;0.006872
ordenados;o2000000.txt;0.007054
ordenados;o2000000.txt;0.007094
