ordenados;o5000.txt;0,000154
ordenados;o5000.txt;0,000155
ordenados;o5000.txt;0,000154
ordenados;o5000.txt;0,000154
ordenados;o5000.txt;0,000156
ordenados;o5000.txt;0,000159
ordenados;o5000.txt;0,000154
ordenados;o5000.txt;0,000155
ordenados;o5000.txt;0,000154
ordenados;o5000.txt;0,000154
ordenados;o5000.txt;0,000154
ordenados;o5000.txt;0,000154
ordenados;o5000.txt;0,000153
ordenados;o5000.txt;0,000158
ordenados;o5000.txt;0,000157
ordenados;o5000.txt;0,000158
ordenados;o5000.txt;0,000154
ordenados;o5000.txt;0,000154
ordenados;o5000.txt;0,000170
ordenados;o5000.txt;0,000156
ordenados;o5000.txt;0,000155
ordenados;o5000.txt;0,000154
ordenados;o5000.txt;0,000159
ordenados;o5000.txt;0,000155
ordenados;o5000.txt;0,000155
ordenados;o5000.txt;0,000170
ordenados;o5000.txt;0,000161
ordenados;o5000.txt;0,000162
ordenados;o5000.txt;0,000155
ordenados;o5000.txt;0,000156
ordenados;o10000.txt;0,000181
ordenados;o10000.txt;0,000182
ordenados;o10000.txt;0,000181
ordenados;o10000.txt;0,000182
ordenados;o10000.txt;0,000180
ordenados;o10000.txt;0,000219
ordenados;o10000.txt;0,000180
ordenados;o10000.txt;0,000180
ordenados;o10000.txt;0,000179
ordenados;o10000.txt;0,000189
ordenados;o10000.txt;0,000178
ordenados;o10000.txt;0,000177
ordenados;o10000.txt;0,000180
ordenados;o10000.txt;0,000179
ordenados;o10000.txt;0,000180
ordenados;o10000.txt;0,000179
ordenados;o10000.txt;0,000180
ordenados;o10000.txt;0,000180
ordenados;o10000.txt;0,000180
ordenados;o10000.txt;0,000179
ordenados;o10000.txt;0,000183
ordenados;o10000.txt;0,000191
ordenados;o10000.txt;0,000179
ordenados;o10000.txt;0,000179
ordenados;o10000.txt;0,000178
ordenados;o10000.txt;0,000183
ordenados;o10000.txt;0,000184
ordenados;o10000.txt;0,000178
ordenados;o10000.txt;0,000178
ordenados;o10000.txt;0,000179
ordenados;o15000.txt;0,000206
ordenados;o15000.txt;0,000205
ordenados;o15000.txt;0,000205
ordenados;o15000.txt;0,000215
ordenados;o15000.txt;0,000207
ordenados;o15000.txt;0,000218
ordenados;o15000.txt;0,000205
ordenados;o15000.txt;0,000206
ordenados;o15000.txt;0,000204
ordenados;o15000.txt;0,000206
ordenados;o15000.txt;0,000207
ordenados;o15000.txt;0,000205
ordenados;o15000.txt;0,000203
ordenados;o15000.txt;0,000209
ordenados;o15000.txt;0,000212
ordenados;o15000.txt;0,000203
ordenados;o15000.txt;0,000205
ordenados;o15000.txt;0,000234
ordenados;o15000.txt;0,000206
ordenados;o15000.txt;0,000208
ordenados;o15000.txt;0,000209
ordenados;o15000.txt;0,000209
ordenados;o15000.txt;0,000207
ordenados;o15000.txt;0,000235
ordenados;o15000.txt;0,000205
ordenados;o15000.txt;0,000208
ordenados;o15000.txt;0,000205
ordenados;o15000.txt;0,000208
ordenados;o15000.txt;0,000233
ordenados;o15000.txt;0,000209
ordenados;o30000.txt;0,000282
ordenados;o30000.txt;0,000281
ordenados;o30000.txt;0,000284
ordenados;o30000.txt;0,000298
ordenados;o30000.txt;0,000285
ordenados;o30000.txt;0,000285
ordenados;o30000.txt;0,000282
ordenados;o30000.txt;0,000280
ordenados;o30000.txt;0,000283
ordenados;o30000.txt;0,000284
ordenados;o30000.txt;0,000286
ordenados;o30000.txt;0,000307
ordenados;o30000.txt;0,000282
ordenados;o30000.txt;0,000280
ordenados;o30000.txt;0,000283
ordenados;o30000.txt;0,000300
ordenados;o30000.txt;0,000281
ordenados;o30000.txt;0,000281
ordenados;o30000.txt;0,000307
ordenados;o30000.txt;0,000282
ordenados;o30000.txt;0,000283
ordenados;o30000.txt;0,000287
ordenados;o30000.txt;0,000280
ordenados;o30000.txt;0,000280
ordenados;o30000.txt;0,000280
ordenados;o30000.txt;0,000278
ordenados;o30000.txt;0,000297
ordenados;o30000.txt;0,000295
ordenados;o30000.txt;0,000282
ordenados;o30000.txt;0,000282
ordenados;o50000.txt;0,000384
ordenados;o50000.txt;0,000392
ordenados;o50000.txt;0,000390
ordenados;o50000.txt;0,000380
ordenados;o50000.txt;0,000383
ordenados;o50000.txt;0,000382
ordenados;o50000.txt;0,000382
ordenados;o50000.txt;0,000381
ordenados;o50000.txt;0,000379
ordenados;o50000.txt;0,000380
ordenados;o50000.txt;0,000381
ordenados;o50000.txt;0,000387
ordenados;o50000.txt;0,000384
ordenados;o50000.txt;0,000379
ordenados;o50000.txt;0,000380
ordenados;o50000.txt;0,000384
ordenados;o50000.txt;0,000427
ordenados;o50000.txt;0,000383
ordenados;o50000.txt;0,000387
ordenados;o50000.txt;0,000384
ordenados;o50000.txt;0,000381
ordenados;o50000.txt;0,000384
ordenados;o50000.txt;0,000382
ordenados;o50000.txt;0,000382
ordenados;o50000.txt;0,000405
ordenados;o50000.txt;0,000420
ordenados;o50000.txt;0,000384
ordenados;o50000.txt;0,000381
ordenados;o50000.txt;0,000384
ordenados;o50000.txt;0,000379
ordenados;o100000.txt;0,000634
ordenados;o100000.txt;0,000654
ordenados;o100000.txt;0,000637
ordenados;o100000.txt;0,000646
ordenados;o100000.txt;0,000639
ordenados;o100000.txt;0,000641
ordenados;o100000.txt;0,000637
ordenados;o100000.txt;0,000642
ordenados;o100000.txt;0,000637
ordenados;o100000.txt;0,000673
ordenados;o100000.txt;0,000636
ordenados;o100000.txt;0,000668
ordenados;o100000.txt;0,000637
ordenados;o100000.txt;0,000634
ordenados;o100000.txt;0,000936
ordenados;o100000.txt;0,000649
ordenados;o100000.txt;0,000640
ordenados;o100000.txt;0,000638
ordenados;o100000.txt;0,000638
ordenados;o100000.txt;0,000659
ordenados;o100000.txt;0,000636
ordenados;o100000.txt;0,000642
ordenados;o100000.txt;0,000639
ordenados;o100000.txt;0,000638
ordenados;o100000.txt;0,000638
ordenados;o100000.txt;0,000637
ordenados;o100000.txt;0,000639
ordenados;o100000.txt;0,000638
ordenados;o100000.txt;0,000638
ordenados;o100000.txt;0,000639
ordenados;o200000.txt;0,001058
ordenados;o200000.txt;0,000954
ordenados;o200000.txt;0,000907
ordenados;o200000.txt;0,000932
ordenados;o200000.txt;0,000928
ordenados;o200000.txt;0,001007
ordenados;o200000.txt;0,001081
ordenados;o200000.txt;0,001044
ordenados;o200000.txt;0,000961
ordenados;o200000.txt;0,000930
ordenados;o200000.txt;0,000947
ordenados;o200000.txt;0,000909
ordenados;o200000.txt;0,000937
ordenados;o200000.txt;0,000935
ordenados;o200000.txt;0,000950
ordenados;o200000.txt;0,000915
ordenados;o200000.txt;0,000908
ordenados;o200000.txt;0,000966
ordenados;o200000.txt;0,000937
ordenados;o200000.txt;0,001029
ordenados;o200000.txt;0,000911
ordenados;o200000.txt;0,000937
ordenados;o200000.txt;0,000968
ordenados;o200000.txt;0,000919
ordenados;o200000.txt;0,000939
ordenados;o200000.txt;0,000946
ordenados;o200000.txt;0,000919
ordenados;o200000.txt;0,000915
ordenados;o200000.txt;0,000959
ordenados;o200000.txt;0,000938
ordenados;o500000.txt;0,001424
ordenados;o500000.txt;0,001396
ordenados;o500000.txt;0,001364
ordenados;o500000.txt;0,001368
ordenados;o500000.txt;0,001409
ordenados;o500000.txt;0,001353
ordenados;o500000.txt;0,001366
ordenados;o500000.txt;0,001454
ordenados;o500000.txt;0,001376
ordenados;o500000.txt;0,001374
ordenados;o500000.txt;0,001454
ordenados;o500000.txt;0,001386
ordenados;o500000.txt;0,001379
ordenados;o500000.txt;0,001348
ordenados;o500000.txt;0,001386
ordenados;o500000.txt;0,001376
ordenados;o500000.txt;0,001373
ordenados;o500000.txt;0,001403
ordenados;o500000.txt;0,001382
ordenados;o500000.txt;0,001354
ordenados;o500000.txt;0,001416
ordenados;o500000.txt;0,001385
ordenados;o500000.txt;0,001392
ordenados;o500000.txt;0,001357
ordenados;o500000.txt;0,001363
ordenados;o500000.txt;0,001360
ordenados;o500000.txt;0,001421
ordenados;o500000.txt;0,001372
ordenados;o500000.txt;0,001361
ordenados;o500000.txt;0,001329
ordenados;o1000000.txt;0,002059
ordenados;o1000000.txt;0,002039
ordenados;o1000000.txt;0,002018
ordenados;o1000000.txt;0,001989
ordenados;o1000000.txt;0,002039
ordenados;o1000000.txt;0,002010
ordenados;o1000000.txt;0,002048
ordenados;o1000000.txt;0,002027
ordenados;o1000000.txt;0,002030
ordenados;o1000000.txt;0,001943
ordenados;o1000000.txt;0,002032
ordenados;o1000000.txt;0,001969
ordenados;o1000000.txt;0,002012
ordenados;o1000000.txt;0,002072
ordenados;o1000000.txt;0,001890
ordenados;o1000000.txt;0,001909
ordenados;o1000000.txt;0,002027
ordenados;o1000000.txt;0,001961
ordenados;o1000000.txt;0,002040
ordenados;o1000000.txt;0,002046
ordenados;o1000000.txt;0,002008
ordenados;o1000000.txt;0,002032
ordenados;o1000000.txt;0,001983
ordenados;o1000000.txt;0,002019
ordenados;o1000000.txt;0,002034
ordenados;o1000000.txt;0,001926
ordenados;o1000000.txt;0,002013
ordenados;o1000000.txt;0,002101
ordenados;o1000000.txt;0,002105
ordenados;o1000000.txt;0,002019
ordenados;o1500000.txt;0,002371
ordenados;o1500000.txt;0,002483
ordenados;o1500000.txt;0,002364
ordenados;o1500000.txt;0,002337
ordenados;o1500000.txt;0,002435
ordenados;o1500000.txt;0,002350
ordenados;o1500000.txt;0,002386
ordenados;o1500000.txt;0,002321
ordenados;o1500000.txt;0,002319
ordenados;o1500000.txt;0,002339
ordenados;o1500000.txt;0,002121
ordenados;o1500000.txt;0,002345
ordenados;o1500000.txt;0,002340
ordenados;o1500000.txt;0,002333
ordenados;o1500000.txt;0,002413
ordenados;o1500000.txt;0,004128
ordenados;o1500000.txt;0,004143
ordenados;o1500000.txt;0,004251
ordenados;o1500000.txt;0,004124
ordenados;o1500000.txt;0,004148
ordenados;o1500000.txt;0,002118
ordenados;o1500000.txt;0,002334
ordenados;o1500000.txt;0,002327
ordenados;o1500000.txt;0,002402
ordenados;o1500000.txt;0,002167
ordenados;o1500000.txt;0,002300
ordenados;o1500000.txt;0,002164
ordenados;o1500000.txt;0,002343
ordenados;o1500000.txt;0,002361
ordenados;o1500000.txt;0,002431
ordenados;o2000000.txt;0,002607
ordenados;o2000000.txt;0,002571
ordenados;o2000000.txt;0,002616
ordenados;o2000000.txt;0,002592
ordenados;o2000000.txt;0,002599
ordenados;o2000000.txt;0,002344
ordenados;o2000000.txt;0,002652
ordenados;o2000000.txt;0,002377
ordenados;o2000000.txt;0,002592
ordenados;o2000000.txt;0,002577
ordenados;o2000000.txt;0,002597
ordenados;o2000000.txt;0,002566
ordenados;o2000000.txt;0,002343
ordenados;o2000000.txt;0,002622
ordenados;o2000000.txt;0,002583
ordenados;o2000000.txt;0,002645
ordenados;o2000000.txt;0,002545
ordenados;o2000000.txt;0,002354
ordenados;o2000000.txt;0,002563
ordenados;o2000000.txt;0,002559
ordenados;o2000000.txt;0,002543
ordenados;o2000000.txt;0,002620
ordenados;o2000000.txt;0,002642
ordenados;o2000000.txt;0,002544
ordenados;o2000000.txt;0,002583
ordenados;o2000000.txt;0,002397
ordenados;o2000000.txt;0,002594
ordenados;o2000000.txt;0,002630
ordenados;o2000000.txt;0,002566
ordenados;o2000000.txt;0,002578
