ordenados;o5000.txt;0.000063
ordenados;o5000.txt;0.000058
ordenados;o5000.txt;0.000059
ordenados;o5000.txt;0.000059
ordenados;o5000.txt;0.000058
ordenados;o5000.txt;0.000058
ordenados;o5000.txt;0.000058
ordenados;o5000.txt;0.000055
ordenados;o5000.txt;0.000059
ordenados;o5000.txt;0.000057
ordenados;o5000.txt;0.000056
ordenados;o5000.txt;0.000054
ordenados;o5000.txt;0.000060
ordenados;o5000.txt;0.000062
ordenados;o5000.txt;0.000060
ordenados;o5000.txt;0.000058
ordenados;o5000.txt;0.000058
ordenados;o5000.txt;0.000058
ordenados;o5000.txt;0.000059
ordenados;o5000.txt;0.000058
ordenados;o5000.txt;0.000058
ordenados;o5000.txt;0.000058
ordenados;o5000.txt;0.000060
ordenados;o5000.txt;0.000060
ordenados;o5000.txt;0.000063
ordenados;o5000.txt;0.000058
ordenados;o5000.txt;0.000058
ordenados;o5000.txt;0.000058
ordenados;o5000.txt;0.000058
ordenados;o5000.txt;0.000060
ordenados;o10000.txt;0.000123
ordenados;o10000.txt;0.000127
ordenados;o10000.txt;0.000123
ordenados;o10000.txt;0.000127
ordenados;o10000.txt;0.000122
ordenados;o10000.txt;0.000123
ordenados;o10000.txt;0.000123
ordenados;o10000.txt;0.000127
ordenados;o10000.txt;0.000123
ordenados;o10000.txt;0.000127
ordenados;o10000.txt;0.000127
ordenados;o10000.txt;0.000123
ordenados;o10000.txt;0.000122
ordenados;o10000.txt;0.000129
ordenados;o10000.txt;0.000123
ordenados;o10000.txt;0.000122
ordenados;o10000.txt;0.000124
ordenados;o10000.txt;0.000127
ordenados;o10000.txt;0.000127
ordenados;o10000.txt;0.000127
ordenados;o10000.txt;0.000123
ordenados;o10000.txt;0.000123
ordenados;o10000.txt;0.000129
ordenados;o10000.txt;0.000127
ordenados;o10000.txt;0.000122
ordenados;o10000.txt;0.000123
ordenados;o10000.txt;0.000127
ordenados;o10000.txt;0.000122
ordenados;o10000.txt;0.000122
ordenados;o10000.txt;0.000123
ordenados;o15000.txt;0.000192
ordenados;o15000.txt;0.000192
ordenados;o15000.txt;0.000191
ordenados;o15000.txt;0.000195
ordenados;o15000.txt;0.000193
ordenados;o15000.txt;0.000194
ordenados;o15000.txt;0.000197
ordenados;o15000.txt;0.000191
ordenados;o15000.txt;0.000193
ordenados;o15000.txt;0.000191
ordenados;o15000.txt;0.000191
ordenados;o15000.txt;0.000195
ordenados;o15000.txt;0.000197
ordenados;o15000.txt;0.000191
ordenados;o15000.txt;0.000192
ordenados;o15000.txt;0.000191
ordenados;o15000.txt;0.000192
ordenados;o15000.txt;0.000191
ordenados;o15000.txt;0.000195
ordenados;o15000.txt;0.000197
ordenados;o15000.txt;0.000207
ordenados;o15000.txt;0.000193
ordenados;o15000.txt;0.000191
ordenados;o15000.txt;0.000191
ordenados;o15000.txt;0.000192
ordenados;o15000.txt;0.000193
ordenados;o15000.txt;0.000206
ordenados;o15000.txt;0.000191
ordenados;o15000.txt;0.000192
ordenados;o15000.txt;0.000195
ordenados;o30000.txt;0.000401
ordenados;o30000.txt;0.000402
ordenados;o30000.txt;0.000404
ordenados;o30000.txt;0.000404
ordenados;o30000.txt;0.000405
ordenados;o30000.txt;0.000403
ordenados;o30000.txt;0.000408
ordenados;o30000.txt;0.000402
ordenados;o30000.txt;0.000407
ordenados;o30000.txt;0.000406
ordenados;o30000.txt;0.000406
ordenados;o30000.txt;0.000403
ordenados;o30000.txt;0.000404
ordenados;o30000.txt;0.000406
ordenados;o30000.txt;0.000404
ordenados;o30000.txt;0.000406
ordenados;o30000.txt;0.000407
ordenados;o30000.txt;0.000400
ordenados;o30000.txt;0.000404
ordenados;o30000.txt;0.000406
ordenados;o30000.txt;0.000408
ordenados;o30000.txt;0.000403
ordenados;o30000.txt;0.000406
ordenados;o30000.txt;0.000403
ordenados;o30000.txt;0.000404
ordenados;o30000.txt;0.000406
ordenados;o30000.txt;0.000404
ordenados;o30000.txt;0.000402
ordenados;o30000.txt;0.000403
ordenados;o30000.txt;0.000407
ordenados;o50000.txt;0.000716
ordenados;o50000.txt;0.000711
ordenados;o50000.txt;0.000719
ordenados;o50000.txt;0.000710
ordenados;o50000.txt;0.000714
ordenados;o50000.txt;0.000718
ordenados;o50000.txt;0.000711
ordenados;o50000.txt;0.000713
ordenados;o50000.txt;0.000717
ordenados;o50000.txt;0.000712
ordenados;o50000.txt;0.000706
ordenados;o50000.txt;0.000710
ordenados;o50000.txt;0.000728
ordenados;o50000.txt;0.000711
ordenados;o50000.txt;0.000712
ordenados;o50000.txt;0.000711
ordenados;o50000.txt;0.000713
ordenados;o50000.txt;0.000712
ordenados;o50000.txt;0.000710
ordenados;o50000.txt;0.000716
ordenados;o50000.txt;0.000714
ordenados;o50000.txt;0.000716
ordenados;o50000.txt;0.000711
ordenados;o50000.txt;0.000710
ordenados;o50000.txt;0.000711
ordenados;o50000.txt;0.000712
ordenados;o50000.txt;0.000716
ordenados;o50000.txt;0.000713
ordenados;o50000.txt;0.000711
ordenados;o50000.txt;0.000712
ordenados;o100000.txt;0.001487
ordenados;o100000.txt;0.001505
ordenados;o100000.txt;0.001490
ordenados;o100000.txt;0.001492
ordenados;o100000.txt;0.001492
ordenados;o100000.txt;0.001491
ordenados;o100000.txt;0.001509
ordenados;o100000.txt;0.001484
ordenados;o100000.txt;0.001431
ordenados;o100000.txt;0.001483
ordenados;o100000.txt;0.001488
ordenados;o100000.txt;0.001484
ordenados;o100000.txt;0.001498
ordenados;o100000.txt;0.001489
ordenados;o100000.txt;0.001481
ordenados;o100000.txt;0.001484
ordenados;o100000.txt;0.001496
ordenados;o100000.txt;0.001494
ordenados;o100000.txt;0.001485
ordenados;o100000.txt;0.001489
ordenados;o100000.txt;0.001489
ordenados;o100000.txt;0.001484
ordenados;o100000.txt;0.001508
ordenados;o100000.txt;0.001492
ordenados;o100000.txt;0.001531
ordenados;o100000.txt;0.001517
ordenados;o100000.txt;0.001492
ordenados;o100000.txt;0.001501
ordenados;o100000.txt;0.001498
ordenados;o100000.txt;0.001499
ordenados;o200000.txt;0.003129
ordenados;o200000.txt;0.003133
ordenados;o200000.txt;0.003131
ordenados;o200000.txt;0.003113
ordenados;o200000.txt;0.003115
ordenados;o200000.txt;0.003141
ordenados;o200000.txt;0.003126
ordenados;o200000.txt;0.003177
ordenados;o200000.txt;0.003115
ordenados;o200000.txt;0.003114
ordenados;o200000.txt;0.003111
ordenados;o200000.txt;0.002994
ordenados;o200000.txt;0.003120
ordenados;o200000.txt;0.003041
ordenados;o200000.txt;0.003131
ordenados;o200000.txt;0.002989
ordenados;o200000.txt;0.003124
ordenados;o200000.txt;0.003010
ordenados;o200000.txt;0.003065
ordenados;o200000.txt;0.003114
ordenados;o200000.txt;0.003129
ordenados;o200000.txt;0.003121
ordenados;o200000.txt;0.003104
ordenados;o200000.txt;0.003148
ordenados;o200000.txt;0.002967
ordenados;o200000.txt;0.003136
ordenados;o200000.txt;0.003136
ordenados;o200000.txt;0.003106
ordenados;o200000.txt;0.003013
ordenados;o200000.txt;0.003108
ordenados;o500000.txt;0.008057
ordenados;o500000.txt;0.008052
ordenados;o500000.txt;0.007975
ordenados;o500000.txt;0.007986
ordenados;o500000.txt;0.007953
ordenados;o500000.txt;0.007952
ordenados;o500000.txt;0.007906
ordenados;o500000.txt;0.007936
ordenados;o500000.txt;0.007963
ordenados;o500000.txt;0.007937
ordenados;o500000.txt;0.008040
ordenados;o500000.txt;0.007950
ordenados;o500000.txt;0.007941
ordenados;o500000.txt;0.008335
ordenados;o500000.txt;0.007972
ordenados;o500000.txt;0.008098
ordenados;o500000.txt;0.008379
ordenados;o500000.txt;0.008028
ordenados;o500000.txt;0.008307
ordenados;o500000.txt;0.008083
ordenados;o500000.txt;0.008034
ordenados;o500000.txt;0.007998
ordenados;o500000.txt;0.008022
ordenados;o500000.txt;0.007970
ordenados;o500000.txt;0.007986
ordenados;o500000.txt;0.007982
ordenados;o500000.txt;0.008026
ordenados;o500000.txt;0.007973
ordenados;o500000.txt;0.007990
ordenados;o500000.txt;0.007945
ordenados;o1000000.txt;0.016649
ordenados;o1000000.txt;0.016627
ordenados;o1000000.txt;0.016739
ordenados;o1000000.txt;0.016644
ordenados;o1000000.txt;0.016785
ordenados;o1000000.txt;0.016724
ordenados;o1000000.txt;0.016805
ordenados;o1000000.txt;0.016652
ordenados;o1000000.txt;0.016668
ordenados;o1000000.txt;0.016698
ordenados;o1000000.txt;0.016741
ordenados;o1000000.txt;0.018153
ordenados;o1000000.txt;0.019030
ordenados;o1000000.txt;0.017819
ordenados;o1000000.txt;0.017098
ordenados;o1000000.txt;0.016832
ordenados;o1000000.txt;0.016680
ordenados;o1000000.txt;0.017187
ordenados;o1000000.txt;0.016615
ordenados;o1000000.txt;0.016631
ordenados;o1000000.txt;0.016668
ordenados;o1000000.txt;0.016712
ordenados;o1000000.txt;0.016753
ordenados;o1000000.txt;0.016695
ordenados;o1000000.txt;0.016889
ordenados;o1000000.txt;0.017536
ordenados;o1000000.txt;0.017435
ordenados;o1000000.txt;0.016697
ordenados;o1000000.txt;0.016645
ordenados;o1000000.txt;0.017358
ordenados;o1500000.txt;0.025393
ordenados;o1500000.txt;0.025440
ordenados;o1500000.txt;0.025598
ordenados;o1500000.txt;0.026512
ordenados;o1500000.txt;0.025409
ordenados;o1500000.txt;0.025335
ordenados;o1500000.txt;0.026748
ordenados;o1500000.txt;0.026325
ordenados;o1500000.txt;0.026148
ordenados;o1500000.txt;0.025867
ordenados;o1500000.txt;0.026653
ordenados;o1500000.txt;0.026623
ordenados;o1500000.txt;0.025338
ordenados;o1500000.txt;0.025443
ordenados;o1500000.txt;0.025403
ordenados;o1500000.txt;0.025349
ordenados;o1500000.txt;0.025398
ordenados;o1500000.txt;0.025387
ordenados;o1500000.txt;0.025463
ordenados;o1500000.txt;0.025258
ordenados;o1500000.txt;0.025291
ordenados;o1500000.txt;0.027358
ordenados;o1500000.txt;0.027176
ordenados;o1500000.txt;0.025854
ordenados;o1500000.txt;0.025556
ordenados;o1500000.txt;0.025160
ordenados;o1500000.txt;0.025295
ordenados;o1500000.txt;0.025262
ordenados;o1500000.txt;0.025820
ordenados;o1500000.txt;0.025271
ordenados;o2000000.txt;0.035040
ordenados;o2000000.txt;0.035104
ordenados;o2000000.txt;0.035578
ordenados;o2000000.txt;0.035079
ordenados;o2000000.txt;0.035158
ordenados;o2000000.txt;0.035239
ordenados;o2000000.txt;0.035371
ordenados;o2000000.txt;0.035407
ordenados;o2000000.txt;0.036568
ordenados;o2000000.txt;0.036611
ordenados;o2000000.txt;0.035002
ordenados;o2000000.txt;0.035015
ordenados;o2000000.txt;0.035163
ordenados;o2000000.txt;0.035242
ordenados;o2000000.txt;0.034650
ordenados;o2000000.txt;0.036719
ordenados;o2000000.txt;0.035656
ordenados;o2000000.txt;0.038153
ordenados;o2000000.txt;0.038231
ordenados;o2000000.txt;0.037741
ordenados;o2000000.txt;0.036735
ordenados;o2000000.txt;0.035303
ordenados;o2000000.txt;0.035302
ordenados;o2000000.txt;0.035047
ordenados;o2000000.txt;0.035284
ordenados;o2000000.txt;0.036874
ordenados;o2000000.txt;0.035347
ordenados;o2000000.txt;0.035056
ordenados;o2000000.txt;0.039681
ordenados;o2000000.txt;0.064578
