ordenados;o5000.txt;0.000061
ordenados;o5000.txt;0.000064
ordenados;o5000.txt;0.000061
ordenados;o5000.txt;0.000062
ordenados;o5000.txt;0.000060
ordenados;o5000.txt;0.000061
ordenados;o5000.txt;0.000061
ordenados;o5000.txt;0.000064
ordenados;o5000.txt;0.000061
ordenados;o5000.txt;0.000057
ordenados;o5000.txt;0.000061
ordenados;o5000.txt;0.000061
ordenados;o5000.txt;0.000062
ordenados;o5000.txt;0.000063
ordenados;o5000.txt;0.000060
ordenados;o5000.txt;0.000062
ordenados;o5000.txt;0.000061
ordenados;o5000.txt;0.000060
ordenados;o5000.txt;0.000063
ordenados;o5000.txt;0.000069
ordenados;o5000.txt;0.000066
ordenados;o5000.txt;0.000065
ordenados;o5000.txt;0.000063
ordenados;o5000.txt;0.000061
ordenados;o5000.txt;0.000060
ordenados;o5000.txt;0.000067
ordenados;o5000.txt;0.000065
ordenados;o5000.txt;0.000061
ordenados;o5000.txt;0.000062
ordenados;o5000.txt;0.000063
ordenados;o10000.txt;0.000141
ordenados;o10000.txt;0.000128
ordenados;o10000.txt;0.000134
ordenados;o10000.txt;0.000125
ordenados;o10000.txt;0.000137
ordenados;o10000.txt;0.000127
ordenados;o10000.txt;0.000131
ordenados;o10000.txt;0.000130
ordenados;o10000.txt;0.000133
ordenados;o10000.txt;0.000135
ordenados;o10000.txt;0.000133
ordenados;o10000.txt;0.000131
ordenados;o10000.txt;0.000127
ordenados;o10000.txt;0.000130
ordenados;o10000.txt;0.000136
ordenados;o10000.txt;0.000134
ordenados;o10000.txt;0.000133
ordenados;o10000.txt;0.000129
ordenados;o10000.txt;0.000128
ordenados;o10000.txt;0.000132
ordenados;o10000.txt;0.000136
ordenados;o10000.txt;0.000131
ordenados;o10000.txt;0.000132
ordenados;o10000.txt;0.000141
ordenados;o10000.txt;0.000132
ordenados;o10000.txt;0.000130
ordenados;o10000.txt;0.000136
ordenados;o10000.txt;0.000131
ordenados;o10000.txt;0.000134
ordenados;o10000.txt;0.000130
ordenados;o15000.txt;0.000192
ordenados;o15000.txt;0.000200
ordenados;o15000.txt;0.000204
ordenados;o15000.txt;0.000197
ordenados;o15000.txt;0.000201
ordenados;o15000.txt;0.000190
ordenados;o15000.txt;0.000224
ordenados;o15000.txt;0.000196
ordenados;o15000.txt;0.000198
ordenados;o15000.txt;0.000191
ordenados;o15000.txt;0.000216
ordenados;o15000.txt;0.000194
ordenados;o15000.txt;0.000212
ordenados;o15000.txt;0.000190
ordenados;o15000.txt;0.000197
ordenados;o15000.txt;0.000196
ordenados;o15000.txt;0.000209
ordenados;o15000.txt;0.000224
ordenados;o15000.txt;0.000195
ordenados;o15000.txt;0.000196
ordenados;o15000.txt;0.000191
ordenados;o15000.txt;0.000199
ordenados;o15000.txt;0.000189
ordenados;o15000.txt;0.000218
ordenados;o15000.txt;0.000194
ordenados;o15000.txt;0.000208
ordenados;o15000.txt;0.000192
ordenados;o15000.txt;0.000201
ordenados;o15000.txt;0.000215
ordenados;o15000.txt;0.000192
ordenados;o30000.txt;0.000382
ordenados;o30000.txt;0.000401
ordenados;o30000.txt;0.000386
ordenados;o30000.txt;0.000386
ordenados;o30000.txt;0.000396
ordenados;o30000.txt;0.000389
ordenados;o30000.txt;0.000378
ordenados;o30000.txt;0.000393
ordenados;o30000.txt;0.000392
ordenados;o30000.txt;0.000386
ordenados;o30000.txt;0.000383
ordenados;o30000.txt;0.000404
ordenados;o30000.txt;0.000443
ordenados;o30000.txt;0.000384
ordenados;o30000.txt;0.000382
ordenados;o30000.txt;0.000387
ordenados;o30000.txt;0.000391
ordenados;o30000.txt;0.000388
ordenados;o30000.txt;0.000395
ordenados;o30000.txt;0.000390
ordenados;o30000.txt;0.000388
ordenados;o30000.txt;0.000398
ordenados;o30000.txt;0.000387
ordenados;o30000.txt;0.000392
ordenados;o30000.txt;0.000394
ordenados;o30000.txt;0.000381
ordenados;o30000.txt;0.000396
ordenados;o30000.txt;0.000385
ordenados;o30000.txt;0.000390
ordenados;o30000.txt;0.000375
ordenados;o50000.txt;0.000639
ordenados;o50000.txt;0.000649
ordenados;o50000.txt;0.000670
ordenados;o50000.txt;0.000807
ordenados;o50000.txt;0.000636
ordenados;o50000.txt;0.000636
ordenados;o50000.txt;0.000639
ordenados;o50000.txt;0.000635
ordenados;o50000.txt;0.000631
ordenados;o50000.txt;0.000624
ordenados;o50000.txt;0.000645
ordenados;o50000.txt;0.000593
ordenados;o50000.txt;0.000648
ordenados;o50000.txt;0.000628
ordenados;o50000.txt;0.000648
ordenados;o50000.txt;0.000639
ordenados;o50000.txt;0.000629
ordenados;o50000.txt;0.000645
ordenados;o50000.txt;0.000630
ordenados;o50000.txt;0.000617
ordenados;o50000.txt;0.000653
ordenados;o50000.txt;0.000665
ordenados;o50000.txt;0.000635
ordenados;o50000.txt;0.000637
ordenados;o50000.txt;0.000630
ordenados;o50000.txt;0.000602
ordenados;o50000.txt;0.000610
ordenados;o50000.txt;0.000661
ordenados;o50000.txt;0.000667
ordenados;o50000.txt;0.000626
ordenados;o100000.txt;0.001067
ordenados;o100000.txt;0.001087
ordenados;o100000.txt;0.001073
ordenados;o100000.txt;0.001042
ordenados;o100000.txt;0.001075
ordenados;o100000.txt;0.001175
ordenados;o100000.txt;0.001064
ordenados;o100000.txt;0.001071
ordenados;o100000.txt;0.001033
ordenados;o100000.txt;0.001070
ordenados;o100000.txt;0.001124
ordenados;o100000.txt;0.001072
ordenados;o100000.txt;0.001086
ordenados;o100000.txt;0.001087
ordenados;o100000.txt;0.001060
ordenados;o100000.txt;0.001083
ordenados;o100000.txt;0.001077
ordenados;o100000.txt;0.001067
ordenados;o100000.txt;0.001087
ordenados;o100000.txt;0.001123
ordenados;o100000.txt;0.001081
ordenados;o100000.txt;0.001099
ordenados;o100000.txt;0.001083
ordenados;o100000.txt;0.001037
ordenados;o100000.txt;0.001076
ordenados;o100000.txt;0.001100
ordenados;o100000.txt;0.001071
ordenados;o100000.txt;0.001072
ordenados;o100000.txt;0.001060
ordenados;o100000.txt;0.001081
ordenados;o200000.txt;0.001966
ordenados;o200000.txt;0.002029
ordenados;o200000.txt;0.002027
ordenados;o200000.txt;0.001894
ordenados;o200000.txt;0.002015
ordenados;o200000.txt;0.002102
ordenados;o200000.txt;0.002036
ordenados;o200000.txt;0.002159
ordenados;o200000.txt;0.002054
ordenados;o200000.txt;0.002079
ordenados;o200000.txt;0.002056
ordenados;o200000.txt;0.002021
ordenados;o200000.txt;0.002071
ordenados;o200000.txt;0.001997
ordenados;o200000.txt;0.002106
ordenados;o200000.txt;0.002082
ordenados;o200000.txt;0.001990
ordenados;o200000.txt;0.002096
ordenados;o200000.txt;0.002130
ordenados;o200000.txt;0.002059
ordenados;o200000.txt;0.002074
ordenados;o200000.txt;0.001971
ordenados;o200000.txt;0.002119
ordenados;o200000.txt;0.002209
ordenados;o200000.txt;0.002133
ordenados;o200000.txt;0.002097
ordenados;o200000.txt;0.002065
ordenados;o200000.txt;0.001979
ordenados;o200000.txt;0.002057
ordenados;o200000.txt;0.002015
ordenados;o500000.txt;0.004789
ordenados;o500000.txt;0.004704
ordenados;o500000.txt;0.004583
ordenados;o500000.txt;0.004351
ordenados;o500000.txt;0.004601
ordenados;o500000.txt;0.004589
ordenados;o500000.txt;0.004453
ordenados;o500000.txt;0.004319
ordenados;o500000.txt;0.004549
ordenados;o500000.txt;0.004585
ordenados;o500000.txt;0.004356
ordenados;o500000.txt;0.005077
ordenados;o500000.txt;0.004765
ordenados;o500000.txt;0.004541
ordenados;o500000.txt;0.004513
ordenados;o500000.txt;0.004687
ordenados;o500000.txt;0.004657
ordenados;o500000.txt;0.004394
ordenados;o500000.txt;0.004476
ordenados;o500000.txt;0.004567
ordenados;o500000.txt;0.004506
ordenados;o500000.txt;0.004404
ordenados;o500000.txt;0.004657
ordenados;o500000.txt;0.004706
ordenados;o500000.txt;0.004520
ordenados;o500000.txt;0.004650
ordenados;o500000.txt;0.004398
ordenados;o500000.txt;0.004421
ordenados;o500000.txt;0.004274
ordenados;o500000.txt;0.005109
ordenados;o1000000.txt;0.008748
ordenados;o1000000.txt;0.008639
ordenados;o1000000.txt;0.009106
ordenados;o1000000.txt;0.008882
ordenados;o1000000.txt;0.009076
ordenados;o1000000.txt;0.008557
ordenados;o1000000.txt;0.008482
ordenados;o1000000.txt;0.008744
ordenados;o1000000.txt;0.008857
ordenados;o1000000.txt;0.009036
ordenados;o1000000.txt;0.009115
ordenados;o1000000.txt;0.008690
ordenados;o1000000.txt;0.008946
ordenados;o1000000.txt;0.008654
ordenados;o1000000.txt;0.008875
ordenados;o1000000.txt;0.008068
ordenados;o1000000.txt;0.008015
ordenados;o1000000.txt;0.008805
ordenados;o1000000.txt;0.008172
ordenados;o1000000.txt;0.008491
ordenados;o1000000.txt;0.009004
ordenados;o1000000.txt;0.008602
ordenados;o1000000.txt;0.008443
ordenados;o1000000.txt;0.008668
ordenados;o1000000.txt;0.008862
ordenados;o1000000.txt;0.009228
ordenados;o1000000.txt;0.014913
ordenados;o1000000.txt;0.014647
ordenados;o1000000.txt;0.015841
ordenados;o1000000.txt;0.015245
ordenados;o1500000.txt;0.012846
ordenados;o1500000.txt;0.012639
ordenados;o1500000.txt;0.013570
ordenados;o1500000.txt;0.012787
ordenados;o1500000.txt;0.012305
ordenados;o1500000.txt;0.012774
ordenados;o1500000.txt;0.013542
ordenados;o1500000.txt;0.012932
ordenados;o1500000.txt;0.012324
ordenados;o1500000.txt;0.012856
ordenados;o1500000.txt;0.012534
ordenados;o1500000.txt;0.012487
ordenados;o1500000.txt;0.012945
ordenados;o1500000.txt;0.012255
ordenados;o1500000.txt;0.013365
ordenados;o1500000.txt;0.023473
ordenados;o1500000.txt;0.022300
ordenados;o1500000.txt;0.013002
ordenados;o1500000.txt;0.013419
ordenados;o1500000.txt;0.012629
ordenados;o1500000.txt;0.012850
ordenados;o1500000.txt;0.013262
ordenados;o1500000.txt;0.013349
ordenados;o1500000.txt;0.012709
ordenados;o1500000.txt;0.012652
ordenados;o1500000.txt;0.013496
ordenados;o1500000.txt;0.012812
ordenados;o1500000.txt;0.013362
ordenados;o1500000.txt;0.014610
ordenados;o1500000.txt;0.012883
ordenados;o2000000.txt;0.017080
ordenados;o2000000.txt;0.016277
ordenados;o2000000.txt;0.016946
ordenados;o2000000.txt;0.017237
ordenados;o2000000.txt;0.017432
ordenados;o2000000.txt;0.016701
ordenados;o2000000.txt;0.018472
ordenados;o2000000.txt;0.018044
ordenados;o2000000.txt;0.017069
ordenados;o2000000.txt;0.017171
ordenados;o2000000.txt;0.017085
ordenados;o2000000.txt;0.017237
ordenados;o2000000.txt;0.015899
ordenados;o2000000.txt;0.016873
ordenados;o2000000.txt;0.016989
ordenados;o2000000.txt;0.017803
ordenados;o2000000.txt;0.017622
ordenados;o2000000.txt;0.016994
ordenados;o2000000.txt;0.017385
ordenados;o2000000.txt;0.030561
ordenados;o2000000.txt;0.030775
ordenados;o2000000.txt;0.017655
ordenados;o2000000.txt;0.016359
ordenados;o2000000.txt;0.016306
ordenados;o2000000.txt;0.016479
ordenados;o2000000.txt;0.017505
ordenados;o2000000.txt;0.016966
ordenados;o2000000.txt;0.019019
ordenados;o2000000.txt;0.017948
ordenados;o2000000.txt;0.017083
