Pasta;Arquivo;Tempo_Segundos
ordenados;o5000.txt;0.000346
ordenados;o5000.txt;0.000351
ordenados;o5000.txt;0.000344
ordenados;o5000.txt;0.000352
ordenados;o5000.txt;0.000346
ordenados;o5000.txt;0.000351
ordenados;o5000.txt;0.000342
ordenados;o5000.txt;0.000353
ordenados;o5000.txt;0.000346
ordenados;o5000.txt;0.000344
ordenados;o5000.txt;0.000405
ordenados;o5000.txt;0.000378
ordenados;o5000.txt;0.000350
ordenados;o5000.txt;0.000341
ordenados;o5000.txt;0.000342
ordenados;o5000.txt;0.000348
ordenados;o5000.txt;0.000352
ordenados;o5000.txt;0.000349
ordenados;o5000.txt;0.000347
ordenados;o5000.txt;0.000364
ordenados;o5000.txt;0.000348
ordenados;o5000.txt;0.000345
ordenados;o5000.txt;0.000341
ordenados;o5000.txt;0.000376
ordenados;o5000.txt;0.000357
ordenados;o5000.txt;0.000345
ordenados;o5000.txt;0.000343
ordenados;o5000.txt;0.000349
ordenados;o5000.txt;0.000346
ordenados;o5000.txt;0.000338
ordenados;o10000.txt;0.000741
ordenados;o10000.txt;0.000735
ordenados;o10000.txt;0.000475
ordenados;o10000.txt;0.000417
ordenados;o10000.txt;0.000394
ordenados;o10000.txt;0.000410
ordenados;o10000.txt;0.000430
ordenados;o10000.txt;0.000405
ordenados;o10000.txt;0.000392
ordenados;o10000.txt;0.000406
ordenados;o10000.txt;0.000393
ordenados;o10000.txt;0.000408
ordenados;o10000.txt;0.000424
ordenados;o10000.txt;0.000395
ordenados;o10000.txt;0.000403
ordenados;o10000.txt;0.000412
ordenados;o10000.txt;0.000426
ordenados;o10000.txt;0.000415
ordenados;o10000.txt;0.000446
ordenados;o10000.txt;0.000430
ordenados;o10000.txt;0.000408
ordenados;o10000.txt;0.000413
ordenados;o10000.txt;0.000403
ordenados;o10000.txt;0.000416
ordenados;o10000.txt;0.000436
ordenados;o10000.txt;0.000417
ordenados;o10000.txt;0.000417
ordenados;o10000.txt;0.000444
ordenados;o10000.txt;0.000424
ordenados;o10000.txt;0.000416
ordenados;o15000.txt;0.000553
ordenados;o15000.txt;0.000595
ordenados;o15000.txt;0.000538
ordenados;o15000.txt;0.000571
ordenados;o15000.txt;0.000558
ordenados;o15000.txt;0.000537
ordenados;o15000.txt;0.000569
ordenados;o15000.txt;0.000555
ordenados;o15000.txt;0.000550
ordenados;o15000.txt;0.000570
ordenados;o15000.txt;0.000567
ordenados;o15000.txt;0.000565
ordenados;o15000.txt;0.000582
ordenados;o15000.txt;0.000558
ordenados;o15000.txt;0.000562
ordenados;o15000.txt;0.000547
ordenados;o15000.txt;0.000568
ordenados;o15000.txt;0.000564
ordenados;o15000.txt;0.000566
ordenados;o15000.txt;0.000547
ordenados;o15000.txt;0.000611
ordenados;o15000.txt;0.000535
ordenados;o15000.txt;0.000563
ordenados;o15000.txt;0.000569
ordenados;o15000.txt;0.000592
ordenados;o15000.txt;0.000570
ordenados;o15000.txt;0.000564
ordenados;o15000.txt;0.000567
ordenados;o15000.txt;0.000565
ordenados;o15000.txt;0.000564
ordenados;o30000.txt;0.001131
ordenados;o30000.txt;0.001131
ordenados;o30000.txt;0.001147
ordenados;o30000.txt;0.001181
ordenados;o30000.txt;0.001162
ordenados;o30000.txt;0.001127
ordenados;o30000.txt;0.001232
ordenados;o30000.txt;0.001171
ordenados;o30000.txt;0.001121
ordenados;o30000.txt;0.001165
ordenados;o30000.txt;0.001187
ordenados;o30000.txt;0.001137
ordenados;o30000.txt;0.001174
ordenados;o30000.txt;0.001163
ordenados;o30000.txt;0.001171
ordenados;o30000.txt;0.001175
ordenados;o30000.txt;0.001165
ordenados;o30000.txt;0.001154
ordenados;o30000.txt;0.001171
ordenados;o30000.txt;0.001142
ordenados;o30000.txt;0.001129
ordenados;o30000.txt;0.001146
ordenados;o30000.txt;0.001201
ordenados;o30000.txt;0.001165
ordenados;o30000.txt;0.001140
ordenados;o30000.txt;0.001179
ordenados;o30000.txt;0.001188
ordenados;o30000.txt;0.001136
ordenados;o30000.txt;0.001195
ordenados;o30000.txt;0.001205
ordenados;o50000.txt;0.002288
ordenados;o50000.txt;0.002214
ordenados;o50000.txt;0.002282
ordenados;o50000.txt;0.002247
ordenados;o50000.txt;0.002268
ordenados;o50000.txt;0.002253
ordenados;o50000.txt;0.002455
ordenados;o50000.txt;0.002407
ordenados;o50000.txt;0.002323
ordenados;o50000.txt;0.002374
ordenados;o50000.txt;0.002382
ordenados;o50000.txt;0.002244
ordenados;o50000.txt;0.002282
ordenados;o50000.txt;0.002320
ordenados;o50000.txt;0.002372
ordenados;o50000.txt;0.002204
ordenados;o50000.txt;0.002402
ordenados;o50000.txt;0.002374
ordenados;o50000.txt;0.002195
ordenados;o50000.txt;0.002329
ordenados;o50000.txt;0.002271
ordenados;o50000.txt;0.002225
ordenados;o50000.txt;0.002409
ordenados;o50000.txt;0.002201
ordenados;o50000.txt;0.002383
ordenados;o50000.txt;0.002277
ordenados;o50000.txt;0.002293
ordenados;o50000.txt;0.002296
ordenados;o50000.txt;0.002311
ordenados;o50000.txt;0.002247
ordenados;o100000.txt;0.004943
ordenados;o100000.txt;0.005256
ordenados;o100000.txt;0.004836
ordenados;o100000.txt;0.004764
ordenados;o100000.txt;0.004662
ordenados;o100000.txt;0.004681
ordenados;o100000.txt;0.004709
ordenados;o100000.txt;0.004697
ordenados;o100000.txt;0.004989
ordenados;o100000.txt;0.004783
ordenados;o100000.txt;0.005240
ordenados;o100000.txt;0.005099
ordenados;o100000.txt;0.005093
ordenados;o100000.txt;0.005120
ordenados;o100000.txt;0.005104
ordenados;o100000.txt;0.005052
ordenados;o100000.txt;0.005175
ordenados;o100000.txt;0.005164
ordenados;o100000.txt;0.005098
ordenados;o100000.txt;0.004909
ordenados;o100000.txt;0.004772
ordenados;o100000.txt;0.004902
ordenados;o100000.txt;0.004935
ordenados;o100000.txt;0.004905
ordenados;o100000.txt;0.004844
ordenados;o100000.txt;0.005116
ordenados;o100000.txt;0.004964
ordenados;o100000.txt;0.004922
ordenados;o100000.txt;0.004820
ordenados;o100000.txt;0.004974
ordenados;o200000.txt;0.010606
ordenados;o200000.txt;0.010639
ordenados;o200000.txt;0.010030
ordenados;o200000.txt;0.010042
ordenados;o200000.txt;0.010215
ordenados;o200000.txt;0.010182
ordenados;o200000.txt;0.010278
ordenados;o200000.txt;0.010141
ordenados;o200000.txt;0.010249
ordenados;o200000.txt;0.010478
ordenados;o200000.txt;0.010484
ordenados;o200000.txt;0.010471
ordenados;o200000.txt;0.009966
ordenados;o200000.txt;0.010017
ordenados;o200000.txt;0.009952
ordenados;o200000.txt;0.010061
ordenados;o200000.txt;0.010802
ordenados;o200000.txt;0.010205
ordenados;o200000.txt;0.010234
ordenados;o200000.txt;0.009973
ordenados;o200000.txt;0.010198
ordenados;o200000.txt;0.010303
ordenados;o200000.txt;0.010038
ordenados;o200000.txt;0.010157
ordenados;o200000.txt;0.010250
ordenados;o200000.txt;0.010167
ordenados;o200000.txt;0.010366
ordenados;o200000.txt;0.010011
ordenados;o200000.txt;0.010824
ordenados;o200000.txt;0.010256
ordenados;o500000.txt;0.026351
ordenados;o500000.txt;0.026691
ordenados;o500000.txt;0.026888
ordenados;o500000.txt;0.026886
ordenados;o500000.txt;0.027201
ordenados;o500000.txt;0.027349
ordenados;o500000.txt;0.026600
ordenados;o500000.txt;0.026618
ordenados;o500000.txt;0.026449
ordenados;o500000.txt;0.026481
ordenados;o500000.txt;0.026343
ordenados;o500000.txt;0.026720
ordenados;o500000.txt;0.026424
ordenados;o500000.txt;0.026529
ordenados;o500000.txt;0.026358
ordenados;o500000.txt;0.026150
ordenados;o500000.txt;0.026677
ordenados;o500000.txt;0.026093
ordenados;o500000.txt;0.027066
ordenados;o500000.txt;0.026761
ordenados;o500000.txt;0.026224
ordenados;o500000.txt;0.026566
ordenados;o500000.txt;0.028743
ordenados;o500000.txt;0.029782
ordenados;o500000.txt;0.027799
ordenados;o500000.txt;0.027358
ordenados;o500000.txt;0.026906
ordenados;o500000.txt;0.026505
ordenados;o500000.txt;0.026892
ordenados;o500000.txt;0.026816
ordenados;o1000000.txt;0.059426
ordenados;o1000000.txt;0.059066
ordenados;o1000000.txt;0.058853
ordenados;o1000000.txt;0.059252
ordenados;o1000000.txt;0.059174
ordenados;o1000000.txt;0.058413
ordenados;o1000000.txt;0.058461
ordenados;o1000000.txt;0.058869
ordenados;o1000000.txt;0.058704
ordenados;o1000000.txt;0.058714
ordenados;o1000000.txt;0.059155
ordenados;o1000000.txt;0.058193
ordenados;o1000000.txt;0.059027
ordenados;o1000000.txt;0.058825
ordenados;o1000000.txt;0.058977
ordenados;o1000000.txt;0.059216
ordenados;o1000000.txt;0.058098
ordenados;o1000000.txt;0.063039
ordenados;o1000000.txt;0.060906
ordenados;o1000000.txt;0.059344
ordenados;o1000000.txt;0.058637
ordenados;o1000000.txt;0.059035
ordenados;o1000000.txt;0.058947
ordenados;o1000000.txt;0.058412
ordenados;o1000000.txt;0.059048
ordenados;o1000000.txt;0.058933
ordenados;o1000000.txt;0.058669
ordenados;o1000000.txt;0.058223
ordenados;o1000000.txt;0.058379
ordenados;o1000000.txt;0.059483
ordenados;o1500000.txt;0.100085
ordenados;o1500000.txt;0.098840
ordenados;o1500000.txt;0.098152
ordenados;o1500000.txt;0.098167
ordenados;o1500000.txt;0.097698
ordenados;o1500000.txt;0.105272
ordenados;o1500000.txt;0.098098
ordenados;o1500000.txt;0.099092
ordenados;o1500000.txt;0.099801
ordenados;o1500000.txt;0.097616
ordenados;o1500000.txt;0.098276
ordenados;o1500000.txt;0.098513
ordenados;o1500000.txt;0.098102
ordenados;o1500000.txt;0.097621
ordenados;o1500000.txt;0.098587
ordenados;o1500000.txt;0.098548
ordenados;o1500000.txt;0.098133
ordenados;o1500000.txt;0.098874
ordenados;o1500000.txt;0.100642
ordenados;o1500000.txt;0.100407
ordenados;o1500000.txt;0.098974
ordenados;o1500000.txt;0.098616
ordenados;o1500000.txt;0.098468
ordenados;o1500000.txt;0.097752
ordenados;o1500000.txt;0.098257
ordenados;o1500000.txt;0.098075
ordenados;o1500000.txt;0.099473
ordenados;o1500000.txt;0.098073
ordenados;o1500000.txt;0.098254
ordenados;o1500000.txt;0.098082
ordenados;o2000000.txt;0.126166
ordenados;o2000000.txt;0.131263
ordenados;o2000000.txt;0.126772
ordenados;o2000000.txt;0.140043
ordenados;o2000000.txt;0.126212
ordenados;o2000000.txt;0.126664
ordenados;o2000000.txt;0.126860
ordenados;o2000000.txt;0.125441
ordenados;o2000000.txt;0.125253
ordenados;o2000000.txt;0.126864
ordenados;o2000000.txt;0.125533
ordenados;o2000000.txt;0.125666
ordenados;o2000000.txt;0.131396
ordenados;o2000000.txt;0.126177
ordenados;o2000000.txt;0.125476
ordenados;o2000000.txt;0.126141
ordenados;o2000000.txt;0.126148
ordenados;o2000000.txt;0.126092
ordenados;o2000000.txt;0.184050
ordenados;o2000000.txt;0.210592
ordenados;o2000000.txt;0.210537
ordenados;o2000000.txt;0.129299
ordenados;o2000000.txt;0.126164
ordenados;o2000000.txt;0.128406
ordenados;o2000000.txt;0.125454
ordenados;o2000000.txt;0.125817
ordenados;o2000000.txt;0.127297
ordenados;o2000000.txt;0.126572
ordenados;o2000000.txt;0.126414
ordenados;o2000000.txt;0.126187
