Pasta;Arquivo;Tempo_Segundos
ordenados;o5000.txt;0,001140
ordenados;o5000.txt;0,001092
ordenados;o5000.txt;0,001095
ordenados;o5000.txt;0,001057
ordenados;o5000.txt;0,001117
ordenados;o5000.txt;0,001076
ordenados;o5000.txt;0,001117
ordenados;o5000.txt;0,001100
ordenados;o5000.txt;0,001089
ordenados;o5000.txt;0,001109
ordenados;o5000.txt;0,001097
ordenados;o5000.txt;0,001110
ordenados;o5000.txt;0,001091
ordenados;o5000.txt;0,001081
ordenados;o5000.txt;0,001091
ordenados;o5000.txt;0,001115
ordenados;o5000.txt;0,001134
ordenados;o5000.txt;0,001094
ordenados;o5000.txt;0,001949
ordenados;o5000.txt;0,001110
ordenados;o5000.txt;0,001101
ordenados;o5000.txt;0,001092
ordenados;o5000.txt;0,001097
ordenados;o5000.txt;0,001107
ordenados;o5000.txt;0,001100
ordenados;o5000.txt;0,001094
ordenados;o5000.txt;0,001087
ordenados;o5000.txt;0,001118
ordenados;o5000.txt;0,001091
ordenados;o5000.txt;0,001083
ordenados;o10000.txt;0,001958
ordenados;o10000.txt;0,001968
ordenados;o10000.txt;0,001977
ordenados;o10000.txt;0,001927
ordenados;o10000.txt;0,001991
ordenados;o10000.txt;0,001961
ordenados;o10000.txt;0,001933
ordenados;o10000.txt;0,001954
ordenados;o10000.txt;0,001935
ordenados;o10000.txt;0,001941
ordenados;o10000.txt;0,001954
ordenados;o10000.txt;0,001941
ordenados;o10000.txt;0,001921
ordenados;o10000.txt;0,001944
ordenados;o10000.txt;0,001986
ordenados;o10000.txt;0,001934
ordenados;o10000.txt;0,001933
ordenados;o10000.txt;0,001983
ordenados;o10000.txt;0,001964
ordenados;o10000.txt;0,001940
ordenados;o10000.txt;0,001945
ordenados;o10000.txt;0,001968
ordenados;o10000.txt;0,001945
ordenados;o10000.txt;0,001854
ordenados;o10000.txt;0,001950
ordenados;o10000.txt;0,001999
ordenados;o10000.txt;0,001964
ordenados;o10000.txt;0,001948
ordenados;o10000.txt;0,002027
ordenados;o10000.txt;0,001954
ordenados;o15000.txt;0,002264
ordenados;o15000.txt;0,002270
ordenados;o15000.txt;0,002299
ordenados;o15000.txt;0,002277
ordenados;o15000.txt;0,002291
ordenados;o15000.txt;0,002331
ordenados;o15000.txt;0,002311
ordenados;o15000.txt;0,002308
ordenados;o15000.txt;0,002260
ordenados;o15000.txt;0,002313
ordenados;o15000.txt;0,002311
ordenados;o15000.txt;0,002245
ordenados;o15000.txt;0,002277
ordenados;o15000.txt;0,002271
ordenados;o15000.txt;0,002378
ordenados;o15000.txt;0,002278
ordenados;o15000.txt;0,002286
ordenados;o15000.txt;0,002263
ordenados;o15000.txt;0,002352
ordenados;o15000.txt;0,002330
ordenados;o15000.txt;0,002301
ordenados;o15000.txt;0,002324
ordenados;o15000.txt;0,002331
ordenados;o15000.txt;0,002293
ordenados;o15000.txt;0,002304
ordenados;o15000.txt;0,002315
ordenados;o15000.txt;0,002254
ordenados;o15000.txt;0,002292
ordenados;o15000.txt;0,002317
ordenados;o15000.txt;0,002260
ordenados;o30000.txt;0,003217
ordenados;o30000.txt;0,003211
ordenados;o30000.txt;0,003196
ordenados;o30000.txt;0,003260
ordenados;o30000.txt;0,005713
ordenados;o30000.txt;0,003174
ordenados;o30000.txt;0,003259
ordenados;o30000.txt;0,003214
ordenados;o30000.txt;0,003220
ordenados;o30000.txt;0,003154
ordenados;o30000.txt;0,003208
ordenados;o30000.txt;0,003213
ordenados;o30000.txt;0,005630
ordenados;o30000.txt;0,003190
ordenados;o30000.txt;0,003226
ordenados;o30000.txt;0,003254
ordenados;o30000.txt;0,003284
ordenados;o30000.txt;0,003185
ordenados;o30000.txt;0,003155
ordenados;o30000.txt;0,003270
ordenados;o30000.txt;0,003226
ordenados;o30000.txt;0,003263
ordenados;o30000.txt;0,003181
ordenados;o30000.txt;0,003236
ordenados;o30000.txt;0,003166
ordenados;o30000.txt;0,003167
ordenados;o30000.txt;0,003246
ordenados;o30000.txt;0,003267
ordenados;o30000.txt;0,003148
ordenados;o30000.txt;0,003152
ordenados;o50000.txt;0,004197
ordenados;o50000.txt;0,004384
ordenados;o50000.txt;0,004187
ordenados;o50000.txt;0,004382
ordenados;o50000.txt;0,004342
ordenados;o50000.txt;0,004257
ordenados;o50000.txt;0,004425
ordenados;o50000.txt;0,004876
ordenados;o50000.txt;0,004356
ordenados;o50000.txt;0,004339
ordenados;o50000.txt;0,004219
ordenados;o50000.txt;0,004503
ordenados;o50000.txt;0,004213
ordenados;o50000.txt;0,004243
ordenados;o50000.txt;0,004331
ordenados;o50000.txt;0,004303
ordenados;o50000.txt;0,004410
ordenados;o50000.txt;0,004381
ordenados;o50000.txt;0,004317
ordenados;o50000.txt;0,004275
ordenados;o50000.txt;0,004271
ordenados;o50000.txt;0,004338
ordenados;o50000.txt;0,004320
ordenados;o50000.txt;0,004303
ordenados;o50000.txt;0,004283
ordenados;o50000.txt;0,004089
ordenados;o50000.txt;0,004314
ordenados;o50000.txt;0,004268
ordenados;o50000.txt;0,004362
ordenados;o50000.txt;0,004334
ordenados;o100000.txt;0,006855
ordenados;o100000.txt;0,006859
ordenados;o100000.txt;0,006541
ordenados;o100000.txt;0,006598
ordenados;o100000.txt;0,006608
ordenados;o100000.txt;0,006619
ordenados;o100000.txt;0,006928
ordenados;o100000.txt;0,006855
ordenados;o100000.txt;0,006842
ordenados;o100000.txt;0,006742
ordenados;o100000.txt;0,006875
ordenados;o100000.txt;0,006613
ordenados;o100000.txt;0,006625
ordenados;o100000.txt;0,006852
ordenados;o100000.txt;0,006864
ordenados;o100000.txt;0,006837
ordenados;o100000.txt;0,006851
ordenados;o100000.txt;0,006878
ordenados;o100000.txt;0,006911
ordenados;o100000.txt;0,006603
ordenados;o100000.txt;0,006607
ordenados;o100000.txt;0,006933
ordenados;o100000.txt;0,006819
ordenados;o100000.txt;0,006803
ordenados;o100000.txt;0,006896
ordenados;o100000.txt;0,006879
ordenados;o100000.txt;0,006563
ordenados;o100000.txt;0,006548
ordenados;o100000.txt;0,006940
ordenados;o100000.txt;0,006803
ordenados;o200000.txt;0,012018
ordenados;o200000.txt;0,011518
ordenados;o200000.txt;0,011899
ordenados;o200000.txt;0,011572
ordenados;o200000.txt;0,011390
ordenados;o200000.txt;0,011549
ordenados;o200000.txt;0,012068
ordenados;o200000.txt;0,011477
ordenados;o200000.txt;0,012099
ordenados;o200000.txt;0,012468
ordenados;o200000.txt;0,011739
ordenados;o200000.txt;0,011566
ordenados;o200000.txt;0,011495
ordenados;o200000.txt;0,012022
ordenados;o200000.txt;0,012059
ordenados;o200000.txt;0,011798
ordenados;o200000.txt;0,012134
ordenados;o200000.txt;0,011523
ordenados;o200000.txt;0,011563
ordenados;o200000.txt;0,012002
ordenados;o200000.txt;0,012015
ordenados;o200000.txt;0,012071
ordenados;o200000.txt;0,012040
ordenados;o200000.txt;0,011551
ordenados;o200000.txt;0,011520
ordenados;o200000.txt;0,012028
ordenados;o200000.txt;0,011532
ordenados;o200000.txt;0,011414
ordenados;o200000.txt;0,012117
ordenados;o200000.txt;0,011498
ordenados;o500000.txt;0,025400
ordenados;o500000.txt;0,025189
ordenados;o500000.txt;0,025240
ordenados;o500000.txt;0,025203
ordenados;o500000.txt;0,026206
ordenados;o500000.txt;0,025819
ordenados;o500000.txt;0,026153
ordenados;o500000.txt;0,026035
ordenados;o500000.txt;0,025909
ordenados;o500000.txt;0,027046
ordenados;o500000.txt;0,025997
ordenados;o500000.txt;0,025998
ordenados;o500000.txt;0,026473
ordenados;o500000.txt;0,025489
ordenados;o500000.txt;0,024513
ordenados;o500000.txt;0,024716
ordenados;o500000.txt;0,025850
ordenados;o500000.txt;0,025186
ordenados;o500000.txt;0,026486
ordenados;o500000.txt;0,025786
ordenados;o500000.txt;0,025496
ordenados;o500000.txt;0,026127
ordenados;o500000.txt;0,026463
ordenados;o500000.txt;0,026541
ordenados;o500000.txt;0,025494
ordenados;o500000.txt;0,036926
ordenados;o500000.txt;0,025725
ordenados;o500000.txt;0,025800
ordenados;o500000.txt;0,024900
ordenados;o500000.txt;0,025899
ordenados;o1000000.txt;0,053246
ordenados;o1000000.txt;0,049293
ordenados;o1000000.txt;0,048676
ordenados;o1000000.txt;0,048593
ordenados;o1000000.txt;0,046249
ordenados;o1000000.txt;0,046154
ordenados;o1000000.txt;0,046368
ordenados;o1000000.txt;0,048390
ordenados;o1000000.txt;0,046180
ordenados;o1000000.txt;0,046040
ordenados;o1000000.txt;0,051626
ordenados;o1000000.txt;0,048895
ordenados;o1000000.txt;0,046432
ordenados;o1000000.txt;0,090033
ordenados;o1000000.txt;0,046490
ordenados;o1000000.txt;0,048493
ordenados;o1000000.txt;0,049362
ordenados;o1000000.txt;0,046640
ordenados;o1000000.txt;0,046533
ordenados;o1000000.txt;0,048889
ordenados;o1000000.txt;0,046322
ordenados;o1000000.txt;0,046236
ordenados;o1000000.txt;0,046607
ordenados;o1000000.txt;0,047195
ordenados;o1000000.txt;0,046676
ordenados;o1000000.txt;0,048599
ordenados;o1000000.txt;0,046304
ordenados;o1000000.txt;0,046075
ordenados;o1000000.txt;0,048371
ordenados;o1000000.txt;0,046298
ordenados;o1500000.txt;0,070094
ordenados;o1500000.txt;0,072912
ordenados;o1500000.txt;0,069582
ordenados;o1500000.txt;0,069977
ordenados;o1500000.txt;0,073149
ordenados;o1500000.txt;0,073040
ordenados;o1500000.txt;0,069381
ordenados;o1500000.txt;0,069863
ordenados;o1500000.txt;0,069484
ordenados;o1500000.txt;0,069618
ordenados;o1500000.txt;0,069676
ordenados;o1500000.txt;0,069869
ordenados;o1500000.txt;0,073602
ordenados;o1500000.txt;0,073208
ordenados;o1500000.txt;0,073411
ordenados;o1500000.txt;0,072854
ordenados;o1500000.txt;0,073315
ordenados;o1500000.txt;0,069526
ordenados;o1500000.txt;0,072760
ordenados;o1500000.txt;0,073268
ordenados;o1500000.txt;0,087666
ordenados;o1500000.txt;0,069482
ordenados;o1500000.txt;0,073392
ordenados;o1500000.txt;0,127396
ordenados;o1500000.txt;0,073057
ordenados;o1500000.txt;0,072998
ordenados;o1500000.txt;0,078545
ordenados;o1500000.txt;0,072811
ordenados;o1500000.txt;0,069931
ordenados;o1500000.txt;0,074236
ordenados;o2000000.txt;0,141396
ordenados;o2000000.txt;0,090567
ordenados;o2000000.txt;0,095240
ordenados;o2000000.txt;0,095394
ordenados;o2000000.txt;0,090710
ordenados;o2000000.txt;0,090775
ordenados;o2000000.txt;0,094986
ordenados;o2000000.txt;0,095740
ordenados;o2000000.txt;0,094692
ordenados;o2000000.txt;0,091582
ordenados;o2000000.txt;0,093395
ordenados;o2000000.txt;0,090736
ordenados;o2000000.txt;0,090429
ordenados;o2000000.txt;0,090680
ordenados;o2000000.txt;0,094653
ordenados;o2000000.txt;0,090566
ordenados;o2000000.txt;0,090371
ordenados;o2000000.txt;0,090517
ordenados;o2000000.txt;0,094880
ordenados;o2000000.txt;0,094853
ordenados;o2000000.txt;0,094802
ordenados;o2000000.txt;0,090649
ordenados;o2000000.txt;0,090825
ordenados;o2000000.txt;0,091027
ordenados;o2000000.txt;0,090284
ordenados;o2000000.txt;0,170584
ordenados;o2000000.txt;0,094891
ordenados;o2000000.txt;0,092296
ordenados;o2000000.txt;0,090520
ordenados;o2000000.txt;0,095495
