Pasta;Arquivo;Tempo_Segundos
ordenados;o5000.txt;0.000235091
ordenados;o5000.txt;0.000240356
ordenados;o5000.txt;0.000229986
ordenados;o5000.txt;0.000231903
ordenados;o5000.txt;0.000239479
ordenados;o5000.txt;0.000228019
ordenados;o5000.txt;0.000221004
ordenados;o5000.txt;0.000233325
ordenados;o5000.txt;0.000224008
ordenados;o5000.txt;0.000226342
ordenados;o5000.txt;0.000231633
ordenados;o5000.txt;0.000232914
ordenados;o5000.txt;0.000233122
ordenados;o5000.txt;0.000225916
ordenados;o5000.txt;0.000254122
ordenados;o5000.txt;0.000245174
ordenados;o5000.txt;0.000242856
ordenados;o5000.txt;0.000241419
ordenados;o5000.txt;0.000236081
ordenados;o5000.txt;0.00023958
ordenados;o5000.txt;0.000237849
ordenados;o5000.txt;0.000240039
ordenados;o5000.txt;0.000240488
ordenados;o5000.txt;0.000238494
ordenados;o5000.txt;0.000236925
ordenados;o5000.txt;0.000237243
ordenados;o5000.txt;0.000240206
ordenados;o5000.txt;0.000242641
ordenados;o5000.txt;0.00023692
ordenados;o5000.txt;0.000238119
ordenados;o10000.txt;0.000478088
ordenados;o10000.txt;0.00046341
ordenados;o10000.txt;0.000469532
ordenados;o10000.txt;0.00047973
ordenados;o10000.txt;0.000474238
ordenados;o10000.txt;0.000481348
ordenados;o10000.txt;0.000479381
ordenados;o10000.txt;0.000483235
ordenados;o10000.txt;0.000463799
ordenados;o10000.txt;0.00046897
ordenados;o10000.txt;0.000484544
ordenados;o10000.txt;0.000485231
ordenados;o10000.txt;0.000499936
ordenados;o10000.txt;0.000467725
ordenados;o10000.txt;0.000480251
ordenados;o10000.txt;0.000530993
ordenados;o10000.txt;0.000476756
ordenados;o10000.txt;0.00049413
ordenados;o10000.txt;0.000476739
ordenados;o10000.txt;0.000458107
ordenados;o10000.txt;0.000503614
ordenados;o10000.txt;0.000477535
ordenados;o10000.txt;0.00047504
ordenados;o10000.txt;0.000471568
ordenados;o10000.txt;0.000465385
ordenados;o10000.txt;0.000474924
ordenados;o10000.txt;0.000469546
ordenados;o10000.txt;0.000487721
ordenados;o10000.txt;0.000465459
ordenados;o10000.txt;0.000471082
ordenados;o15000.txt;0.000704128
ordenados;o15000.txt;0.000719226
ordenados;o15000.txt;0.00072312
ordenados;o15000.txt;0.000713005
ordenados;o15000.txt;0.000707366
ordenados;o15000.txt;0.000730153
ordenados;o15000.txt;0.000712674
ordenados;o15000.txt;0.000714826
ordenados;o15000.txt;0.000723893
ordenados;o15000.txt;0.000720186
ordenados;o15000.txt;0.000730462
ordenados;o15000.txt;0.000729336
ordenados;o15000.txt;0.000709818
ordenados;o15000.txt;0.000727911
ordenados;o15000.txt;0.000717212
ordenados;o15000.txt;0.000705728
ordenados;o15000.txt;0.000711299
ordenados;o15000.txt;0.000724878
ordenados;o15000.txt;0.000709652
ordenados;o15000.txt;0.000718631
ordenados;o15000.txt;0.000697417
ordenados;o15000.txt;0.000690524
ordenados;o15000.txt;0.000713706
ordenados;o15000.txt;0.000722308
ordenados;o15000.txt;0.00073016
ordenados;o15000.txt;0.000710687
ordenados;o15000.txt;0.000706369
ordenados;o15000.txt;0.000729981
ordenados;o15000.txt;0.000724196
ordenados;o15000.txt;0.00070341
ordenados;o30000.txt;0.00145952
ordenados;o30000.txt;0.00146976
ordenados;o30000.txt;0.00147126
ordenados;o30000.txt;0.00145078
ordenados;o30000.txt;0.00146235
ordenados;o30000.txt;0.001474
ordenados;o30000.txt;0.00148457
ordenados;o30000.txt;0.00148192
ordenados;o30000.txt;0.00146155
ordenados;o30000.txt;0.00148805
ordenados;o30000.txt;0.00144396
ordenados;o30000.txt;0.00183201
ordenados;o30000.txt;0.00146812
ordenados;o30000.txt;0.0014642
ordenados;o30000.txt;0.00145395
ordenados;o30000.txt;0.00144739
ordenados;o30000.txt;0.00147897
ordenados;o30000.txt;0.00145451
ordenados;o30000.txt;0.00147005
ordenados;o30000.txt;0.00141475
ordenados;o30000.txt;0.0014717
ordenados;o30000.txt;0.00146225
ordenados;o30000.txt;0.00146592
ordenados;o30000.txt;0.00145784
ordenados;o30000.txt;0.00146643
ordenados;o30000.txt;0.00145025
ordenados;o30000.txt;0.00145307
ordenados;o30000.txt;0.00146772
ordenados;o30000.txt;0.0014808
ordenados;o30000.txt;0.00148113
ordenados;o50000.txt;0.00251075
ordenados;o50000.txt;0.00250179
ordenados;o50000.txt;0.00249216
ordenados;o50000.txt;0.00255014
ordenados;o50000.txt;0.00252558
ordenados;o50000.txt;0.00249975
ordenados;o50000.txt;0.00251454
ordenados;o50000.txt;0.00251341
ordenados;o50000.txt;0.00252472
ordenados;o50000.txt;0.00247339
ordenados;o50000.txt;0.00250568
ordenados;o50000.txt;0.00242536
ordenados;o50000.txt;0.00250467
ordenados;o50000.txt;0.00249359
ordenados;o50000.txt;0.0025589
ordenados;o50000.txt;0.00252539
ordenados;o50000.txt;0.00253669
ordenados;o50000.txt;0.00253752
ordenados;o50000.txt;0.00252039
ordenados;o50000.txt;0.00252795
ordenados;o50000.txt;0.00252699
ordenados;o50000.txt;0.00250441
ordenados;o50000.txt;0.00253748
ordenados;o50000.txt;0.00252816
ordenados;o50000.txt;0.00251637
ordenados;o50000.txt;0.00255625
ordenados;o50000.txt;0.00247282
ordenados;o50000.txt;0.00251773
ordenados;o50000.txt;0.00250322
ordenados;o50000.txt;0.00255734
ordenados;o100000.txt;0.00508475
ordenados;o100000.txt;0.0052834
ordenados;o100000.txt;0.00523737
ordenados;o100000.txt;0.00519606
ordenados;o100000.txt;0.00526897
ordenados;o100000.txt;0.00506084
ordenados;o100000.txt;0.00488622
ordenados;o100000.txt;0.00499874
ordenados;o100000.txt;0.00498148
ordenados;o100000.txt;0.0051312
ordenados;o100000.txt;0.0049957
ordenados;o100000.txt;0.00501288
ordenados;o100000.txt;0.00494902
ordenados;o100000.txt;0.0049592
ordenados;o100000.txt;0.00498593
ordenados;o100000.txt;0.00502502
ordenados;o100000.txt;0.00529062
ordenados;o100000.txt;0.00511556
ordenados;o100000.txt;0.00523649
ordenados;o100000.txt;0.0053105
ordenados;o100000.txt;0.00509324
ordenados;o100000.txt;0.00520934
ordenados;o100000.txt;0.00592026
ordenados;o100000.txt;0.00511317
ordenados;o100000.txt;0.00520764
ordenados;o100000.txt;0.00524878
ordenados;o100000.txt;0.0050406
ordenados;o100000.txt;0.0051761
ordenados;o100000.txt;0.00520976
ordenados;o100000.txt;0.00517253
ordenados;o200000.txt;0.0111144
ordenados;o200000.txt;0.011057
ordenados;o200000.txt;0.011174
ordenados;o200000.txt;0.0107971
ordenados;o200000.txt;0.0108225
ordenados;o200000.txt;0.0110183
ordenados;o200000.txt;0.0110319
ordenados;o200000.txt;0.0109998
ordenados;o200000.txt;0.0110231
ordenados;o200000.txt;0.0110962
ordenados;o200000.txt;0.011125
ordenados;o200000.txt;0.0112429
ordenados;o200000.txt;0.0108866
ordenados;o200000.txt;0.0110925
ordenados;o200000.txt;0.0108854
ordenados;o200000.txt;0.0111449
ordenados;o200000.txt;0.0110519
ordenados;o200000.txt;0.0111285
ordenados;o200000.txt;0.011279
ordenados;o200000.txt;0.0110341
ordenados;o200000.txt;0.0111542
ordenados;o200000.txt;0.0113353
ordenados;o200000.txt;0.0109671
ordenados;o200000.txt;0.0110689
ordenados;o200000.txt;0.0109881
ordenados;o200000.txt;0.0111995
ordenados;o200000.txt;0.0111184
ordenados;o200000.txt;0.0110767
ordenados;o200000.txt;0.0110484
ordenados;o200000.txt;0.0105025
ordenados;o500000.txt;0.0295454
ordenados;o500000.txt;0.0287404
ordenados;o500000.txt;0.0288167
ordenados;o500000.txt;0.0291597
ordenados;o500000.txt;0.0295246
ordenados;o500000.txt;0.0292946
ordenados;o500000.txt;0.0293389
ordenados;o500000.txt;0.0301198
ordenados;o500000.txt;0.0293049
ordenados;o500000.txt;0.0297231
ordenados;o500000.txt;0.0289358
ordenados;o500000.txt;0.0288003
ordenados;o500000.txt;0.028813
ordenados;o500000.txt;0.0323537
ordenados;o500000.txt;0.0317805
ordenados;o500000.txt;0.0310432
ordenados;o500000.txt;0.0305034
ordenados;o500000.txt;0.0300108
ordenados;o500000.txt;0.0304913
ordenados;o500000.txt;0.0303345
ordenados;o500000.txt;0.0316251
ordenados;o500000.txt;0.0298812
ordenados;o500000.txt;0.0293535
ordenados;o500000.txt;0.0294184
ordenados;o500000.txt;0.0290153
ordenados;o500000.txt;0.0289881
ordenados;o500000.txt;0.0295429
ordenados;o500000.txt;0.0288202
ordenados;o500000.txt;0.0289181
ordenados;o500000.txt;0.0292651
ordenados;o1000000.txt;0.0620792
ordenados;o1000000.txt;0.0628414
ordenados;o1000000.txt;0.0629563
ordenados;o1000000.txt;0.0642285
ordenados;o1000000.txt;0.0634577
ordenados;o1000000.txt;0.0610965
ordenados;o1000000.txt;0.06412
ordenados;o1000000.txt;0.0626102
ordenados;o1000000.txt;0.0658968
ordenados;o1000000.txt;0.06242
ordenados;o1000000.txt;0.0637674
ordenados;o1000000.txt;0.0629757
ordenados;o1000000.txt;0.0645977
ordenados;o1000000.txt;0.0651518
ordenados;o1000000.txt;0.063079
ordenados;o1000000.txt;0.0641635
ordenados;o1000000.txt;0.0622816
ordenados;o1000000.txt;0.0968928
ordenados;o1000000.txt;0.116065
ordenados;o1000000.txt;0.115825
ordenados;o1000000.txt;0.116948
ordenados;o1000000.txt;0.11637
ordenados;o1000000.txt;0.115915
ordenados;o1000000.txt;0.107138
ordenados;o1000000.txt;0.0629254
ordenados;o1000000.txt;0.0637151
ordenados;o1000000.txt;0.0606774
ordenados;o1000000.txt;0.0622731
ordenados;o1000000.txt;0.0621162
ordenados;o1000000.txt;0.0610646
ordenados;o1500000.txt;0.103135
ordenados;o1500000.txt;0.103352
ordenados;o1500000.txt;0.100067
ordenados;o1500000.txt;0.102168
ordenados;o1500000.txt;0.103129
ordenados;o1500000.txt;0.107692
ordenados;o1500000.txt;0.103081
ordenados;o1500000.txt;0.103211
ordenados;o1500000.txt;0.100703
ordenados;o1500000.txt;0.102991
ordenados;o1500000.txt;0.104419
ordenados;o1500000.txt;0.10201
ordenados;o1500000.txt;0.104539
ordenados;o1500000.txt;0.102155
ordenados;o1500000.txt;0.102619
ordenados;o1500000.txt;0.102126
ordenados;o1500000.txt;0.101806
ordenados;o1500000.txt;0.101342
ordenados;o1500000.txt;0.102485
ordenados;o1500000.txt;0.102084
ordenados;o1500000.txt;0.100995
ordenados;o1500000.txt;0.109572
ordenados;o1500000.txt;0.10375
ordenados;o1500000.txt;0.102252
ordenados;o1500000.txt;0.119944
ordenados;o1500000.txt;0.190959
ordenados;o1500000.txt;0.191893
ordenados;o1500000.txt;0.187913
ordenados;o1500000.txt;0.164543
ordenados;o1500000.txt;0.101867
ordenados;o2000000.txt;0.13645
ordenados;o2000000.txt;0.13582
ordenados;o2000000.txt;0.140221
ordenados;o2000000.txt;0.140153
ordenados;o2000000.txt;0.136948
ordenados;o2000000.txt;0.138414
ordenados;o2000000.txt;0.138973
ordenados;o2000000.txt;0.13855
ordenados;o2000000.txt;0.136695
ordenados;o2000000.txt;0.138518
ordenados;o2000000.txt;0.14282
ordenados;o2000000.txt;0.138184
ordenados;o2000000.txt;0.136682
ordenados;o2000000.txt;0.135782
ordenados;o2000000.txt;0.138051
ordenados;o2000000.txt;0.147148
ordenados;o2000000.txt;0.137557
ordenados;o2000000.txt;0.137399
ordenados;o2000000.txt;0.138138
ordenados;o2000000.txt;0.137432
ordenados;o2000000.txt;0.204335
ordenados;o2000000.txt;0.254929
ordenados;o2000000.txt;0.24871
ordenados;o2000000.txt;0.181162
ordenados;o2000000.txt;0.141472
ordenados;o2000000.txt;0.138245
ordenados;o2000000.txt;0.136325
ordenados;o2000000.txt;0.136093
ordenados;o2000000.txt;0.136821
ordenados;o2000000.txt;0.137871
